address	pointer	mode_at_start	coverage_end_exclusive	function_end_exclusive	boundary_evidence	descriptor	extab_address	section	index	table_address	file_offset	word0	word1
0x00010100	0x00010100	arm	0x00010290		EHABI_unwind_range_start_not_function_extent	cantunwind		.ARM.exidx	0	0x005c7d8c	5995916	0x7fa48374	0x00000001
0x00010290	0x00010290	arm	0x00010298		EHABI_unwind_range_start_not_function_extent	compact_inline		.ARM.exidx	1	0x005c7d94	5995924	0x7fa484fc	0x80b0b0b0
0x00010298	0x00010298	arm	0x00010324		EHABI_unwind_range_start_not_function_extent	extab_pointer	0x005c5b84	.ARM.exidx	2	0x005c7d9c	5995932	0x7fa484fc	0x7fffdde4
0x00010324	0x00010324	arm	0x00010390		EHABI_unwind_range_start_not_function_extent	extab_pointer	0x005c5b90	.ARM.exidx	3	0x005c7da4	5995940	0x7fa48580	0x7fffdde8
0x00010390	0x00010390	arm	0x000104a0		EHABI_unwind_range_start_not_function_extent	compact_inline		.ARM.exidx	4	0x005c7dac	5995948	0x7fa485e4	0x809b46af
0x000104a0	0x000104a0	arm	0x00010548		EHABI_unwind_range_start_not_function_extent	extab_pointer	0x005c5b9c	.ARM.exidx	5	0x005c7db4	5995956	0x7fa486ec	0x7fffdde4
0x00010548	0x00010548	arm	0x0001068c		EHABI_unwind_range_start_not_function_extent	extab_pointer	0x005c5ba8	.ARM.exidx	6	0x005c7dbc	5995964	0x7fa4878c	0x7fffdde8
0x0001068c	0x0001068c	arm	0x000107b0		EHABI_unwind_range_start_not_function_extent	extab_pointer	0x005c5bb4	.ARM.exidx	7	0x005c7dc4	5995972	0x7fa488c8	0x7fffddec
0x000107b0	0x000107b0	arm	0x0001099c		EHABI_unwind_range_start_not_function_extent	extab_pointer	0x005c5bc0	.ARM.exidx	8	0x005c7dcc	5995980	0x7fa489e4	0x7fffddf0
0x0001099c	0x0001099c	arm	0x00010c1c		EHABI_unwind_range_start_not_function_extent	compact_inline		.ARM.exidx	9	0x005c7dd4	5995988	0x7fa48bc8	0x809b46af
0x00010c1c	0x00010c1c	arm	0x00010e18		EHABI_unwind_range_start_not_function_extent	extab_pointer	0x005c5bcc	.ARM.exidx	10	0x005c7ddc	5995996	0x7fa48e40	0x7fffddec
0x00010e18	0x00010e18	arm	0x00010e58		EHABI_unwind_range_start_not_function_extent	extab_pointer	0x005c5bd8	.ARM.exidx	11	0x005c7de4	5996004	0x7fa49034	0x7fffddf0
0x00010e58	0x00010e58	arm	0x00010f4c		EHABI_unwind_range_start_not_function_extent	extab_pointer	0x005c5be4	.ARM.exidx	12	0x005c7dec	5996012	0x7fa4906c	0x7fffddf4
0x00010f4c	0x00010f4c	arm	0x0001100c		EHABI_unwind_range_start_not_function_extent	extab_pointer	0x005c5bf0	.ARM.exidx	13	0x005c7df4	5996020	0x7fa49158	0x7fffddf8
0x0001100c	0x0001100c	arm	0x00011218		EHABI_unwind_range_start_not_function_extent	compact_inline		.ARM.exidx	14	0x005c7dfc	5996028	0x7fa49210	0x809b46af
0x00011218	0x00011218	arm	0x000113fc		EHABI_unwind_range_start_not_function_extent	extab_pointer	0x005c5bfc	.ARM.exidx	15	0x005c7e04	5996036	0x7fa49414	0x7fffddf4
0x000113fc	0x000113fc	arm	0x0001167c		EHABI_unwind_range_start_not_function_extent	extab_pointer	0x005c5c08	.ARM.exidx	16	0x005c7e0c	5996044	0x7fa495f0	0x7fffddf8
0x0001167c	0x0001167c	arm	0x000117d4		EHABI_unwind_range_start_not_function_extent	compact_inline		.ARM.exidx	17	0x005c7e14	5996052	0x7fa49868	0x809b46af
0x000117d4	0x000117d4	arm	0x000118a4		EHABI_unwind_range_start_not_function_extent	extab_pointer	0x005c5c14	.ARM.exidx	18	0x005c7e1c	5996060	0x7fa499b8	0x7fffddf4
0x000118a4	0x000118a4	arm	0x000118a8		EHABI_unwind_range_start_not_function_extent	compact_inline		.ARM.exidx	19	0x005c7e24	5996068	0x7fa49a80	0x80b0b0b0
0x000118a8	0x000118a8	arm	0x00011a18		EHABI_unwind_range_start_not_function_extent	extab_pointer	0x005c5c20	.ARM.exidx	20	0x005c7e2c	5996076	0x7fa49a7c	0x7fffddf0
0x00011a18	0x00011a18	arm	0x00011a98		EHABI_unwind_range_start_not_function_extent	extab_pointer	0x005c5c2c	.ARM.exidx	21	0x005c7e34	5996084	0x7fa49be4	0x7fffddf4
0x00011a98	0x00011a98	arm	0x00011ae8		EHABI_unwind_range_start_not_function_extent	extab_pointer	0x005c5c38	.ARM.exidx	22	0x005c7e3c	5996092	0x7fa49c5c	0x7fffddf8
0x00011ae8	0x00011ae8	arm	0x00011d7c		EHABI_unwind_range_start_not_function_extent	extab_pointer	0x005c5c44	.ARM.exidx	23	0x005c7e44	5996100	0x7fa49ca4	0x7fffddfc
0x00011d7c	0x00011d7c	arm	0x00011f4c		EHABI_unwind_range_start_not_function_extent	compact_inline		.ARM.exidx	24	0x005c7e4c	5996108	0x7fa49f30	0x809b46af
0x00011f4c	0x00011f4c	arm	0x00012004		EHABI_unwind_range_start_not_function_extent	extab_pointer	0x005c5c50	.ARM.exidx	25	0x005c7e54	5996116	0x7fa4a0f8	0x7fffddf8
0x00012004	0x00012004	arm	0x00012044		EHABI_unwind_range_start_not_function_extent	extab_pointer	0x005c5c5c	.ARM.exidx	26	0x005c7e5c	5996124	0x7fa4a1a8	0x7fffddfc
0x00012044	0x00012044	arm	0x0001208c		EHABI_unwind_range_start_not_function_extent	extab_pointer	0x005c5c68	.ARM.exidx	27	0x005c7e64	5996132	0x7fa4a1e0	0x7fffde00
0x0001208c	0x0001208c	arm	0x000120d4		EHABI_unwind_range_start_not_function_extent	extab_pointer	0x005c5c74	.ARM.exidx	28	0x005c7e6c	5996140	0x7fa4a220	0x7fffde04
0x000120d4	0x000120d4	arm	0x00012118		EHABI_unwind_range_start_not_function_extent	extab_pointer	0x005c5c80	.ARM.exidx	29	0x005c7e74	5996148	0x7fa4a260	0x7fffde08
0x00012118	0x00012118	arm	0x00012220		EHABI_unwind_range_start_not_function_extent	extab_pointer	0x005c5c8c	.ARM.exidx	30	0x005c7e7c	5996156	0x7fa4a29c	0x7fffde0c
0x00012220	0x00012220	arm	0x0001222c		EHABI_unwind_range_start_not_function_extent	compact_inline		.ARM.exidx	31	0x005c7e84	5996164	0x7fa4a39c	0x80b0b0b0
0x0001222c	0x0001222c	arm	0x00012270		EHABI_unwind_range_start_not_function_extent	extab_pointer	0x005c5c98	.ARM.exidx	32	0x005c7e8c	5996172	0x7fa4a3a0	0x7fffde08
0x00012270	0x00012270	arm	0x0001227c		EHABI_unwind_range_start_not_function_extent	compact_inline		.ARM.exidx	33	0x005c7e94	5996180	0x7fa4a3dc	0x80b0b0b0
0x0001227c	0x0001227c	arm	0x0001243c		EHABI_unwind_range_start_not_function_extent	extab_pointer	0x005c5ca4	.ARM.exidx	34	0x005c7e9c	5996188	0x7fa4a3e0	0x7fffde04
0x0001243c	0x0001243c	arm	0x00013608		EHABI_unwind_range_start_not_function_extent	compact_inline		.ARM.exidx	35	0x005c7ea4	5996196	0x7fa4a598	0x809b46af
0x00013608	0x00013608	arm	0x00013990		EHABI_unwind_range_start_not_function_extent	extab_pointer	0x005c5cb0	.ARM.exidx	36	0x005c7eac	5996204	0x7fa4b75c	0x7fffde00
0x00013990	0x00013990	arm	0x00013af8		EHABI_unwind_range_start_not_function_extent	compact_inline		.ARM.exidx	37	0x005c7eb4	5996212	0x7fa4badc	0x809b46af
0x00013af8	0x00013af8	arm	0x00014588		EHABI_unwind_range_start_not_function_extent	extab_pointer	0x005c5cbc	.ARM.exidx	38	0x005c7ebc	5996220	0x7fa4bc3c	0x7fffddfc
0x00014588	0x00014588	arm	0x000145f0		EHABI_unwind_range_start_not_function_extent	compact_inline		.ARM.exidx	39	0x005c7ec4	5996228	0x7fa4c6c4	0x80b0b0b0
0x000145f0	0x000145f0	arm	0x00014b00		EHABI_unwind_range_start_not_function_extent	compact_inline		.ARM.exidx	40	0x005c7ecc	5996236	0x7fa4c724	0x809b46af
0x00014b00	0x00014b00	arm	0x00019660		EHABI_unwind_range_start_not_function_extent	extab_pointer	0x005c5cc8	.ARM.exidx	41	0x005c7ed4	5996244	0x7fa4cc2c	0x7fffddf0
0x00019660	0x00019660	arm	0x000196c8		EHABI_unwind_range_start_not_function_extent	extab_pointer	0x005c5cd4	.ARM.exidx	42	0x005c7edc	5996252	0x7fa51784	0x7fffddf4
0x000196c8	0x000196c8	arm	0x0001972c		EHABI_unwind_range_start_not_function_extent	extab_pointer	0x005c5ce0	.ARM.exidx	43	0x005c7ee4	5996260	0x7fa517e4	0x7fffddf8
0x0001972c	0x0001972c	arm	0x00019a34		EHABI_unwind_range_start_not_function_extent	extab_pointer	0x005c5cec	.ARM.exidx	44	0x005c7eec	5996268	0x7fa51840	0x7fffddfc
0x00019a34	0x00019a34	arm	0x0001ec00		EHABI_unwind_range_start_not_function_extent	compact_inline		.ARM.exidx	45	0x005c7ef4	5996276	0x7fa51b40	0x809b46af
0x0001ec00	0x0001ec00	arm	0x0001ed58		EHABI_unwind_range_start_not_function_extent	extab_pointer	0x005c5cf8	.ARM.exidx	46	0x005c7efc	5996284	0x7fa56d04	0x7fffddf8
0x0001ed58	0x0001ed58	arm	0x0001ee18		EHABI_unwind_range_start_not_function_extent	extab_pointer	0x005c5d04	.ARM.exidx	47	0x005c7f04	5996292	0x7fa56e54	0x7fffddfc
0x0001ee18	0x0001ee18	arm	0x0001f0f4		EHABI_unwind_range_start_not_function_extent	extab_pointer	0x005c5d10	.ARM.exidx	48	0x005c7f0c	5996300	0x7fa56f0c	0x7fffde00
0x0001f0f4	0x0001f0f4	arm	0x0001f144		EHABI_unwind_range_start_not_function_extent	extab_pointer	0x005c5d1c	.ARM.exidx	49	0x005c7f14	5996308	0x7fa571e0	0x7fffde04
0x0001f144	0x0001f144	arm	0x0001f1d0		EHABI_unwind_range_start_not_function_extent	extab_pointer	0x005c5d28	.ARM.exidx	50	0x005c7f1c	5996316	0x7fa57228	0x7fffde08
0x0001f1d0	0x0001f1d0	arm	0x0001f288		EHABI_unwind_range_start_not_function_extent	extab_pointer	0x005c5d34	.ARM.exidx	51	0x005c7f24	5996324	0x7fa572ac	0x7fffde0c
0x0001f288	0x0001f288	arm	0x0001f5bc		EHABI_unwind_range_start_not_function_extent	compact_inline		.ARM.exidx	52	0x005c7f2c	5996332	0x7fa5735c	0x809b46af
0x0001f5bc	0x0001f5bc	arm	0x0001f658		EHABI_unwind_range_start_not_function_extent	extab_pointer	0x005c5d40	.ARM.exidx	53	0x005c7f34	5996340	0x7fa57688	0x7fffde08
0x0001f658	0x0001f658	arm	0x0001f6c8		EHABI_unwind_range_start_not_function_extent	extab_pointer	0x005c5d4c	.ARM.exidx	54	0x005c7f3c	5996348	0x7fa5771c	0x7fffde0c
0x0001f6c8	0x0001f6c8	arm	0x0001fb68		EHABI_unwind_range_start_not_function_extent	compact_inline		.ARM.exidx	55	0x005c7f44	5996356	0x7fa57784	0x809b46af
0x0001fb68	0x0001fb68	arm	0x0001fbbc		EHABI_unwind_range_start_not_function_extent	extab_pointer	0x005c5d58	.ARM.exidx	56	0x005c7f4c	5996364	0x7fa57c1c	0x7fffde08
0x0001fbbc	0x0001fbbc	arm	0x0001fc04		EHABI_unwind_range_start_not_function_extent	extab_pointer	0x005c5d64	.ARM.exidx	57	0x005c7f54	5996372	0x7fa57c68	0x7fffde0c
0x0001fc04	0x0001fc04	arm	0x000235c0		EHABI_unwind_range_start_not_function_extent	compact_inline		.ARM.exidx	58	0x005c7f5c	5996380	0x7fa57ca8	0x808480b0
0x000235c0	0x000235c0	arm	0x000239a0		EHABI_unwind_range_start_not_function_extent	compact_inline		.ARM.exidx	59	0x005c7f64	5996388	0x7fa5b65c	0x809b46af
0x000239a0	0x000239a0	arm	0x00023a4c		EHABI_unwind_range_start_not_function_extent	extab_pointer	0x005c5d70	.ARM.exidx	60	0x005c7f6c	5996396	0x7fa5ba34	0x7fffde00
0x00023a4c	0x00023a4c	arm	0x00023bfc		EHABI_unwind_range_start_not_function_extent	extab_pointer	0x005c5d7c	.ARM.exidx	61	0x005c7f74	5996404	0x7fa5bad8	0x7fffde04
0x00023bfc	0x00023bfc	arm	0x00023d64		EHABI_unwind_range_start_not_function_extent	extab_pointer	0x005c5d88	.ARM.exidx	62	0x005c7f7c	5996412	0x7fa5bc80	0x7fffde08
0x00023d64	0x00023d64	arm	0x0002422c		EHABI_unwind_range_start_not_function_extent	compact_inline		.ARM.exidx	63	0x005c7f84	5996420	0x7fa5bde0	0x809b46af
0x0002422c	0x0002422c	arm	0x00024470		EHABI_unwind_range_start_not_function_extent	extab_pointer	0x005c5d94	.ARM.exidx	64	0x005c7f8c	5996428	0x7fa5c2a0	0x7fffde04
0x00024470	0x00024470	arm	0x00024574		EHABI_unwind_range_start_not_function_extent	extab_pointer	0x005c5da0	.ARM.exidx	65	0x005c7f94	5996436	0x7fa5c4dc	0x7fffde08
0x00024574	0x00024574	arm	0x0002481c		EHABI_unwind_range_start_not_function_extent	compact_inline		.ARM.exidx	66	0x005c7f9c	5996444	0x7fa5c5d8	0x809b46af
0x0002481c	0x0002481c	arm	0x000249b4		EHABI_unwind_range_start_not_function_extent	extab_pointer	0x005c5dac	.ARM.exidx	67	0x005c7fa4	5996452	0x7fa5c878	0x7fffde04
0x000249b4	0x000249b4	arm	0x00024fe4		EHABI_unwind_range_start_not_function_extent	compact_inline		.ARM.exidx	68	0x005c7fac	5996460	0x7fa5ca08	0x809b46af
0x00024fe4	0x00024fe4	arm	0x000251dc		EHABI_unwind_range_start_not_function_extent	extab_pointer	0x005c5db8	.ARM.exidx	69	0x005c7fb4	5996468	0x7fa5d030	0x7fffde00
0x000251dc	0x000251dc	arm	0x000254a4		EHABI_unwind_range_start_not_function_extent	extab_pointer	0x005c5dc4	.ARM.exidx	70	0x005c7fbc	5996476	0x7fa5d220	0x7fffde04
0x000254a4	0x000254a4	arm	0x000254f8		EHABI_unwind_range_start_not_function_extent	compact_inline		.ARM.exidx	71	0x005c7fc4	5996484	0x7fa5d4e0	0x80b0b0b0
0x000254f8	0x000254f8	arm	0x00025a80		EHABI_unwind_range_start_not_function_extent	extab_pointer	0x005c5dd0	.ARM.exidx	72	0x005c7fcc	5996492	0x7fa5d52c	0x7fffde00
0x00025a80	0x00025a80	arm	0x00025ac0		EHABI_unwind_range_start_not_function_extent	compact_inline		.ARM.exidx	73	0x005c7fd4	5996500	0x7fa5daac	0x809b8480
0x00025ac0	0x00025ac0	arm	0x00025b88		EHABI_unwind_range_start_not_function_extent	extab_pointer	0x005c5ddc	.ARM.exidx	74	0x005c7fdc	5996508	0x7fa5dae4	0x7fffddfc
0x00025b88	0x00025b88	arm	0x00025c98		EHABI_unwind_range_start_not_function_extent	extab_pointer	0x005c5de8	.ARM.exidx	75	0x005c7fe4	5996516	0x7fa5dba4	0x7fffde00
0x00025c98	0x00025c98	arm	0x00025fb8		EHABI_unwind_range_start_not_function_extent	extab_pointer	0x005c5df4	.ARM.exidx	76	0x005c7fec	5996524	0x7fa5dcac	0x7fffde04
0x00025fb8	0x00025fb8	arm	0x000265d8		EHABI_unwind_range_start_not_function_extent	extab_pointer	0x005c5e00	.ARM.exidx	77	0x005c7ff4	5996532	0x7fa5dfc4	0x7fffde08
0x000265d8	0x000265d8	arm	0x00026f18		EHABI_unwind_range_start_not_function_extent	compact_inline		.ARM.exidx	78	0x005c7ffc	5996540	0x7fa5e5dc	0x808480b0
0x00026f18	0x00026f18	arm	0x00026f54		EHABI_unwind_range_start_not_function_extent	extab_pointer	0x005c5e0c	.ARM.exidx	79	0x005c8004	5996548	0x7fa5ef14	0x7fffde04
0x00026f54	0x00026f54	arm	0x00026fe8		EHABI_unwind_range_start_not_function_extent	extab_pointer	0x005c5e18	.ARM.exidx	80	0x005c800c	5996556	0x7fa5ef48	0x7fffde08
0x00026fe8	0x00026fe8	arm	0x000287a4		EHABI_unwind_range_start_not_function_extent	extab_pointer	0x005c5e24	.ARM.exidx	81	0x005c8014	5996564	0x7fa5efd4	0x7fffde0c
0x000287a4	0x000287a4	arm	0x000288a8		EHABI_unwind_range_start_not_function_extent	extab_pointer	0x005c5e30	.ARM.exidx	82	0x005c801c	5996572	0x7fa60788	0x7fffde10
0x000288a8	0x000288a8	arm	0x000289b4		EHABI_unwind_range_start_not_function_extent	compact_inline		.ARM.exidx	83	0x005c8024	5996580	0x7fa60884	0x809b46af
0x000289b4	0x000289b4	arm	0x00029080		EHABI_unwind_range_start_not_function_extent	compact_inline		.ARM.exidx	84	0x005c802c	5996588	0x7fa60988	0x808480b0
0x00029080	0x00029080	arm	0x00029238		EHABI_unwind_range_start_not_function_extent	extab_pointer	0x005c5e3c	.ARM.exidx	85	0x005c8034	5996596	0x7fa6104c	0x7fffde04
0x00029238	0x00029238	arm	0x00029498		EHABI_unwind_range_start_not_function_extent	extab_pointer	0x005c5e48	.ARM.exidx	86	0x005c803c	5996604	0x7fa611fc	0x7fffde08
0x00029498	0x00029498	arm	0x00029ebc		EHABI_unwind_range_start_not_function_extent	compact_inline		.ARM.exidx	87	0x005c8044	5996612	0x7fa61454	0x809b46af
0x00029ebc	0x00029ebc	arm	0x00029f40		EHABI_unwind_range_start_not_function_extent	extab_pointer	0x005c5e54	.ARM.exidx	88	0x005c804c	5996620	0x7fa61e70	0x7fffde04
0x00029f40	0x00029f40	arm	0x0002a10c		EHABI_unwind_range_start_not_function_extent	extab_pointer	0x005c5e60	.ARM.exidx	89	0x005c8054	5996628	0x7fa61eec	0x7fffde08
0x0002a10c	0x0002a10c	arm	0x0002a1bc		EHABI_unwind_range_start_not_function_extent	extab_pointer	0x005c5e6c	.ARM.exidx	90	0x005c805c	5996636	0x7fa620b0	0x7fffde0c
0x0002a1bc	0x0002a1bc	arm	0x0002a330		EHABI_unwind_range_start_not_function_extent	extab_pointer	0x005c5e78	.ARM.exidx	91	0x005c8064	5996644	0x7fa62158	0x7fffde10
0x0002a330	0x0002a330	arm	0x0002a4b8		EHABI_unwind_range_start_not_function_extent	extab_pointer	0x005c5e84	.ARM.exidx	92	0x005c806c	5996652	0x7fa622c4	0x7fffde14
0x0002a4b8	0x0002a4b8	arm	0x0002a560		EHABI_unwind_range_start_not_function_extent	extab_pointer	0x005c5e90	.ARM.exidx	93	0x005c8074	5996660	0x7fa62444	0x7fffde18
0x0002a560	0x0002a560	arm	0x0002a5f8		EHABI_unwind_range_start_not_function_extent	compact_inline		.ARM.exidx	94	0x005c807c	5996668	0x7fa624e4	0x809b8480
0x0002a5f8	0x0002a5f8	arm	0x0002a964		EHABI_unwind_range_start_not_function_extent	compact_inline		.ARM.exidx	95	0x005c8084	5996676	0x7fa62574	0x809b46af
0x0002a964	0x0002a964	arm	0x0002aa04		EHABI_unwind_range_start_not_function_extent	extab_pointer	0x005c5e9c	.ARM.exidx	96	0x005c808c	5996684	0x7fa628d8	0x7fffde0c
0x0002aa04	0x0002aa04	arm	0x0002aa30		EHABI_unwind_range_start_not_function_extent	extab_pointer	0x005c5ea8	.ARM.exidx	97	0x005c8094	5996692	0x7fa62970	0x7fffde10
0x0002aa30	0x0002aa30	arm	0x0002b21c		EHABI_unwind_range_start_not_function_extent	compact_inline		.ARM.exidx	98	0x005c809c	5996700	0x7fa62994	0x809b46af
0x0002b21c	0x0002b21c	arm	0x0002b3e0		EHABI_unwind_range_start_not_function_extent	extab_pointer	0x005c5eb4	.ARM.exidx	99	0x005c80a4	5996708	0x7fa63178	0x7fffde0c
0x0002b3e0	0x0002b3e0	arm	0x0002b688		EHABI_unwind_range_start_not_function_extent	extab_pointer	0x005c5ec0	.ARM.exidx	100	0x005c80ac	5996716	0x7fa63334	0x7fffde10
0x0002b688	0x0002b688	arm	0x0002c1a8		EHABI_unwind_range_start_not_function_extent	extab_pointer	0x005c5ecc	.ARM.exidx	101	0x005c80b4	5996724	0x7fa635d4	0x7fffde14
0x0002c1a8	0x0002c1a8	arm	0x0002c31c		EHABI_unwind_range_start_not_function_extent	extab_pointer	0x005c5ed8	.ARM.exidx	102	0x005c80bc	5996732	0x7fa640ec	0x7fffde18
0x0002c31c	0x0002c31c	arm	0x0002ce60		EHABI_unwind_range_start_not_function_extent	compact_inline		.ARM.exidx	103	0x005c80c4	5996740	0x7fa64258	0x809b46af
0x0002ce60	0x0002ce60	arm	0x0002ce84		EHABI_unwind_range_start_not_function_extent	compact_inline		.ARM.exidx	104	0x005c80cc	5996748	0x7fa64d94	0x809b8480
0x0002ce84	0x0002ce84	arm	0x0002d138		EHABI_unwind_range_start_not_function_extent	extab_pointer	0x005c5ee4	.ARM.exidx	105	0x005c80d4	5996756	0x7fa64db0	0x7fffde0c
0x0002d138	0x0002d138	arm	0x0002d3e0		EHABI_unwind_range_start_not_function_extent	extab_pointer	0x005c5ef0	.ARM.exidx	106	0x005c80dc	5996764	0x7fa6505c	0x7fffde10
0x0002d3e0	0x0002d3e0	arm	0x0002d994		EHABI_unwind_range_start_not_function_extent	extab_pointer	0x005c5efc	.ARM.exidx	107	0x005c80e4	5996772	0x7fa652fc	0x7fffde14
0x0002d994	0x0002d994	arm	0x0002e1f0		EHABI_unwind_range_start_not_function_extent	compact_inline		.ARM.exidx	108	0x005c80ec	5996780	0x7fa658a8	0x809b46af
0x0002e1f0	0x0002e1f0	arm	0x0002e894		EHABI_unwind_range_start_not_function_extent	extab_pointer	0x005c5f08	.ARM.exidx	109	0x005c80f4	5996788	0x7fa660fc	0x7fffde10
0x0002e894	0x0002e894	arm	0x0002e9d8		EHABI_unwind_range_start_not_function_extent	compact_inline		.ARM.exidx	110	0x005c80fc	5996796	0x7fa66798	0x809b46af
0x0002e9d8	0x0002e9d8	arm	0x0002ec60		EHABI_unwind_range_start_not_function_extent	extab_pointer	0x005c5f14	.ARM.exidx	111	0x005c8104	5996804	0x7fa668d4	0x7fffde0c
0x0002ec60	0x0002ec60	arm	0x0002ee04		EHABI_unwind_range_start_not_function_extent	extab_pointer	0x005c5f20	.ARM.exidx	112	0x005c810c	5996812	0x7fa66b54	0x7fffde10
0x0002ee04	0x0002ee04	arm	0x0002f054		EHABI_unwind_range_start_not_function_extent	compact_inline		.ARM.exidx	113	0x005c8114	5996820	0x7fa66cf0	0x809b46af
0x0002f054	0x0002f054	arm	0x0002f130		EHABI_unwind_range_start_not_function_extent	extab_pointer	0x005c5f2c	.ARM.exidx	114	0x005c811c	5996828	0x7fa66f38	0x7fffde0c
0x0002f130	0x0002f130	arm	0x0002f194		EHABI_unwind_range_start_not_function_extent	compact_inline		.ARM.exidx	115	0x005c8124	5996836	0x7fa6700c	0x809b8480
0x0002f194	0x0002f194	arm	0x0002f5b4		EHABI_unwind_range_start_not_function_extent	compact_inline		.ARM.exidx	116	0x005c812c	5996844	0x7fa67068	0x809b46af
0x0002f5b4	0x0002f5b4	arm	0x0002f6ec		EHABI_unwind_range_start_not_function_extent	extab_pointer	0x005c5f38	.ARM.exidx	117	0x005c8134	5996852	0x7fa67480	0x7fffde00
0x0002f6ec	0x0002f6ec	arm	0x0002fe60		EHABI_unwind_range_start_not_function_extent	compact_inline		.ARM.exidx	118	0x005c813c	5996860	0x7fa675b0	0x809b46af
0x0002fe60	0x0002fe60	arm	0x000300ac		EHABI_unwind_range_start_not_function_extent	extab_pointer	0x005c5f44	.ARM.exidx	119	0x005c8144	5996868	0x7fa67d1c	0x7fffddfc
0x000300ac	0x000300ac	arm	0x00030550		EHABI_unwind_range_start_not_function_extent	compact_inline		.ARM.exidx	120	0x005c814c	5996876	0x7fa67f60	0x809b46af
0x00030550	0x00030550	arm	0x00031314		EHABI_unwind_range_start_not_function_extent	extab_pointer	0x005c5f50	.ARM.exidx	121	0x005c8154	5996884	0x7fa683fc	0x7fffddf8
0x00031314	0x00031314	arm	0x00032040		EHABI_unwind_range_start_not_function_extent	compact_inline		.ARM.exidx	122	0x005c815c	5996892	0x7fa691b8	0x809b46af
0x00032040	0x00032040	arm	0x00032528		EHABI_unwind_range_start_not_function_extent	extab_pointer	0x005c5f5c	.ARM.exidx	123	0x005c8164	5996900	0x7fa69edc	0x7fffddf4
0x00032528	0x00032528	arm	0x00032610		EHABI_unwind_range_start_not_function_extent	extab_pointer	0x005c5f68	.ARM.exidx	124	0x005c816c	5996908	0x7fa6a3bc	0x7fffddf8
0x00032610	0x00032610	arm	0x00032e58		EHABI_unwind_range_start_not_function_extent	extab_pointer	0x005c5f74	.ARM.exidx	125	0x005c8174	5996916	0x7fa6a49c	0x7fffddfc
0x00032e58	0x00032e58	arm	0x00032f60		EHABI_unwind_range_start_not_function_extent	extab_pointer	0x005c5f80	.ARM.exidx	126	0x005c817c	5996924	0x7fa6acdc	0x7fffde00
0x00032f60	0x00032f60	arm	0x00033624		EHABI_unwind_range_start_not_function_extent	extab_pointer	0x005c5f8c	.ARM.exidx	127	0x005c8184	5996932	0x7fa6addc	0x7fffde04
0x00033624	0x00033624	arm	0x00033bc8		EHABI_unwind_range_start_not_function_extent	compact_inline		.ARM.exidx	128	0x005c818c	5996940	0x7fa6b498	0x809b46af
0x00033bc8	0x00033bc8	arm	0x0003483c		EHABI_unwind_range_start_not_function_extent	extab_pointer	0x005c5f98	.ARM.exidx	129	0x005c8194	5996948	0x7fa6ba34	0x7fffde00
0x0003483c	0x0003483c	arm	0x00034920		EHABI_unwind_range_start_not_function_extent	extab_pointer	0x005c5fa4	.ARM.exidx	130	0x005c819c	5996956	0x7fa6c6a0	0x7fffde04
0x00034920	0x00034920	arm	0x00034ba8		EHABI_unwind_range_start_not_function_extent	extab_pointer	0x005c5fb0	.ARM.exidx	131	0x005c81a4	5996964	0x7fa6c77c	0x7fffde08
0x00034ba8	0x00034ba8	arm	0x00034d54		EHABI_unwind_range_start_not_function_extent	extab_pointer	0x005c5fbc	.ARM.exidx	132	0x005c81ac	5996972	0x7fa6c9fc	0x7fffde0c
0x00034d54	0x00034d54	arm	0x00034dd8		EHABI_unwind_range_start_not_function_extent	extab_pointer	0x005c5fc8	.ARM.exidx	133	0x005c81b4	5996980	0x7fa6cba0	0x7fffde10
0x00034dd8	0x00034dd8	arm	0x00034ddc		EHABI_unwind_range_start_not_function_extent	compact_inline		.ARM.exidx	134	0x005c81bc	5996988	0x7fa6cc1c	0x80b0b0b0
0x00034ddc	0x00034ddc	arm	0x0003525c		EHABI_unwind_range_start_not_function_extent	extab_pointer	0x005c5fd4	.ARM.exidx	135	0x005c81c4	5996996	0x7fa6cc18	0x7fffde0c
0x0003525c	0x0003525c	arm	0x00035398		EHABI_unwind_range_start_not_function_extent	compact_inline		.ARM.exidx	136	0x005c81cc	5997004	0x7fa6d090	0x80b0b0b0
0x00035398	0x00035398	arm	0x000355ac		EHABI_unwind_range_start_not_function_extent	compact_inline		.ARM.exidx	137	0x005c81d4	5997012	0x7fa6d1c4	0x809b46af
0x000355ac	0x000355ac	arm	0x00035830		EHABI_unwind_range_start_not_function_extent	extab_pointer	0x005c5fe0	.ARM.exidx	138	0x005c81dc	5997020	0x7fa6d3d0	0x7fffde00
0x00035830	0x00035830	arm	0x00036990		EHABI_unwind_range_start_not_function_extent	compact_inline		.ARM.exidx	139	0x005c81e4	5997028	0x7fa6d64c	0x809b46af
0x00036990	0x00036990	arm	0x00036ac8		EHABI_unwind_range_start_not_function_extent	extab_pointer	0x005c5fec	.ARM.exidx	140	0x005c81ec	5997036	0x7fa6e7a4	0x7fffddfc
0x00036ac8	0x00036ac8	arm	0x000371c8		EHABI_unwind_range_start_not_function_extent	compact_inline		.ARM.exidx	141	0x005c81f4	5997044	0x7fa6e8d4	0x809b46af
0x000371c8	0x000371c8	arm	0x0003720c		EHABI_unwind_range_start_not_function_extent	extab_pointer	0x005c5ff8	.ARM.exidx	142	0x005c81fc	5997052	0x7fa6efcc	0x7fffddf8
0x0003720c	0x0003720c	arm	0x0003abf4		EHABI_unwind_range_start_not_function_extent	compact_inline		.ARM.exidx	143	0x005c8204	5997060	0x7fa6f008	0x809b46af
0x0003abf4	0x0003abf4	arm	0x0003ae18		EHABI_unwind_range_start_not_function_extent	extab_pointer	0x005c6004	.ARM.exidx	144	0x005c820c	5997068	0x7fa729e8	0x7fffddf4
0x0003ae18	0x0003ae18	arm	0x0003bcb0		EHABI_unwind_range_start_not_function_extent	extab_pointer	0x005c6010	.ARM.exidx	145	0x005c8214	5997076	0x7fa72c04	0x7fffddf8
0x0003bcb0	0x0003bcb0	arm	0x0003c2f8		EHABI_unwind_range_start_not_function_extent	compact_inline		.ARM.exidx	146	0x005c821c	5997084	0x7fa73a94	0x809b46af
0x0003c2f8	0x0003c2f8	arm	0x0003c818		EHABI_unwind_range_start_not_function_extent	extab_pointer	0x005c601c	.ARM.exidx	147	0x005c8224	5997092	0x7fa740d4	0x7fffddf4
0x0003c818	0x0003c818	arm	0x0003ed00		EHABI_unwind_range_start_not_function_extent	extab_pointer	0x005c6028	.ARM.exidx	148	0x005c822c	5997100	0x7fa745ec	0x7fffddf8
0x0003ed00	0x0003ed00	arm	0x00042ac4		EHABI_unwind_range_start_not_function_extent	extab_pointer	0x005c6034	.ARM.exidx	149	0x005c8234	5997108	0x7fa76acc	0x7fffddfc
0x00042ac4	0x00042ac4	arm	0x000454c8		EHABI_unwind_range_start_not_function_extent	extab_pointer	0x005c6040	.ARM.exidx	150	0x005c823c	5997116	0x7fa7a888	0x7fffde00
0x000454c8	0x000454c8	arm	0x00046540		EHABI_unwind_range_start_not_function_extent	compact_inline		.ARM.exidx	151	0x005c8244	5997124	0x7fa7d284	0x809b46af
0x00046540	0x00046540	arm	0x00049b38		EHABI_unwind_range_start_not_function_extent	compact_inline		.ARM.exidx	152	0x005c824c	5997132	0x7fa7e2f4	0x808480b0
0x00049b38	0x00049b38	arm	0x00049bd8		EHABI_unwind_range_start_not_function_extent	extab_pointer	0x005c604c	.ARM.exidx	153	0x005c8254	5997140	0x7fa818e4	0x7fffddf4
0x00049bd8	0x00049bd8	arm	0x00049c98		EHABI_unwind_range_start_not_function_extent	extab_pointer	0x005c6058	.ARM.exidx	154	0x005c825c	5997148	0x7fa8197c	0x7fffddf8
0x00049c98	0x00049c98	arm	0x00049e94		EHABI_unwind_range_start_not_function_extent	extab_pointer	0x005c6064	.ARM.exidx	155	0x005c8264	5997156	0x7fa81a34	0x7fffddfc
0x00049e94	0x00049e94	arm	0x00049fa8		EHABI_unwind_range_start_not_function_extent	extab_pointer	0x005c6070	.ARM.exidx	156	0x005c826c	5997164	0x7fa81c28	0x7fffde00
0x00049fa8	0x00049fa8	arm	0x0004a034		EHABI_unwind_range_start_not_function_extent	extab_pointer	0x005c607c	.ARM.exidx	157	0x005c8274	5997172	0x7fa81d34	0x7fffde04
0x0004a034	0x0004a034	arm	0x0004ad20		EHABI_unwind_range_start_not_function_extent	compact_inline		.ARM.exidx	158	0x005c827c	5997180	0x7fa81db8	0x808480b0
0x0004ad20	0x0004ad20	arm	0x0004ad58		EHABI_unwind_range_start_not_function_extent	extab_pointer	0x005c6088	.ARM.exidx	159	0x005c8284	5997188	0x7fa82a9c	0x7fffde00
0x0004ad58	0x0004ad58	arm	0x0004ad94		EHABI_unwind_range_start_not_function_extent	extab_pointer	0x005c6094	.ARM.exidx	160	0x005c828c	5997196	0x7fa82acc	0x7fffde04
0x0004ad94	0x0004ad94	arm	0x0004b018		EHABI_unwind_range_start_not_function_extent	compact_inline		.ARM.exidx	161	0x005c8294	5997204	0x7fa82b00	0x809b46af
0x0004b018	0x0004b018	arm	0x0004b79c		EHABI_unwind_range_start_not_function_extent	extab_pointer	0x005c60a0	.ARM.exidx	162	0x005c829c	5997212	0x7fa82d7c	0x7fffde00
0x0004b79c	0x0004b79c	arm	0x0004bb5c		EHABI_unwind_range_start_not_function_extent	compact_inline		.ARM.exidx	163	0x005c82a4	5997220	0x7fa834f8	0x809b46af
0x0004bb5c	0x0004bb5c	arm	0x0004bc00		EHABI_unwind_range_start_not_function_extent	extab_pointer	0x005c60ac	.ARM.exidx	164	0x005c82ac	5997228	0x7fa838b0	0x7fffddfc
0x0004bc00	0x0004bc00	arm	0x0004caf4		EHABI_unwind_range_start_not_function_extent	extab_pointer	0x005c60b8	.ARM.exidx	165	0x005c82b4	5997236	0x7fa8394c	0x7fffde00
0x0004caf4	0x0004caf4	arm	0x0004cda0		EHABI_unwind_range_start_not_function_extent	extab_pointer	0x005c60c4	.ARM.exidx	166	0x005c82bc	5997244	0x7fa84838	0x7fffde04
0x0004cda0	0x0004cda0	arm	0x0004ce9c		EHABI_unwind_range_start_not_function_extent	extab_pointer	0x005c60d0	.ARM.exidx	167	0x005c82c4	5997252	0x7fa84adc	0x7fffde08
0x0004ce9c	0x0004ce9c	arm	0x0004d480		EHABI_unwind_range_start_not_function_extent	compact_inline		.ARM.exidx	168	0x005c82cc	5997260	0x7fa84bd0	0x808480b0
0x0004d480	0x0004d480	arm	0x0004d590		EHABI_unwind_range_start_not_function_extent	extab_pointer	0x005c60dc	.ARM.exidx	169	0x005c82d4	5997268	0x7fa851ac	0x7fffde04
0x0004d590	0x0004d590	arm	0x0004d618		EHABI_unwind_range_start_not_function_extent	extab_pointer	0x005c60e8	.ARM.exidx	170	0x005c82dc	5997276	0x7fa852b4	0x7fffde08
0x0004d618	0x0004d618	arm	0x0004dc48		EHABI_unwind_range_start_not_function_extent	compact_inline		.ARM.exidx	171	0x005c82e4	5997284	0x7fa85334	0x809b46af
0x0004dc48	0x0004dc48	arm	0x0004dedc		EHABI_unwind_range_start_not_function_extent	extab_pointer	0x005c60f4	.ARM.exidx	172	0x005c82ec	5997292	0x7fa8595c	0x7fffde04
0x0004dedc	0x0004dedc	arm	0x0004e430		EHABI_unwind_range_start_not_function_extent	extab_pointer	0x005c6100	.ARM.exidx	173	0x005c82f4	5997300	0x7fa85be8	0x7fffde08
0x0004e430	0x0004e430	arm	0x0004e5f4		EHABI_unwind_range_start_not_function_extent	extab_pointer	0x005c610c	.ARM.exidx	174	0x005c82fc	5997308	0x7fa86134	0x7fffde0c
0x0004e5f4	0x0004e5f4	arm	0x0004f0a0		EHABI_unwind_range_start_not_function_extent	compact_inline		.ARM.exidx	175	0x005c8304	5997316	0x7fa862f0	0x809b46af
0x0004f0a0	0x0004f0a0	arm	0x0004f2d0		EHABI_unwind_range_start_not_function_extent	extab_pointer	0x005c6118	.ARM.exidx	176	0x005c830c	5997324	0x7fa86d94	0x7fffde08
0x0004f2d0	0x0004f2d0	arm	0x000504d4		EHABI_unwind_range_start_not_function_extent	compact_inline		.ARM.exidx	177	0x005c8314	5997332	0x7fa86fbc	0x809b46af
0x000504d4	0x000504d4	arm	0x00050588		EHABI_unwind_range_start_not_function_extent	extab_pointer	0x005c6124	.ARM.exidx	178	0x005c831c	5997340	0x7fa881b8	0x7fffde04
0x00050588	0x00050588	arm	0x00050630		EHABI_unwind_range_start_not_function_extent	extab_pointer	0x005c6130	.ARM.exidx	179	0x005c8324	5997348	0x7fa88264	0x7fffde08
0x00050630	0x00050630	arm	0x00051540		EHABI_unwind_range_start_not_function_extent	compact_inline		.ARM.exidx	180	0x005c832c	5997356	0x7fa88304	0x809b46af
0x00051540	0x00051540	arm	0x00051570		EHABI_unwind_range_start_not_function_extent	compact_inline		.ARM.exidx	181	0x005c8334	5997364	0x7fa8920c	0x80b0b0b0
0x00051570	0x00051570	arm	0x00051620		EHABI_unwind_range_start_not_function_extent	extab_pointer	0x005c613c	.ARM.exidx	182	0x005c833c	5997372	0x7fa89234	0x7fffddfc
0x00051620	0x00051620	arm	0x00051688		EHABI_unwind_range_start_not_function_extent	compact_inline		.ARM.exidx	183	0x005c8344	5997380	0x7fa892dc	0x809b8480
0x00051688	0x00051688	arm	0x000517a8		EHABI_unwind_range_start_not_function_extent	extab_pointer	0x005c6148	.ARM.exidx	184	0x005c834c	5997388	0x7fa8933c	0x7fffddf8
0x000517a8	0x000517a8	arm	0x00051954		EHABI_unwind_range_start_not_function_extent	extab_pointer	0x005c6154	.ARM.exidx	185	0x005c8354	5997396	0x7fa89454	0x7fffddfc
0x00051954	0x00051954	arm	0x00051d30		EHABI_unwind_range_start_not_function_extent	compact_inline		.ARM.exidx	186	0x005c835c	5997404	0x7fa895f8	0x809b46af
0x00051d30	0x00051d30	arm	0x00053d98		EHABI_unwind_range_start_not_function_extent	compact_inline		.ARM.exidx	187	0x005c8364	5997412	0x7fa899cc	0x808480b0
0x00053d98	0x00053d98	arm	0x00053da4		EHABI_unwind_range_start_not_function_extent	compact_inline		.ARM.exidx	188	0x005c836c	5997420	0x7fa8ba2c	0x80b0b0b0
0x00053da4	0x00053da4	arm	0x00053ebc		EHABI_unwind_range_start_not_function_extent	extab_pointer	0x005c6160	.ARM.exidx	189	0x005c8374	5997428	0x7fa8ba30	0x7fffdde8
0x00053ebc	0x00053ebc	arm	0x00053f04		EHABI_unwind_range_start_not_function_extent	extab_pointer	0x005c616c	.ARM.exidx	190	0x005c837c	5997436	0x7fa8bb40	0x7fffddec
0x00053f04	0x00053f04	arm	0x00053f90		EHABI_unwind_range_start_not_function_extent	extab_pointer	0x005c6178	.ARM.exidx	191	0x005c8384	5997444	0x7fa8bb80	0x7fffddf0
0x00053f90	0x00053f90	arm	0x00054160		EHABI_unwind_range_start_not_function_extent	compact_inline		.ARM.exidx	192	0x005c838c	5997452	0x7fa8bc04	0x809b46af
0x00054160	0x00054160	arm	0x00054250		EHABI_unwind_range_start_not_function_extent	extab_pointer	0x005c6184	.ARM.exidx	193	0x005c8394	5997460	0x7fa8bdcc	0x7fffddec
0x00054250	0x00054250	arm	0x00055370		EHABI_unwind_range_start_not_function_extent	compact_inline		.ARM.exidx	194	0x005c839c	5997468	0x7fa8beb4	0x809b46af
0x00055370	0x00055370	arm	0x000553f4		EHABI_unwind_range_start_not_function_extent	extab_pointer	0x005c6190	.ARM.exidx	195	0x005c83a4	5997476	0x7fa8cfcc	0x7fffdde8
0x000553f4	0x000553f4	arm	0x00055400		EHABI_unwind_range_start_not_function_extent	compact_inline		.ARM.exidx	196	0x005c83ac	5997484	0x7fa8d048	0x80b0b0b0
0x00055400	0x00055400	arm	0x00055638		EHABI_unwind_range_start_not_function_extent	compact_inline		.ARM.exidx	197	0x005c83b4	5997492	0x7fa8d04c	0x809b46af
0x00055638	0x00055638	arm	0x000556f0		EHABI_unwind_range_start_not_function_extent	extab_pointer	0x005c619c	.ARM.exidx	198	0x005c83bc	5997500	0x7fa8d27c	0x7fffdddc
0x000556f0	0x000556f0	arm	0x00055774		EHABI_unwind_range_start_not_function_extent	extab_pointer	0x005c61a8	.ARM.exidx	199	0x005c83c4	5997508	0x7fa8d32c	0x7fffdde0
0x00055774	0x00055774	arm	0x00056c4c		EHABI_unwind_range_start_not_function_extent	compact_inline		.ARM.exidx	200	0x005c83cc	5997516	0x7fa8d3a8	0x809b46af
0x00056c4c	0x00056c4c	arm	0x00056d18		EHABI_unwind_range_start_not_function_extent	extab_pointer	0x005c61b4	.ARM.exidx	201	0x005c83d4	5997524	0x7fa8e878	0x7fffdddc
0x00056d18	0x00056d18	arm	0x00056fc4		EHABI_unwind_range_start_not_function_extent	extab_pointer	0x005c61c0	.ARM.exidx	202	0x005c83dc	5997532	0x7fa8e93c	0x7fffdde0
0x00056fc4	0x00056fc4	arm	0x0005708c		EHABI_unwind_range_start_not_function_extent	compact_inline		.ARM.exidx	203	0x005c83e4	5997540	0x7fa8ebe0	0x80b0b0b0
0x0005708c	0x0005708c	arm	0x00057240		EHABI_unwind_range_start_not_function_extent	extab_pointer	0x005c61cc	.ARM.exidx	204	0x005c83ec	5997548	0x7fa8eca0	0x7fffdddc
0x00057240	0x00057240	arm	0x000575f4		EHABI_unwind_range_start_not_function_extent	compact_inline		.ARM.exidx	205	0x005c83f4	5997556	0x7fa8ee4c	0x809b46af
0x000575f4	0x000575f4	arm	0x00057858		EHABI_unwind_range_start_not_function_extent	extab_pointer	0x005c61d8	.ARM.exidx	206	0x005c83fc	5997564	0x7fa8f1f8	0x7fffddd8
0x00057858	0x00057858	arm	0x00057a10		EHABI_unwind_range_start_not_function_extent	extab_pointer	0x005c61e4	.ARM.exidx	207	0x005c8404	5997572	0x7fa8f454	0x7fffdddc
0x00057a10	0x00057a10	arm	0x00057d68		EHABI_unwind_range_start_not_function_extent	extab_pointer	0x005c61f0	.ARM.exidx	208	0x005c840c	5997580	0x7fa8f604	0x7fffdde0
0x00057d68	0x00057d68	arm	0x00058d08		EHABI_unwind_range_start_not_function_extent	compact_inline		.ARM.exidx	209	0x005c8414	5997588	0x7fa8f954	0x809b46af
0x00058d08	0x00058d08	arm	0x00058df0		EHABI_unwind_range_start_not_function_extent	extab_pointer	0x005c61fc	.ARM.exidx	210	0x005c841c	5997596	0x7fa908ec	0x7fffdddc
0x00058df0	0x00058df0	arm	0x00058e68		EHABI_unwind_range_start_not_function_extent	extab_pointer	0x005c6208	.ARM.exidx	211	0x005c8424	5997604	0x7fa909cc	0x7fffdde0
0x00058e68	0x00058e68	arm	0x00059698		EHABI_unwind_range_start_not_function_extent	compact_inline		.ARM.exidx	212	0x005c842c	5997612	0x7fa90a3c	0x809b46af
0x00059698	0x00059698	arm	0x00059810		EHABI_unwind_range_start_not_function_extent	extab_pointer	0x005c6214	.ARM.exidx	213	0x005c8434	5997620	0x7fa91264	0x7fffdddc
0x00059810	0x00059810	arm	0x0005983c		EHABI_unwind_range_start_not_function_extent	extab_pointer	0x005c6220	.ARM.exidx	214	0x005c843c	5997628	0x7fa913d4	0x7fffdde0
0x0005983c	0x0005983c	arm	0x00059cd0		EHABI_unwind_range_start_not_function_extent	compact_inline		.ARM.exidx	215	0x005c8444	5997636	0x7fa913f8	0x809b46af
0x00059cd0	0x00059cd0	arm	0x00059e48		EHABI_unwind_range_start_not_function_extent	extab_pointer	0x005c622c	.ARM.exidx	216	0x005c844c	5997644	0x7fa91884	0x7fffdddc
0x00059e48	0x00059e48	arm	0x0005a244		EHABI_unwind_range_start_not_function_extent	compact_inline		.ARM.exidx	217	0x005c8454	5997652	0x7fa919f4	0x809b46af
0x0005a244	0x0005a244	arm	0x0005a3e8		EHABI_unwind_range_start_not_function_extent	extab_pointer	0x005c6238	.ARM.exidx	218	0x005c845c	5997660	0x7fa91de8	0x7fffddd8
0x0005a3e8	0x0005a3e8	arm	0x0005a530		EHABI_unwind_range_start_not_function_extent	extab_pointer	0x005c6244	.ARM.exidx	219	0x005c8464	5997668	0x7fa91f84	0x7fffdddc
0x0005a530	0x0005a530	arm	0x0005a8d0		EHABI_unwind_range_start_not_function_extent	extab_pointer	0x005c6250	.ARM.exidx	220	0x005c846c	5997676	0x7fa920c4	0x7fffdde0
0x0005a8d0	0x0005a8d0	arm	0x0005a964		EHABI_unwind_range_start_not_function_extent	extab_pointer	0x005c625c	.ARM.exidx	221	0x005c8474	5997684	0x7fa9245c	0x7fffdde4
0x0005a964	0x0005a964	arm	0x0005a9fc		EHABI_unwind_range_start_not_function_extent	compact_inline		.ARM.exidx	222	0x005c847c	5997692	0x7fa924e8	0x809b8480
0x0005a9fc	0x0005a9fc	arm	0x0005ac80		EHABI_unwind_range_start_not_function_extent	extab_pointer	0x005c6268	.ARM.exidx	223	0x005c8484	5997700	0x7fa92578	0x7fffdde0
0x0005ac80	0x0005ac80	arm	0x0005b150		EHABI_unwind_range_start_not_function_extent	compact_inline		.ARM.exidx	224	0x005c848c	5997708	0x7fa927f4	0x809b46af
0x0005b150	0x0005b150	arm	0x0005b1dc		EHABI_unwind_range_start_not_function_extent	extab_pointer	0x005c6274	.ARM.exidx	225	0x005c8494	5997716	0x7fa92cbc	0x7fffdddc
0x0005b1dc	0x0005b1dc	arm	0x0005c4dc		EHABI_unwind_range_start_not_function_extent	compact_inline		.ARM.exidx	226	0x005c849c	5997724	0x7fa92d40	0x808480b0
0x0005c4dc	0x0005c4dc	arm	0x0005ca80		EHABI_unwind_range_start_not_function_extent	compact_inline		.ARM.exidx	227	0x005c84a4	5997732	0x7fa94038	0x809b46af
0x0005ca80	0x0005ca80	arm	0x0005cca8		EHABI_unwind_range_start_not_function_extent	compact_inline		.ARM.exidx	228	0x005c84ac	5997740	0x7fa945d4	0x808480b0
0x0005cca8	0x0005cca8	arm	0x0005ccc8		EHABI_unwind_range_start_not_function_extent	compact_inline		.ARM.exidx	229	0x005c84b4	5997748	0x7fa947f4	0x809b8480
0x0005ccc8	0x0005ccc8	arm	0x0005ccf4		EHABI_unwind_range_start_not_function_extent	compact_inline		.ARM.exidx	230	0x005c84bc	5997756	0x7fa9480c	0x80b0b0b0
0x0005ccf4	0x0005ccf4	arm	0x0005cd70		EHABI_unwind_range_start_not_function_extent	extab_pointer	0x005c6280	.ARM.exidx	231	0x005c84c4	5997764	0x7fa94830	0x7fffddb8
0x0005cd70	0x0005cd70	arm	0x0005ce44		EHABI_unwind_range_start_not_function_extent	extab_pointer	0x005c628c	.ARM.exidx	232	0x005c84cc	5997772	0x7fa948a4	0x7fffddbc
0x0005ce44	0x0005ce44	arm	0x0005cea8		EHABI_unwind_range_start_not_function_extent	compact_inline		.ARM.exidx	233	0x005c84d4	5997780	0x7fa94970	0x809b8480
0x0005cea8	0x0005cea8	arm	0x0005cf34		EHABI_unwind_range_start_not_function_extent	extab_pointer	0x005c6298	.ARM.exidx	234	0x005c84dc	5997788	0x7fa949cc	0x7fffddb8
0x0005cf34	0x0005cf34	arm	0x0005cf40		EHABI_unwind_range_start_not_function_extent	compact_inline		.ARM.exidx	235	0x005c84e4	5997796	0x7fa94a50	0x80b0b0b0
0x0005cf40	0x0005cf40	arm	0x0005cfec		EHABI_unwind_range_start_not_function_extent	extab_pointer	0x005c62a4	.ARM.exidx	236	0x005c84ec	5997804	0x7fa94a54	0x7fffddb4
0x0005cfec	0x0005cfec	arm	0x0005cff8		EHABI_unwind_range_start_not_function_extent	compact_inline		.ARM.exidx	237	0x005c84f4	5997812	0x7fa94af8	0x80b0b0b0
0x0005cff8	0x0005cff8	arm	0x0005d0c0		EHABI_unwind_range_start_not_function_extent	compact_inline		.ARM.exidx	238	0x005c84fc	5997820	0x7fa94afc	0x809b46af
0x0005d0c0	0x0005d0c0	arm	0x0005d148		EHABI_unwind_range_start_not_function_extent	extab_pointer	0x005c62b0	.ARM.exidx	239	0x005c8504	5997828	0x7fa94bbc	0x7fffdda8
0x0005d148	0x0005d148	arm	0x0005d324		EHABI_unwind_range_start_not_function_extent	compact_inline		.ARM.exidx	240	0x005c850c	5997836	0x7fa94c3c	0x809b46af
0x0005d324	0x0005d324	arm	0x0005d378		EHABI_unwind_range_start_not_function_extent	extab_pointer	0x005c62bc	.ARM.exidx	241	0x005c8514	5997844	0x7fa94e10	0x7fffdda4
0x0005d378	0x0005d378	arm	0x0005d65c		EHABI_unwind_range_start_not_function_extent	compact_inline		.ARM.exidx	242	0x005c851c	5997852	0x7fa94e5c	0x809b46af
0x0005d65c	0x0005d65c	arm	0x0005d69c		EHABI_unwind_range_start_not_function_extent	compact_inline		.ARM.exidx	243	0x005c8524	5997860	0x7fa95138	0x80b0b0b0
0x0005d69c	0x0005d69c	arm	0x0005dda8		EHABI_unwind_range_start_not_function_extent	compact_inline		.ARM.exidx	244	0x005c852c	5997868	0x7fa95170	0x809b46af
0x0005dda8	0x0005dda8	arm	0x0005de64		EHABI_unwind_range_start_not_function_extent	extab_pointer	0x005c62c8	.ARM.exidx	245	0x005c8534	5997876	0x7fa95874	0x7fffdd90
0x0005de64	0x0005de64	arm	0x0005e084		EHABI_unwind_range_start_not_function_extent	extab_pointer	0x005c62d4	.ARM.exidx	246	0x005c853c	5997884	0x7fa95928	0x7fffdd94
0x0005e084	0x0005e084	arm	0x0005e188		EHABI_unwind_range_start_not_function_extent	extab_pointer	0x005c62e0	.ARM.exidx	247	0x005c8544	5997892	0x7fa95b40	0x7fffdd98
0x0005e188	0x0005e188	arm	0x0005e524		EHABI_unwind_range_start_not_function_extent	compact_inline		.ARM.exidx	248	0x005c854c	5997900	0x7fa95c3c	0x809b46af
0x0005e524	0x0005e524	arm	0x0005e53c		EHABI_unwind_range_start_not_function_extent	compact_inline		.ARM.exidx	249	0x005c8554	5997908	0x7fa95fd0	0x809b8480
0x0005e53c	0x0005e53c	arm	0x00060718		EHABI_unwind_range_start_not_function_extent	compact_inline		.ARM.exidx	250	0x005c855c	5997916	0x7fa95fe0	0x809b46af
0x00060718	0x00060718	arm	0x00060730		EHABI_unwind_range_start_not_function_extent	compact_inline		.ARM.exidx	251	0x005c8564	5997924	0x7fa981b4	0x80b0b0b0
0x00060730	0x00060730	arm	0x00060a2c		EHABI_unwind_range_start_not_function_extent	extab_pointer	0x005c62ec	.ARM.exidx	252	0x005c856c	5997932	0x7fa981c4	0x7fffdd7c
0x00060a2c	0x00060a2c	arm	0x00060d48		EHABI_unwind_range_start_not_function_extent	compact_inline		.ARM.exidx	253	0x005c8574	5997940	0x7fa984b8	0x809b46af
0x00060d48	0x00060d48	arm	0x00060d58		EHABI_unwind_range_start_not_function_extent	compact_inline		.ARM.exidx	254	0x005c857c	5997948	0x7fa987cc	0x80b0b0b0
0x00060d58	0x00060d58	arm	0x0006100c		EHABI_unwind_range_start_not_function_extent	extab_pointer	0x005c62f8	.ARM.exidx	255	0x005c8584	5997956	0x7fa987d4	0x7fffdd70
0x0006100c	0x0006100c	arm	0x00061170		EHABI_unwind_range_start_not_function_extent	extab_pointer	0x005c6304	.ARM.exidx	256	0x005c858c	5997964	0x7fa98a80	0x7fffdd74
0x00061170	0x00061170	arm	0x00061ac4		EHABI_unwind_range_start_not_function_extent	compact_inline		.ARM.exidx	257	0x005c8594	5997972	0x7fa98bdc	0x809b46af
0x00061ac4	0x00061ac4	arm	0x00061ae0		EHABI_unwind_range_start_not_function_extent	compact_inline		.ARM.exidx	258	0x005c859c	5997980	0x7fa99528	0x80b0b0b0
0x00061ae0	0x00061ae0	arm	0x00061c48		EHABI_unwind_range_start_not_function_extent	extab_pointer	0x005c6310	.ARM.exidx	259	0x005c85a4	5997988	0x7fa9953c	0x7fffdd68
0x00061c48	0x00061c48	arm	0x00061cc0		EHABI_unwind_range_start_not_function_extent	extab_pointer	0x005c631c	.ARM.exidx	260	0x005c85ac	5997996	0x7fa9969c	0x7fffdd6c
0x00061cc0	0x00061cc0	arm	0x00061e80		EHABI_unwind_range_start_not_function_extent	extab_pointer	0x005c6328	.ARM.exidx	261	0x005c85b4	5998004	0x7fa9970c	0x7fffdd70
0x00061e80	0x00061e80	arm	0x00061ed0		EHABI_unwind_range_start_not_function_extent	compact_inline		.ARM.exidx	262	0x005c85bc	5998012	0x7fa998c4	0x80b0b0b0
0x00061ed0	0x00061ed0	arm	0x000625b8		EHABI_unwind_range_start_not_function_extent	extab_pointer	0x005c6334	.ARM.exidx	263	0x005c85c4	5998020	0x7fa9990c	0x7fffdd6c
0x000625b8	0x000625b8	arm	0x00062780		EHABI_unwind_range_start_not_function_extent	extab_pointer	0x005c6340	.ARM.exidx	264	0x005c85cc	5998028	0x7fa99fec	0x7fffdd70
0x00062780	0x00062780	arm	0x000628e0		EHABI_unwind_range_start_not_function_extent	extab_pointer	0x005c634c	.ARM.exidx	265	0x005c85d4	5998036	0x7fa9a1ac	0x7fffdd74
0x000628e0	0x000628e0	arm	0x000629a8		EHABI_unwind_range_start_not_function_extent	extab_pointer	0x005c6358	.ARM.exidx	266	0x005c85dc	5998044	0x7fa9a304	0x7fffdd78
0x000629a8	0x000629a8	arm	0x00062a90		EHABI_unwind_range_start_not_function_extent	extab_pointer	0x005c6364	.ARM.exidx	267	0x005c85e4	5998052	0x7fa9a3c4	0x7fffdd7c
0x00062a90	0x00062a90	arm	0x00062c18		EHABI_unwind_range_start_not_function_extent	extab_pointer	0x005c6370	.ARM.exidx	268	0x005c85ec	5998060	0x7fa9a4a4	0x7fffdd80
0x00062c18	0x00062c18	arm	0x00062ce8		EHABI_unwind_range_start_not_function_extent	extab_pointer	0x005c637c	.ARM.exidx	269	0x005c85f4	5998068	0x7fa9a624	0x7fffdd84
0x00062ce8	0x00062ce8	arm	0x00062e18		EHABI_unwind_range_start_not_function_extent	extab_pointer	0x005c6388	.ARM.exidx	270	0x005c85fc	5998076	0x7fa9a6ec	0x7fffdd88
0x00062e18	0x00062e18	arm	0x00062e9c		EHABI_unwind_range_start_not_function_extent	extab_pointer	0x005c6394	.ARM.exidx	271	0x005c8604	5998084	0x7fa9a814	0x7fffdd8c
0x00062e9c	0x00062e9c	arm	0x00063780		EHABI_unwind_range_start_not_function_extent	compact_inline		.ARM.exidx	272	0x005c860c	5998092	0x7fa9a890	0x809b46af
0x00063780	0x00063780	arm	0x0006397c		EHABI_unwind_range_start_not_function_extent	extab_pointer	0x005c63a0	.ARM.exidx	273	0x005c8614	5998100	0x7fa9b16c	0x7fffdd88
0x0006397c	0x0006397c	arm	0x00064254		EHABI_unwind_range_start_not_function_extent	compact_inline		.ARM.exidx	274	0x005c861c	5998108	0x7fa9b360	0x809b46af
0x00064254	0x00064254	arm	0x00064300		EHABI_unwind_range_start_not_function_extent	extab_pointer	0x005c63ac	.ARM.exidx	275	0x005c8624	5998116	0x7fa9bc30	0x7fffdd84
0x00064300	0x00064300	arm	0x000644a8		EHABI_unwind_range_start_not_function_extent	extab_pointer	0x005c63b8	.ARM.exidx	276	0x005c862c	5998124	0x7fa9bcd4	0x7fffdd88
0x000644a8	0x000644a8	arm	0x00065b3c		EHABI_unwind_range_start_not_function_extent	extab_pointer	0x005c63c4	.ARM.exidx	277	0x005c8634	5998132	0x7fa9be74	0x7fffdd8c
0x00065b3c	0x00065b3c	arm	0x00066244		EHABI_unwind_range_start_not_function_extent	compact_inline		.ARM.exidx	278	0x005c863c	5998140	0x7fa9d500	0x809b46af
0x00066244	0x00066244	arm	0x000663cc		EHABI_unwind_range_start_not_function_extent	extab_pointer	0x005c63d0	.ARM.exidx	279	0x005c8644	5998148	0x7fa9dc00	0x7fffdd88
0x000663cc	0x000663cc	arm	0x00066504		EHABI_unwind_range_start_not_function_extent	extab_pointer	0x005c63dc	.ARM.exidx	280	0x005c864c	5998156	0x7fa9dd80	0x7fffdd8c
0x00066504	0x00066504	arm	0x0006687c		EHABI_unwind_range_start_not_function_extent	compact_inline		.ARM.exidx	281	0x005c8654	5998164	0x7fa9deb0	0x809b46af
0x0006687c	0x0006687c	arm	0x000668a8		EHABI_unwind_range_start_not_function_extent	compact_inline		.ARM.exidx	282	0x005c865c	5998172	0x7fa9e220	0x809b8480
0x000668a8	0x000668a8	arm	0x00066f80		EHABI_unwind_range_start_not_function_extent	extab_pointer	0x005c63e8	.ARM.exidx	283	0x005c8664	5998180	0x7fa9e244	0x7fffdd80
0x00066f80	0x00066f80	arm	0x0006709c		EHABI_unwind_range_start_not_function_extent	extab_pointer	0x005c63f4	.ARM.exidx	284	0x005c866c	5998188	0x7fa9e914	0x7fffdd84
0x0006709c	0x0006709c	arm	0x000676f0		EHABI_unwind_range_start_not_function_extent	compact_inline		.ARM.exidx	285	0x005c8674	5998196	0x7fa9ea28	0x809b46af
0x000676f0	0x000676f0	arm	0x000677b8		EHABI_unwind_range_start_not_function_extent	extab_pointer	0x005c6400	.ARM.exidx	286	0x005c867c	5998204	0x7fa9f074	0x7fffdd80
0x000677b8	0x000677b8	arm	0x0006789c		EHABI_unwind_range_start_not_function_extent	extab_pointer	0x005c640c	.ARM.exidx	287	0x005c8684	5998212	0x7fa9f134	0x7fffdd84
0x0006789c	0x0006789c	arm	0x00067a28		EHABI_unwind_range_start_not_function_extent	compact_inline		.ARM.exidx	288	0x005c868c	5998220	0x7fa9f210	0x809b46af
0x00067a28	0x00067a28	arm	0x00067de8		EHABI_unwind_range_start_not_function_extent	extab_pointer	0x005c6418	.ARM.exidx	289	0x005c8694	5998228	0x7fa9f394	0x7fffdd80
0x00067de8	0x00067de8	arm	0x00067e88		EHABI_unwind_range_start_not_function_extent	extab_pointer	0x005c6424	.ARM.exidx	290	0x005c869c	5998236	0x7fa9f74c	0x7fffdd84
0x00067e88	0x00067e88	arm	0x00067ed8		EHABI_unwind_range_start_not_function_extent	compact_inline		.ARM.exidx	291	0x005c86a4	5998244	0x7fa9f7e4	0x809b8480
0x00067ed8	0x00067ed8	arm	0x00067ff8		EHABI_unwind_range_start_not_function_extent	compact_inline		.ARM.exidx	292	0x005c86ac	5998252	0x7fa9f82c	0x809b46af
0x00067ff8	0x00067ff8	arm	0x0006b778		EHABI_unwind_range_start_not_function_extent	extab_pointer	0x005c6430	.ARM.exidx	293	0x005c86b4	5998260	0x7fa9f944	0x7fffdd78
0x0006b778	0x0006b778	arm	0x0006b8fc		EHABI_unwind_range_start_not_function_extent	extab_pointer	0x005c643c	.ARM.exidx	294	0x005c86bc	5998268	0x7faa30bc	0x7fffdd7c
0x0006b8fc	0x0006b8fc	arm	0x0006f550		EHABI_unwind_range_start_not_function_extent	compact_inline		.ARM.exidx	295	0x005c86c4	5998276	0x7faa3238	0x809b46af
0x0006f550	0x0006f550	arm	0x0006f6f4		EHABI_unwind_range_start_not_function_extent	extab_pointer	0x005c6448	.ARM.exidx	296	0x005c86cc	5998284	0x7faa6e84	0x7fffdd78
0x0006f6f4	0x0006f6f4	arm	0x0006fae8		EHABI_unwind_range_start_not_function_extent	compact_inline		.ARM.exidx	297	0x005c86d4	5998292	0x7faa7020	0x809b46af
0x0006fae8	0x0006fae8	arm	0x00070d04		EHABI_unwind_range_start_not_function_extent	extab_pointer	0x005c6454	.ARM.exidx	298	0x005c86dc	5998300	0x7faa740c	0x7fffdd74
0x00070d04	0x00070d04	arm	0x00070d60		EHABI_unwind_range_start_not_function_extent	extab_pointer	0x005c6460	.ARM.exidx	299	0x005c86e4	5998308	0x7faa8620	0x7fffdd78
0x00070d60	0x00070d60	arm	0x00070e30		EHABI_unwind_range_start_not_function_extent	extab_pointer	0x005c646c	.ARM.exidx	300	0x005c86ec	5998316	0x7faa8674	0x7fffdd7c
0x00070e30	0x00070e30	arm	0x000727e0		EHABI_unwind_range_start_not_function_extent	compact_inline		.ARM.exidx	301	0x005c86f4	5998324	0x7faa873c	0x809b46af
0x000727e0	0x000727e0	arm	0x000727f0		EHABI_unwind_range_start_not_function_extent	compact_inline		.ARM.exidx	302	0x005c86fc	5998332	0x7faaa0e4	0x80b0b0b0
0x000727f0	0x000727f0	arm	0x00072824		EHABI_unwind_range_start_not_function_extent	extab_pointer	0x005c6478	.ARM.exidx	303	0x005c8704	5998340	0x7faaa0ec	0x7fffdd70
0x00072824	0x00072824	arm	0x00072978		EHABI_unwind_range_start_not_function_extent	extab_pointer	0x005c6484	.ARM.exidx	304	0x005c870c	5998348	0x7faaa118	0x7fffdd74
0x00072978	0x00072978	arm	0x000729c8		EHABI_unwind_range_start_not_function_extent	extab_pointer	0x005c6490	.ARM.exidx	305	0x005c8714	5998356	0x7faaa264	0x7fffdd78
0x000729c8	0x000729c8	arm	0x00072b3c		EHABI_unwind_range_start_not_function_extent	extab_pointer	0x005c649c	.ARM.exidx	306	0x005c871c	5998364	0x7faaa2ac	0x7fffdd7c
0x00072b3c	0x00072b3c	arm	0x00072ba4		EHABI_unwind_range_start_not_function_extent	extab_pointer	0x005c64a8	.ARM.exidx	307	0x005c8724	5998372	0x7faaa418	0x7fffdd80
0x00072ba4	0x00072ba4	arm	0x00072bf4		EHABI_unwind_range_start_not_function_extent	extab_pointer	0x005c64b4	.ARM.exidx	308	0x005c872c	5998380	0x7faaa478	0x7fffdd84
0x00072bf4	0x00072bf4	arm	0x00072d4c		EHABI_unwind_range_start_not_function_extent	extab_pointer	0x005c64c0	.ARM.exidx	309	0x005c8734	5998388	0x7faaa4c0	0x7fffdd88
0x00072d4c	0x00072d4c	arm	0x00072dec		EHABI_unwind_range_start_not_function_extent	extab_pointer	0x005c64cc	.ARM.exidx	310	0x005c873c	5998396	0x7faaa610	0x7fffdd8c
0x00072dec	0x00072dec	arm	0x00072eb4		EHABI_unwind_range_start_not_function_extent	extab_pointer	0x005c64d8	.ARM.exidx	311	0x005c8744	5998404	0x7faaa6a8	0x7fffdd90
0x00072eb4	0x00072eb4	arm	0x00072fb8		EHABI_unwind_range_start_not_function_extent	compact_inline		.ARM.exidx	312	0x005c874c	5998412	0x7faaa768	0x80b0b0b0
0x00072fb8	0x00072fb8	arm	0x000753ac		EHABI_unwind_range_start_not_function_extent	compact_inline		.ARM.exidx	313	0x005c8754	5998420	0x7faaa864	0x809b46af
0x000753ac	0x000753ac	arm	0x00075498		EHABI_unwind_range_start_not_function_extent	extab_pointer	0x005c64e4	.ARM.exidx	314	0x005c875c	5998428	0x7faacc50	0x7fffdd84
0x00075498	0x00075498	arm	0x00076588		EHABI_unwind_range_start_not_function_extent	compact_inline		.ARM.exidx	315	0x005c8764	5998436	0x7faacd34	0x809b46af
0x00076588	0x00076588	arm	0x000765a8		EHABI_unwind_range_start_not_function_extent	compact_inline		.ARM.exidx	316	0x005c876c	5998444	0x7faade1c	0x80b0b0b0
0x000765a8	0x000765a8	arm	0x000765b8		EHABI_unwind_range_start_not_function_extent	compact_inline		.ARM.exidx	317	0x005c8774	5998452	0x7faade34	0x809b8480
0x000765b8	0x000765b8	arm	0x00076b28		EHABI_unwind_range_start_not_function_extent	compact_inline		.ARM.exidx	318	0x005c877c	5998460	0x7faade3c	0x809b46af
0x00076b28	0x00076b28	arm	0x00076e48		EHABI_unwind_range_start_not_function_extent	extab_pointer	0x005c64f0	.ARM.exidx	319	0x005c8784	5998468	0x7faae3a4	0x7fffdd68
0x00076e48	0x00076e48	arm	0x00076f54		EHABI_unwind_range_start_not_function_extent	extab_pointer	0x005c64fc	.ARM.exidx	320	0x005c878c	5998476	0x7faae6bc	0x7fffdd6c
0x00076f54	0x00076f54	arm	0x000772d8		EHABI_unwind_range_start_not_function_extent	compact_inline		.ARM.exidx	321	0x005c8794	5998484	0x7faae7c0	0x809b46af
0x000772d8	0x000772d8	arm	0x00077390		EHABI_unwind_range_start_not_function_extent	extab_pointer	0x005c6508	.ARM.exidx	322	0x005c879c	5998492	0x7faaeb3c	0x7fffdd68
0x00077390	0x00077390	arm	0x0007755c		EHABI_unwind_range_start_not_function_extent	extab_pointer	0x005c6514	.ARM.exidx	323	0x005c87a4	5998500	0x7faaebec	0x7fffdd6c
0x0007755c	0x0007755c	arm	0x000776e0		EHABI_unwind_range_start_not_function_extent	compact_inline		.ARM.exidx	324	0x005c87ac	5998508	0x7faaedb0	0x809b46af
0x000776e0	0x000776e0	arm	0x00077d64		EHABI_unwind_range_start_not_function_extent	extab_pointer	0x005c6520	.ARM.exidx	325	0x005c87b4	5998516	0x7faaef2c	0x7fffdd68
0x00077d64	0x00077d64	arm	0x0007863c		EHABI_unwind_range_start_not_function_extent	compact_inline		.ARM.exidx	326	0x005c87bc	5998524	0x7faaf5a8	0x809b46af
0x0007863c	0x0007863c	arm	0x0007870c		EHABI_unwind_range_start_not_function_extent	extab_pointer	0x005c652c	.ARM.exidx	327	0x005c87c4	5998532	0x7faafe78	0x7fffdd64
0x0007870c	0x0007870c	arm	0x00078810		EHABI_unwind_range_start_not_function_extent	extab_pointer	0x005c6538	.ARM.exidx	328	0x005c87cc	5998540	0x7faaff40	0x7fffdd68
0x00078810	0x00078810	arm	0x000790c0		EHABI_unwind_range_start_not_function_extent	compact_inline		.ARM.exidx	329	0x005c87d4	5998548	0x7fab003c	0x809b46af
0x000790c0	0x000790c0	arm	0x00079778		EHABI_unwind_range_start_not_function_extent	extab_pointer	0x005c6544	.ARM.exidx	330	0x005c87dc	5998556	0x7fab08e4	0x7fffdd64
0x00079778	0x00079778	arm	0x0007bc78		EHABI_unwind_range_start_not_function_extent	extab_pointer	0x005c6550	.ARM.exidx	331	0x005c87e4	5998564	0x7fab0f94	0x7fffdd68
0x0007bc78	0x0007bc78	arm	0x0007be58		EHABI_unwind_range_start_not_function_extent	extab_pointer	0x005c655c	.ARM.exidx	332	0x005c87ec	5998572	0x7fab348c	0x7fffdd6c
0x0007be58	0x0007be58	arm	0x0007bfc0		EHABI_unwind_range_start_not_function_extent	extab_pointer	0x005c6568	.ARM.exidx	333	0x005c87f4	5998580	0x7fab3664	0x7fffdd70
0x0007bfc0	0x0007bfc0	arm	0x0007c208		EHABI_unwind_range_start_not_function_extent	extab_pointer	0x005c6574	.ARM.exidx	334	0x005c87fc	5998588	0x7fab37c4	0x7fffdd74
0x0007c208	0x0007c208	arm	0x0007c3d4		EHABI_unwind_range_start_not_function_extent	extab_pointer	0x005c6580	.ARM.exidx	335	0x005c8804	5998596	0x7fab3a04	0x7fffdd78
0x0007c3d4	0x0007c3d4	arm	0x00081f68		EHABI_unwind_range_start_not_function_extent	compact_inline		.ARM.exidx	336	0x005c880c	5998604	0x7fab3bc8	0x808480b0
0x00081f68	0x00081f68	arm	0x00081fd8		EHABI_unwind_range_start_not_function_extent	compact_inline		.ARM.exidx	337	0x005c8814	5998612	0x7fab9754	0x809b8480
0x00081fd8	0x00081fd8	arm	0x00082048		EHABI_unwind_range_start_not_function_extent	extab_pointer	0x005c658c	.ARM.exidx	338	0x005c881c	5998620	0x7fab97bc	0x7fffdd6c
0x00082048	0x00082048	arm	0x000821ec		EHABI_unwind_range_start_not_function_extent	compact_inline		.ARM.exidx	339	0x005c8824	5998628	0x7fab9824	0x809b46af
0x000821ec	0x000821ec	arm	0x0008223c		EHABI_unwind_range_start_not_function_extent	extab_pointer	0x005c6598	.ARM.exidx	340	0x005c882c	5998636	0x7fab99c0	0x7fffdd68
0x0008223c	0x0008223c	arm	0x00082534		EHABI_unwind_range_start_not_function_extent	compact_inline		.ARM.exidx	341	0x005c8834	5998644	0x7fab9a08	0x809b46af
0x00082534	0x00082534	arm	0x00082658		EHABI_unwind_range_start_not_function_extent	extab_pointer	0x005c65a4	.ARM.exidx	342	0x005c883c	5998652	0x7fab9cf8	0x7fffdd64
0x00082658	0x00082658	arm	0x00082758		EHABI_unwind_range_start_not_function_extent	compact_inline		.ARM.exidx	343	0x005c8844	5998660	0x7fab9e14	0x809b46af
0x00082758	0x00082758	arm	0x0008290c		EHABI_unwind_range_start_not_function_extent	extab_pointer	0x005c65b0	.ARM.exidx	344	0x005c884c	5998668	0x7fab9f0c	0x7fffdd60
0x0008290c	0x0008290c	arm	0x00082930		EHABI_unwind_range_start_not_function_extent	compact_inline		.ARM.exidx	345	0x005c8854	5998676	0x7faba0b8	0x80b0b0b0
0x00082930	0x00082930	arm	0x000829ac		EHABI_unwind_range_start_not_function_extent	compact_inline		.ARM.exidx	346	0x005c885c	5998684	0x7faba0d4	0x809b8480
0x000829ac	0x000829ac	arm	0x000829e8		EHABI_unwind_range_start_not_function_extent	extab_pointer	0x005c65bc	.ARM.exidx	347	0x005c8864	5998692	0x7faba148	0x7fffdd54
0x000829e8	0x000829e8	arm	0x00082a3c		EHABI_unwind_range_start_not_function_extent	extab_pointer	0x005c65c8	.ARM.exidx	348	0x005c886c	5998700	0x7faba17c	0x7fffdd58
0x00082a3c	0x00082a3c	arm	0x00082af0		EHABI_unwind_range_start_not_function_extent	extab_pointer	0x005c65d4	.ARM.exidx	349	0x005c8874	5998708	0x7faba1c8	0x7fffdd5c
0x00082af0	0x00082af0	arm	0x00082b08		EHABI_unwind_range_start_not_function_extent	compact_inline		.ARM.exidx	350	0x005c887c	5998716	0x7faba274	0x80b0b0b0
0x00082b08	0x00082b08	arm	0x00082cb8		EHABI_unwind_range_start_not_function_extent	extab_pointer	0x005c65e0	.ARM.exidx	351	0x005c8884	5998724	0x7faba284	0x7fffdd58
0x00082cb8	0x00082cb8	arm	0x00082d60		EHABI_unwind_range_start_not_function_extent	extab_pointer	0x005c65ec	.ARM.exidx	352	0x005c888c	5998732	0x7faba42c	0x7fffdd5c
0x00082d60	0x00082d60	arm	0x00082d68		EHABI_unwind_range_start_not_function_extent	compact_inline		.ARM.exidx	353	0x005c8894	5998740	0x7faba4cc	0x80b0b0b0
0x00082d68	0x00082d68	arm	0x00082ee8		EHABI_unwind_range_start_not_function_extent	extab_pointer	0x005c65f8	.ARM.exidx	354	0x005c889c	5998748	0x7faba4cc	0x7fffdd58
0x00082ee8	0x00082ee8	arm	0x00083080		EHABI_unwind_range_start_not_function_extent	compact_inline		.ARM.exidx	355	0x005c88a4	5998756	0x7faba644	0x809b46af
0x00083080	0x00083080	arm	0x000840d4		EHABI_unwind_range_start_not_function_extent	extab_pointer	0x005c6604	.ARM.exidx	356	0x005c88ac	5998764	0x7faba7d4	0x7fffdd54
0x000840d4	0x000840d4	arm	0x00086780		EHABI_unwind_range_start_not_function_extent	compact_inline		.ARM.exidx	357	0x005c88b4	5998772	0x7fabb820	0x809b46af
0x00086780	0x00086780	arm	0x00086868		EHABI_unwind_range_start_not_function_extent	extab_pointer	0x005c6610	.ARM.exidx	358	0x005c88bc	5998780	0x7fabdec4	0x7fffdd50
0x00086868	0x00086868	arm	0x000881ac		EHABI_unwind_range_start_not_function_extent	compact_inline		.ARM.exidx	359	0x005c88c4	5998788	0x7fabdfa4	0x809b46af
0x000881ac	0x000881ac	arm	0x00088258		EHABI_unwind_range_start_not_function_extent	extab_pointer	0x005c661c	.ARM.exidx	360	0x005c88cc	5998796	0x7fabf8e0	0x7fffdd4c
0x00088258	0x00088258	arm	0x000882a0		EHABI_unwind_range_start_not_function_extent	extab_pointer	0x005c6628	.ARM.exidx	361	0x005c88d4	5998804	0x7fabf984	0x7fffdd50
0x000882a0	0x000882a0	arm	0x00088474		EHABI_unwind_range_start_not_function_extent	extab_pointer	0x005c6634	.ARM.exidx	362	0x005c88dc	5998812	0x7fabf9c4	0x7fffdd54
0x00088474	0x00088474	arm	0x000886f0		EHABI_unwind_range_start_not_function_extent	compact_inline		.ARM.exidx	363	0x005c88e4	5998820	0x7fabfb90	0x809b46af
0x000886f0	0x000886f0	arm	0x00089118		EHABI_unwind_range_start_not_function_extent	extab_pointer	0x005c6640	.ARM.exidx	364	0x005c88ec	5998828	0x7fabfe04	0x7fffdd50
0x00089118	0x00089118	arm	0x000896d8		EHABI_unwind_range_start_not_function_extent	extab_pointer	0x005c664c	.ARM.exidx	365	0x005c88f4	5998836	0x7fac0824	0x7fffdd54
0x000896d8	0x000896d8	arm	0x00089c98		EHABI_unwind_range_start_not_function_extent	extab_pointer	0x005c6658	.ARM.exidx	366	0x005c88fc	5998844	0x7fac0ddc	0x7fffdd58
0x00089c98	0x00089c98	arm	0x0008af50		EHABI_unwind_range_start_not_function_extent	compact_inline		.ARM.exidx	367	0x005c8904	5998852	0x7fac1394	0x809b46af
0x0008af50	0x0008af50	arm	0x00094090		EHABI_unwind_range_start_not_function_extent	extab_pointer	0x005c6664	.ARM.exidx	368	0x005c890c	5998860	0x7fac2644	0x7fffdd54
0x00094090	0x00094090	arm	0x00094744		EHABI_unwind_range_start_not_function_extent	extab_pointer	0x005c6670	.ARM.exidx	369	0x005c8914	5998868	0x7facb77c	0x7fffdd58
0x00094744	0x00094744	arm	0x00094b68		EHABI_unwind_range_start_not_function_extent	compact_inline		.ARM.exidx	370	0x005c891c	5998876	0x7facbe28	0x809b46af
0x00094b68	0x00094b68	arm	0x00094c5c		EHABI_unwind_range_start_not_function_extent	extab_pointer	0x005c667c	.ARM.exidx	371	0x005c8924	5998884	0x7facc244	0x7fffdd54
0x00094c5c	0x00094c5c	arm	0x00095b28		EHABI_unwind_range_start_not_function_extent	compact_inline		.ARM.exidx	372	0x005c892c	5998892	0x7facc330	0x809b46af
0x00095b28	0x00095b28	arm	0x00097568		EHABI_unwind_range_start_not_function_extent	extab_pointer	0x005c6688	.ARM.exidx	373	0x005c8934	5998900	0x7facd1f4	0x7fffdd50
0x00097568	0x00097568	arm	0x00097b00		EHABI_unwind_range_start_not_function_extent	extab_pointer	0x005c6694	.ARM.exidx	374	0x005c893c	5998908	0x7facec2c	0x7fffdd54
0x00097b00	0x00097b00	arm	0x00098d7c		EHABI_unwind_range_start_not_function_extent	extab_pointer	0x005c66a0	.ARM.exidx	375	0x005c8944	5998916	0x7facf1bc	0x7fffdd58
0x00098d7c	0x00098d7c	arm	0x0009b1e0		EHABI_unwind_range_start_not_function_extent	compact_inline		.ARM.exidx	376	0x005c894c	5998924	0x7fad0430	0x808480b0
0x0009b1e0	0x0009b1e0	arm	0x0009b724		EHABI_unwind_range_start_not_function_extent	compact_inline		.ARM.exidx	377	0x005c8954	5998932	0x7fad288c	0x809b46af
0x0009b724	0x0009b724	arm	0x0009b8a0		EHABI_unwind_range_start_not_function_extent	extab_pointer	0x005c66ac	.ARM.exidx	378	0x005c895c	5998940	0x7fad2dc8	0x7fffdd4c
0x0009b8a0	0x0009b8a0	arm	0x0009b9b0		EHABI_unwind_range_start_not_function_extent	extab_pointer	0x005c66b8	.ARM.exidx	379	0x005c8964	5998948	0x7fad2f3c	0x7fffdd50
0x0009b9b0	0x0009b9b0	arm	0x0009b9e0		EHABI_unwind_range_start_not_function_extent	compact_inline		.ARM.exidx	380	0x005c896c	5998956	0x7fad3044	0x80b0b0b0
0x0009b9e0	0x0009b9e0	arm	0x0009baa0		EHABI_unwind_range_start_not_function_extent	extab_pointer	0x005c66c4	.ARM.exidx	381	0x005c8974	5998964	0x7fad306c	0x7fffdd4c
0x0009baa0	0x0009baa0	arm	0x0009bad0		EHABI_unwind_range_start_not_function_extent	compact_inline		.ARM.exidx	382	0x005c897c	5998972	0x7fad3124	0x80b0b0b0
0x0009bad0	0x0009bad0	arm	0x0009bb60		EHABI_unwind_range_start_not_function_extent	extab_pointer	0x005c66d0	.ARM.exidx	383	0x005c8984	5998980	0x7fad314c	0x7fffdd48
0x0009bb60	0x0009bb60	arm	0x0009bc28		EHABI_unwind_range_start_not_function_extent	extab_pointer	0x005c66dc	.ARM.exidx	384	0x005c898c	5998988	0x7fad31d4	0x7fffdd4c
0x0009bc28	0x0009bc28	arm	0x0009bc80		EHABI_unwind_range_start_not_function_extent	compact_inline		.ARM.exidx	385	0x005c8994	5998996	0x7fad3294	0x809b8480
0x0009bc80	0x0009bc80	arm	0x0009c1f8		EHABI_unwind_range_start_not_function_extent	extab_pointer	0x005c66e8	.ARM.exidx	386	0x005c899c	5999004	0x7fad32e4	0x7fffdd48
0x0009c1f8	0x0009c1f8	arm	0x0009ddd8		EHABI_unwind_range_start_not_function_extent	extab_pointer	0x005c66f4	.ARM.exidx	387	0x005c89a4	5999012	0x7fad3854	0x7fffdd4c
0x0009ddd8	0x0009ddd8	arm	0x0009e028		EHABI_unwind_range_start_not_function_extent	extab_pointer	0x005c6700	.ARM.exidx	388	0x005c89ac	5999020	0x7fad542c	0x7fffdd50
0x0009e028	0x0009e028	arm	0x0009e3c8		EHABI_unwind_range_start_not_function_extent	extab_pointer	0x005c670c	.ARM.exidx	389	0x005c89b4	5999028	0x7fad5674	0x7fffdd54
0x0009e3c8	0x0009e3c8	arm	0x0009e568		EHABI_unwind_range_start_not_function_extent	extab_pointer	0x005c6718	.ARM.exidx	390	0x005c89bc	5999036	0x7fad5a0c	0x7fffdd58
0x0009e568	0x0009e568	arm	0x0009e6d0		EHABI_unwind_range_start_not_function_extent	extab_pointer	0x005c6724	.ARM.exidx	391	0x005c89c4	5999044	0x7fad5ba4	0x7fffdd5c
0x0009e6d0	0x0009e6d0	arm	0x0009e8fc		EHABI_unwind_range_start_not_function_extent	extab_pointer	0x005c6730	.ARM.exidx	392	0x005c89cc	5999052	0x7fad5d04	0x7fffdd60
0x0009e8fc	0x0009e8fc	arm	0x0009ec48		EHABI_unwind_range_start_not_function_extent	extab_pointer	0x005c673c	.ARM.exidx	393	0x005c89d4	5999060	0x7fad5f28	0x7fffdd64
0x0009ec48	0x0009ec48	arm	0x0009f2e8		EHABI_unwind_range_start_not_function_extent	compact_inline		.ARM.exidx	394	0x005c89dc	5999068	0x7fad626c	0x808480b0
0x0009f2e8	0x0009f2e8	arm	0x0009fab4		EHABI_unwind_range_start_not_function_extent	compact_inline		.ARM.exidx	395	0x005c89e4	5999076	0x7fad6904	0x809b46af
0x0009fab4	0x0009fab4	arm	0x0009fc80		EHABI_unwind_range_start_not_function_extent	extab_pointer	0x005c6748	.ARM.exidx	396	0x005c89ec	5999084	0x7fad70c8	0x7fffdd58
0x0009fc80	0x0009fc80	arm	0x000a0824		EHABI_unwind_range_start_not_function_extent	extab_pointer	0x005c6754	.ARM.exidx	397	0x005c89f4	5999092	0x7fad728c	0x7fffdd5c
0x000a0824	0x000a0824	arm	0x000a0af8		EHABI_unwind_range_start_not_function_extent	extab_pointer	0x005c6760	.ARM.exidx	398	0x005c89fc	5999100	0x7fad7e28	0x7fffdd60
0x000a0af8	0x000a0af8	arm	0x000a1160		EHABI_unwind_range_start_not_function_extent	extab_pointer	0x005c676c	.ARM.exidx	399	0x005c8a04	5999108	0x7fad80f4	0x7fffdd64
0x000a1160	0x000a1160	arm	0x000a13a8		EHABI_unwind_range_start_not_function_extent	compact_inline		.ARM.exidx	400	0x005c8a0c	5999116	0x7fad8754	0x809b46af
0x000a13a8	0x000a13a8	arm	0x000a1568		EHABI_unwind_range_start_not_function_extent	extab_pointer	0x005c6778	.ARM.exidx	401	0x005c8a14	5999124	0x7fad8994	0x7fffdd60
0x000a1568	0x000a1568	arm	0x000a1700		EHABI_unwind_range_start_not_function_extent	extab_pointer	0x005c6784	.ARM.exidx	402	0x005c8a1c	5999132	0x7fad8b4c	0x7fffdd64
0x000a1700	0x000a1700	arm	0x000a17e8		EHABI_unwind_range_start_not_function_extent	extab_pointer	0x005c6790	.ARM.exidx	403	0x005c8a24	5999140	0x7fad8cdc	0x7fffdd68
0x000a17e8	0x000a17e8	arm	0x000a1910		EHABI_unwind_range_start_not_function_extent	extab_pointer	0x005c679c	.ARM.exidx	404	0x005c8a2c	5999148	0x7fad8dbc	0x7fffdd6c
0x000a1910	0x000a1910	arm	0x000a1a68		EHABI_unwind_range_start_not_function_extent	extab_pointer	0x005c67a8	.ARM.exidx	405	0x005c8a34	5999156	0x7fad8edc	0x7fffdd70
0x000a1a68	0x000a1a68	arm	0x000a1b58		EHABI_unwind_range_start_not_function_extent	extab_pointer	0x005c67b4	.ARM.exidx	406	0x005c8a3c	5999164	0x7fad902c	0x7fffdd74
0x000a1b58	0x000a1b58	arm	0x000a1fe0		EHABI_unwind_range_start_not_function_extent	compact_inline		.ARM.exidx	407	0x005c8a44	5999172	0x7fad9114	0x808480b0
0x000a1fe0	0x000a1fe0	arm	0x000a2050		EHABI_unwind_range_start_not_function_extent	extab_pointer	0x005c67c0	.ARM.exidx	408	0x005c8a4c	5999180	0x7fad9594	0x7fffdd70
0x000a2050	0x000a2050	arm	0x000a2064		EHABI_unwind_range_start_not_function_extent	compact_inline		.ARM.exidx	409	0x005c8a54	5999188	0x7fad95fc	0x80b0b0b0
0x000a2064	0x000a2064	arm	0x000a20a0		EHABI_unwind_range_start_not_function_extent	extab_pointer	0x005c67cc	.ARM.exidx	410	0x005c8a5c	5999196	0x7fad9608	0x7fffdd6c
0x000a20a0	0x000a20a0	arm	0x000a2218		EHABI_unwind_range_start_not_function_extent	compact_inline		.ARM.exidx	411	0x005c8a64	5999204	0x7fad963c	0x809b46af
0x000a2218	0x000a2218	arm	0x000a6080		EHABI_unwind_range_start_not_function_extent	extab_pointer	0x005c67d8	.ARM.exidx	412	0x005c8a6c	5999212	0x7fad97ac	0x7fffdd68
0x000a6080	0x000a6080	arm	0x000a6190		EHABI_unwind_range_start_not_function_extent	extab_pointer	0x005c67e4	.ARM.exidx	413	0x005c8a74	5999220	0x7fadd60c	0x7fffdd6c
0x000a6190	0x000a6190	arm	0x000a6704		EHABI_unwind_range_start_not_function_extent	extab_pointer	0x005c67f0	.ARM.exidx	414	0x005c8a7c	5999228	0x7fadd714	0x7fffdd70
0x000a6704	0x000a6704	arm	0x000a69c8		EHABI_unwind_range_start_not_function_extent	compact_inline		.ARM.exidx	415	0x005c8a84	5999236	0x7faddc80	0x809b46af
0x000a69c8	0x000a69c8	arm	0x000a6b8c		EHABI_unwind_range_start_not_function_extent	extab_pointer	0x005c67fc	.ARM.exidx	416	0x005c8a8c	5999244	0x7faddf3c	0x7fffdd6c
0x000a6b8c	0x000a6b8c	arm	0x000a71dc		EHABI_unwind_range_start_not_function_extent	compact_inline		.ARM.exidx	417	0x005c8a94	5999252	0x7fade0f8	0x808480b0
0x000a71dc	0x000a71dc	arm	0x000a7228		EHABI_unwind_range_start_not_function_extent	compact_inline		.ARM.exidx	418	0x005c8a9c	5999260	0x7fade740	0x80b0b0b0
0x000a7228	0x000a7228	arm	0x000a72b4		EHABI_unwind_range_start_not_function_extent	extab_pointer	0x005c6808	.ARM.exidx	419	0x005c8aa4	5999268	0x7fade784	0x7fffdd60
0x000a72b4	0x000a72b4	arm	0x000a73ac		EHABI_unwind_range_start_not_function_extent	compact_inline		.ARM.exidx	420	0x005c8aac	5999276	0x7fade808	0x80b0b0b0
0x000a73ac	0x000a73ac	arm	0x000a74b4		EHABI_unwind_range_start_not_function_extent	extab_pointer	0x005c6814	.ARM.exidx	421	0x005c8ab4	5999284	0x7fade8f8	0x7fffdd5c
0x000a74b4	0x000a74b4	arm	0x000a79d8		EHABI_unwind_range_start_not_function_extent	compact_inline		.ARM.exidx	422	0x005c8abc	5999292	0x7fade9f8	0x809b46af
0x000a79d8	0x000a79d8	arm	0x000a7a48		EHABI_unwind_range_start_not_function_extent	compact_inline		.ARM.exidx	423	0x005c8ac4	5999300	0x7fadef14	0x80b0b0b0
0x000a7a48	0x000a7a48	arm	0x000ad9b4		EHABI_unwind_range_start_not_function_extent	compact_inline		.ARM.exidx	424	0x005c8acc	5999308	0x7fadef7c	0x809b46af
0x000ad9b4	0x000ad9b4	arm	0x000b2824		EHABI_unwind_range_start_not_function_extent	compact_inline		.ARM.exidx	425	0x005c8ad4	5999316	0x7fae4ee0	0x808480b0
0x000b2824	0x000b2824	arm	0x000b2a08		EHABI_unwind_range_start_not_function_extent	compact_inline		.ARM.exidx	426	0x005c8adc	5999324	0x7fae9d48	0x809b46af
0x000b2a08	0x000b2a08	arm	0x000b2a88		EHABI_unwind_range_start_not_function_extent	compact_inline		.ARM.exidx	427	0x005c8ae4	5999332	0x7fae9f24	0x80b0b0b0
0x000b2a88	0x000b2a88	arm	0x000b3b00		EHABI_unwind_range_start_not_function_extent	compact_inline		.ARM.exidx	428	0x005c8aec	5999340	0x7fae9f9c	0x809b46af
0x000b3b00	0x000b3b00	arm	0x000b4c58		EHABI_unwind_range_start_not_function_extent	compact_inline		.ARM.exidx	429	0x005c8af4	5999348	0x7faeb00c	0x808480b0
0x000b4c58	0x000b4c58	arm	0x000b4dd8		EHABI_unwind_range_start_not_function_extent	extab_pointer	0x005c6820	.ARM.exidx	430	0x005c8afc	5999356	0x7faec15c	0x7fffdd20
0x000b4dd8	0x000b4dd8	arm	0x000b4e28		EHABI_unwind_range_start_not_function_extent	compact_inline		.ARM.exidx	431	0x005c8b04	5999364	0x7faec2d4	0x80b0b0b0
0x000b4e28	0x000b4e28	arm	0x000b5290		EHABI_unwind_range_start_not_function_extent	compact_inline		.ARM.exidx	432	0x005c8b0c	5999372	0x7faec31c	0x809b46af
0x000b5290	0x000b5290	arm	0x000b5568		EHABI_unwind_range_start_not_function_extent	extab_pointer	0x005c682c	.ARM.exidx	433	0x005c8b14	5999380	0x7faec77c	0x7fffdd14
0x000b5568	0x000b5568	arm	0x000b5a4c		EHABI_unwind_range_start_not_function_extent	compact_inline		.ARM.exidx	434	0x005c8b1c	5999388	0x7faeca4c	0x809b46af
0x000b5a4c	0x000b5a4c	arm	0x000b5ad4		EHABI_unwind_range_start_not_function_extent	extab_pointer	0x005c6838	.ARM.exidx	435	0x005c8b24	5999396	0x7faecf28	0x7fffdd10
0x000b5ad4	0x000b5ad4	arm	0x000b5d90		EHABI_unwind_range_start_not_function_extent	compact_inline		.ARM.exidx	436	0x005c8b2c	5999404	0x7faecfa8	0x808480b0
0x000b5d90	0x000b5d90	arm	0x000b5f40		EHABI_unwind_range_start_not_function_extent	extab_pointer	0x005c6844	.ARM.exidx	437	0x005c8b34	5999412	0x7faed25c	0x7fffdd0c
0x000b5f40	0x000b5f40	arm	0x000b71a8		EHABI_unwind_range_start_not_function_extent	compact_inline		.ARM.exidx	438	0x005c8b3c	5999420	0x7faed404	0x809b46af
0x000b71a8	0x000b71a8	arm	0x000b71e4		EHABI_unwind_range_start_not_function_extent	extab_pointer	0x005c6850	.ARM.exidx	439	0x005c8b44	5999428	0x7faee664	0x7fffdd08
0x000b71e4	0x000b71e4	arm	0x000b7400		EHABI_unwind_range_start_not_function_extent	compact_inline		.ARM.exidx	440	0x005c8b4c	5999436	0x7faee698	0x809b46af
0x000b7400	0x000b7400	arm	0x000b76d8		EHABI_unwind_range_start_not_function_extent	extab_pointer	0x005c685c	.ARM.exidx	441	0x005c8b54	5999444	0x7faee8ac	0x7fffdd04
0x000b76d8	0x000b76d8	arm	0x000b7798		EHABI_unwind_range_start_not_function_extent	extab_pointer	0x005c6868	.ARM.exidx	442	0x005c8b5c	5999452	0x7faeeb7c	0x7fffdd08
0x000b7798	0x000b7798	arm	0x000b80a8		EHABI_unwind_range_start_not_function_extent	compact_inline		.ARM.exidx	443	0x005c8b64	5999460	0x7faeec34	0x809b46af
0x000b80a8	0x000b80a8	arm	0x000b86d0		EHABI_unwind_range_start_not_function_extent	compact_inline		.ARM.exidx	444	0x005c8b6c	5999468	0x7faef53c	0x808480b0
0x000b86d0	0x000b86d0	arm	0x000b86fc		EHABI_unwind_range_start_not_function_extent	compact_inline		.ARM.exidx	445	0x005c8b74	5999476	0x7faefb5c	0x809b8480
0x000b86fc	0x000b86fc	arm	0x000b90a8		EHABI_unwind_range_start_not_function_extent	compact_inline		.ARM.exidx	446	0x005c8b7c	5999484	0x7faefb80	0x809b46af
0x000b90a8	0x000b90a8	arm	0x000b9148		EHABI_unwind_range_start_not_function_extent	extab_pointer	0x005c6874	.ARM.exidx	447	0x005c8b84	5999492	0x7faf0524	0x7fffdcec
0x000b9148	0x000b9148	arm	0x000b91ac		EHABI_unwind_range_start_not_function_extent	extab_pointer	0x005c6880	.ARM.exidx	448	0x005c8b8c	5999500	0x7faf05bc	0x7fffdcf0
0x000b91ac	0x000b91ac	arm	0x000b9420		EHABI_unwind_range_start_not_function_extent	compact_inline		.ARM.exidx	449	0x005c8b94	5999508	0x7faf0618	0x809b46af
0x000b9420	0x000b9420	arm	0x000bab4c		EHABI_unwind_range_start_not_function_extent	extab_pointer	0x005c688c	.ARM.exidx	450	0x005c8b9c	5999516	0x7faf0884	0x7fffdcec
0x000bab4c	0x000bab4c	arm	0x000bace4		EHABI_unwind_range_start_not_function_extent	compact_inline		.ARM.exidx	451	0x005c8ba4	5999524	0x7faf1fa8	0x808480b0
0x000bace4	0x000bace4	arm	0x000be7e4		EHABI_unwind_range_start_not_function_extent	compact_inline		.ARM.exidx	452	0x005c8bac	5999532	0x7faf2138	0x809b46af
0x000be7e4	0x000be7e4	arm	0x000bea5c		EHABI_unwind_range_start_not_function_extent	compact_inline		.ARM.exidx	453	0x005c8bb4	5999540	0x7faf5c30	0x808480b0
0x000bea5c	0x000bea5c	arm	0x000bf298		EHABI_unwind_range_start_not_function_extent	compact_inline		.ARM.exidx	454	0x005c8bbc	5999548	0x7faf5ea0	0x809b46af
0x000bf298	0x000bf298	arm	0x000bf43c		EHABI_unwind_range_start_not_function_extent	extab_pointer	0x005c6898	.ARM.exidx	455	0x005c8bc4	5999556	0x7faf66d4	0x7fffdcd0
0x000bf43c	0x000bf43c	arm	0x000bf440		EHABI_unwind_range_start_not_function_extent	compact_inline		.ARM.exidx	456	0x005c8bcc	5999564	0x7faf6870	0x80b0b0b0
0x000bf440	0x000bf440	arm	0x000bf8f0		EHABI_unwind_range_start_not_function_extent	compact_inline		.ARM.exidx	457	0x005c8bd4	5999572	0x7faf686c	0x809b46af
0x000bf8f0	0x000bf8f0	arm	0x000bfb94		EHABI_unwind_range_start_not_function_extent	extab_pointer	0x005c68a4	.ARM.exidx	458	0x005c8bdc	5999580	0x7faf6d14	0x7fffdcc4
0x000bfb94	0x000bfb94	arm	0x000bfce8		EHABI_unwind_range_start_not_function_extent	extab_pointer	0x005c68b0	.ARM.exidx	459	0x005c8be4	5999588	0x7faf6fb0	0x7fffdcc8
0x000bfce8	0x000bfce8	arm	0x000bfd70		EHABI_unwind_range_start_not_function_extent	extab_pointer	0x005c68bc	.ARM.exidx	460	0x005c8bec	5999596	0x7faf70fc	0x7fffdccc
0x000bfd70	0x000bfd70	arm	0x000bfe5c		EHABI_unwind_range_start_not_function_extent	extab_pointer	0x005c68c8	.ARM.exidx	461	0x005c8bf4	5999604	0x7faf717c	0x7fffdcd0
0x000bfe5c	0x000bfe5c	arm	0x000c0018		EHABI_unwind_range_start_not_function_extent	compact_inline		.ARM.exidx	462	0x005c8bfc	5999612	0x7faf7260	0x80b0b0b0
0x000c0018	0x000c0018	arm	0x000c09b0		EHABI_unwind_range_start_not_function_extent	compact_inline		.ARM.exidx	463	0x005c8c04	5999620	0x7faf7414	0x809b46af
0x000c09b0	0x000c09b0	arm	0x000c0c3c		EHABI_unwind_range_start_not_function_extent	extab_pointer	0x005c68d4	.ARM.exidx	464	0x005c8c0c	5999628	0x7faf7da4	0x7fffdcc4
0x000c0c3c	0x000c0c3c	arm	0x000c0cf8		EHABI_unwind_range_start_not_function_extent	extab_pointer	0x005c68e0	.ARM.exidx	465	0x005c8c14	5999636	0x7faf8028	0x7fffdcc8
0x000c0cf8	0x000c0cf8	arm	0x000c0e40		EHABI_unwind_range_start_not_function_extent	extab_pointer	0x005c68ec	.ARM.exidx	466	0x005c8c1c	5999644	0x7faf80dc	0x7fffdccc
0x000c0e40	0x000c0e40	arm	0x000c10ec		EHABI_unwind_range_start_not_function_extent	extab_pointer	0x005c68f8	.ARM.exidx	467	0x005c8c24	5999652	0x7faf821c	0x7fffdcd0
0x000c10ec	0x000c10ec	arm	0x000c1970		EHABI_unwind_range_start_not_function_extent	compact_inline		.ARM.exidx	468	0x005c8c2c	5999660	0x7faf84c0	0x809b46af
0x000c1970	0x000c1970	arm	0x000c1bc8		EHABI_unwind_range_start_not_function_extent	extab_pointer	0x005c6904	.ARM.exidx	469	0x005c8c34	5999668	0x7faf8d3c	0x7fffdccc
0x000c1bc8	0x000c1bc8	arm	0x000c1c0c		EHABI_unwind_range_start_not_function_extent	extab_pointer	0x005c6910	.ARM.exidx	470	0x005c8c3c	5999676	0x7faf8f8c	0x7fffdcd0
0x000c1c0c	0x000c1c0c	arm	0x000c1e40		EHABI_unwind_range_start_not_function_extent	extab_pointer	0x005c691c	.ARM.exidx	471	0x005c8c44	5999684	0x7faf8fc8	0x7fffdcd4
0x000c1e40	0x000c1e40	arm	0x000c1f60		EHABI_unwind_range_start_not_function_extent	extab_pointer	0x005c6928	.ARM.exidx	472	0x005c8c4c	5999692	0x7faf91f4	0x7fffdcd8
0x000c1f60	0x000c1f60	arm	0x000c2498		EHABI_unwind_range_start_not_function_extent	compact_inline		.ARM.exidx	473	0x005c8c54	5999700	0x7faf930c	0x808480b0
0x000c2498	0x000c2498	arm	0x000c2f6c		EHABI_unwind_range_start_not_function_extent	compact_inline		.ARM.exidx	474	0x005c8c5c	5999708	0x7faf983c	0x809b46af
0x000c2f6c	0x000c2f6c	arm	0x000c3148		EHABI_unwind_range_start_not_function_extent	extab_pointer	0x005c6934	.ARM.exidx	475	0x005c8c64	5999716	0x7fafa308	0x7fffdccc
0x000c3148	0x000c3148	arm	0x000c33d0		EHABI_unwind_range_start_not_function_extent	extab_pointer	0x005c6940	.ARM.exidx	476	0x005c8c6c	5999724	0x7fafa4dc	0x7fffdcd0
0x000c33d0	0x000c33d0	arm	0x000c36e8		EHABI_unwind_range_start_not_function_extent	extab_pointer	0x005c694c	.ARM.exidx	477	0x005c8c74	5999732	0x7fafa75c	0x7fffdcd4
0x000c36e8	0x000c36e8	arm	0x000c39a8		EHABI_unwind_range_start_not_function_extent	compact_inline		.ARM.exidx	478	0x005c8c7c	5999740	0x7fafaa6c	0x809b46af
0x000c39a8	0x000c39a8	arm	0x000c3b54		EHABI_unwind_range_start_not_function_extent	extab_pointer	0x005c6958	.ARM.exidx	479	0x005c8c84	5999748	0x7fafad24	0x7fffdcd0
0x000c3b54	0x000c3b54	arm	0x000c3e18		EHABI_unwind_range_start_not_function_extent	extab_pointer	0x005c6964	.ARM.exidx	480	0x005c8c8c	5999756	0x7fafaec8	0x7fffdcd4
0x000c3e18	0x000c3e18	arm	0x000c4050		EHABI_unwind_range_start_not_function_extent	extab_pointer	0x005c6970	.ARM.exidx	481	0x005c8c94	5999764	0x7fafb184	0x7fffdcd8
0x000c4050	0x000c4050	arm	0x000c4054		EHABI_unwind_range_start_not_function_extent	compact_inline		.ARM.exidx	482	0x005c8c9c	5999772	0x7fafb3b4	0x80b0b0b0
0x000c4054	0x000c4054	arm	0x000c5094		EHABI_unwind_range_start_not_function_extent	compact_inline		.ARM.exidx	483	0x005c8ca4	5999780	0x7fafb3b0	0x809b46af
0x000c5094	0x000c5094	arm	0x000c5688		EHABI_unwind_range_start_not_function_extent	compact_inline		.ARM.exidx	484	0x005c8cac	5999788	0x7fafc3e8	0x808480b0
0x000c5688	0x000c5688	arm	0x000c5770		EHABI_unwind_range_start_not_function_extent	extab_pointer	0x005c697c	.ARM.exidx	485	0x005c8cb4	5999796	0x7fafc9d4	0x7fffdcc4
0x000c5770	0x000c5770	arm	0x000c5920		EHABI_unwind_range_start_not_function_extent	compact_inline		.ARM.exidx	486	0x005c8cbc	5999804	0x7fafcab4	0x809b46af
0x000c5920	0x000c5920	arm	0x000c5c54		EHABI_unwind_range_start_not_function_extent	extab_pointer	0x005c6988	.ARM.exidx	487	0x005c8cc4	5999812	0x7fafcc5c	0x7fffdcc0
0x000c5c54	0x000c5c54	arm	0x000c5d08		EHABI_unwind_range_start_not_function_extent	compact_inline		.ARM.exidx	488	0x005c8ccc	5999820	0x7fafcf88	0x809b8480
0x000c5d08	0x000c5d08	arm	0x000c5dc8		EHABI_unwind_range_start_not_function_extent	extab_pointer	0x005c6994	.ARM.exidx	489	0x005c8cd4	5999828	0x7fafd034	0x7fffdcbc
0x000c5dc8	0x000c5dc8	arm	0x000c5e78		EHABI_unwind_range_start_not_function_extent	extab_pointer	0x005c69a0	.ARM.exidx	490	0x005c8cdc	5999836	0x7fafd0ec	0x7fffdcc0
0x000c5e78	0x000c5e78	arm	0x000c67a0		EHABI_unwind_range_start_not_function_extent	extab_pointer	0x005c69ac	.ARM.exidx	491	0x005c8ce4	5999844	0x7fafd194	0x7fffdcc4
0x000c67a0	0x000c67a0	arm	0x000c7148		EHABI_unwind_range_start_not_function_extent	extab_pointer	0x005c69b8	.ARM.exidx	492	0x005c8cec	5999852	0x7fafdab4	0x7fffdcc8
0x000c7148	0x000c7148	arm	0x000c9b10		EHABI_unwind_range_start_not_function_extent	extab_pointer	0x005c69c4	.ARM.exidx	493	0x005c8cf4	5999860	0x7fafe454	0x7fffdccc
0x000c9b10	0x000c9b10	arm	0x000ca068		EHABI_unwind_range_start_not_function_extent	compact_inline		.ARM.exidx	494	0x005c8cfc	5999868	0x7fb00e14	0x809b46af
0x000ca068	0x000ca068	arm	0x000ca924		EHABI_unwind_range_start_not_function_extent	extab_pointer	0x005c69d0	.ARM.exidx	495	0x005c8d04	5999876	0x7fb01364	0x7fffdcc8
0x000ca924	0x000ca924	arm	0x000cab64		EHABI_unwind_range_start_not_function_extent	extab_pointer	0x005c69dc	.ARM.exidx	496	0x005c8d0c	5999884	0x7fb01c18	0x7fffdccc
0x000cab64	0x000cab64	arm	0x000cae94		EHABI_unwind_range_start_not_function_extent	extab_pointer	0x005c69e8	.ARM.exidx	497	0x005c8d14	5999892	0x7fb01e50	0x7fffdcd0
0x000cae94	0x000cae94	arm	0x000cb33c		EHABI_unwind_range_start_not_function_extent	extab_pointer	0x005c69f4	.ARM.exidx	498	0x005c8d1c	5999900	0x7fb02178	0x7fffdcd4
0x000cb33c	0x000cb33c	arm	0x000cb960		EHABI_unwind_range_start_not_function_extent	compact_inline		.ARM.exidx	499	0x005c8d24	5999908	0x7fb02618	0x809b46af
0x000cb960	0x000cb960	arm	0x000cbb2c		EHABI_unwind_range_start_not_function_extent	extab_pointer	0x005c6a00	.ARM.exidx	500	0x005c8d2c	5999916	0x7fb02c34	0x7fffdcd0
0x000cbb2c	0x000cbb2c	arm	0x000cbd7c		EHABI_unwind_range_start_not_function_extent	extab_pointer	0x005c6a0c	.ARM.exidx	501	0x005c8d34	5999924	0x7fb02df8	0x7fffdcd4
0x000cbd7c	0x000cbd7c	arm	0x000cbf70		EHABI_unwind_range_start_not_function_extent	extab_pointer	0x005c6a18	.ARM.exidx	502	0x005c8d3c	5999932	0x7fb03040	0x7fffdcd8
0x000cbf70	0x000cbf70	arm	0x000cc7c8		EHABI_unwind_range_start_not_function_extent	compact_inline		.ARM.exidx	503	0x005c8d44	5999940	0x7fb0322c	0x809b46af
0x000cc7c8	0x000cc7c8	arm	0x000cc8fc		EHABI_unwind_range_start_not_function_extent	extab_pointer	0x005c6a24	.ARM.exidx	504	0x005c8d4c	5999948	0x7fb03a7c	0x7fffdcd4
0x000cc8fc	0x000cc8fc	arm	0x000ccc1c		EHABI_unwind_range_start_not_function_extent	compact_inline		.ARM.exidx	505	0x005c8d54	5999956	0x7fb03ba8	0x809b46af
0x000ccc1c	0x000ccc1c	arm	0x000cd118		EHABI_unwind_range_start_not_function_extent	extab_pointer	0x005c6a30	.ARM.exidx	506	0x005c8d5c	5999964	0x7fb03ec0	0x7fffdcd0
0x000cd118	0x000cd118	arm	0x000cd2c8		EHABI_unwind_range_start_not_function_extent	compact_inline		.ARM.exidx	507	0x005c8d64	5999972	0x7fb043b4	0x809b46af
0x000cd2c8	0x000cd2c8	arm	0x000cd530		EHABI_unwind_range_start_not_function_extent	extab_pointer	0x005c6a3c	.ARM.exidx	508	0x005c8d6c	5999980	0x7fb0455c	0x7fffdccc
0x000cd530	0x000cd530	arm	0x000cd68c		EHABI_unwind_range_start_not_function_extent	extab_pointer	0x005c6a48	.ARM.exidx	509	0x005c8d74	5999988	0x7fb047bc	0x7fffdcd0
0x000cd68c	0x000cd68c	arm	0x000cd960		EHABI_unwind_range_start_not_function_extent	extab_pointer	0x005c6a54	.ARM.exidx	510	0x005c8d7c	5999996	0x7fb04910	0x7fffdcd4
0x000cd960	0x000cd960	arm	0x000cdb60		EHABI_unwind_range_start_not_function_extent	extab_pointer	0x005c6a60	.ARM.exidx	511	0x005c8d84	6000004	0x7fb04bdc	0x7fffdcd8
0x000cdb60	0x000cdb60	arm	0x000ce098		EHABI_unwind_range_start_not_function_extent	extab_pointer	0x005c6a6c	.ARM.exidx	512	0x005c8d8c	6000012	0x7fb04dd4	0x7fffdcdc
0x000ce098	0x000ce098	arm	0x000d19b0		EHABI_unwind_range_start_not_function_extent	compact_inline		.ARM.exidx	513	0x005c8d94	6000020	0x7fb05304	0x808480b0
0x000d19b0	0x000d19b0	arm	0x000d19f0		EHABI_unwind_range_start_not_function_extent	extab_pointer	0x005c6a78	.ARM.exidx	514	0x005c8d9c	6000028	0x7fb08c14	0x7fffdcd8
0x000d19f0	0x000d19f0	arm	0x000d1bb0		EHABI_unwind_range_start_not_function_extent	extab_pointer	0x005c6a84	.ARM.exidx	515	0x005c8da4	6000036	0x7fb08c4c	0x7fffdcdc
0x000d1bb0	0x000d1bb0	arm	0x000d1bc8		EHABI_unwind_range_start_not_function_extent	compact_inline		.ARM.exidx	516	0x005c8dac	6000044	0x7fb08e04	0x80b0b0b0
0x000d1bc8	0x000d1bc8	arm	0x000d1cf0		EHABI_unwind_range_start_not_function_extent	compact_inline		.ARM.exidx	517	0x005c8db4	6000052	0x7fb08e14	0x809b46af
0x000d1cf0	0x000d1cf0	arm	0x000d1de0		EHABI_unwind_range_start_not_function_extent	extab_pointer	0x005c6a90	.ARM.exidx	518	0x005c8dbc	6000060	0x7fb08f34	0x7fffdcd0
0x000d1de0	0x000d1de0	arm	0x000d1df0		EHABI_unwind_range_start_not_function_extent	compact_inline		.ARM.exidx	519	0x005c8dc4	6000068	0x7fb0901c	0x80b0b0b0
0x000d1df0	0x000d1df0	arm	0x000d1f20		EHABI_unwind_range_start_not_function_extent	extab_pointer	0x005c6a9c	.ARM.exidx	520	0x005c8dcc	6000076	0x7fb09024	0x7fffdccc
0x000d1f20	0x000d1f20	arm	0x000d20ac		EHABI_unwind_range_start_not_function_extent	compact_inline		.ARM.exidx	521	0x005c8dd4	6000084	0x7fb0914c	0x809b46af
0x000d20ac	0x000d20ac	arm	0x000d20b4		EHABI_unwind_range_start_not_function_extent	compact_inline		.ARM.exidx	522	0x005c8ddc	6000092	0x7fb092d0	0x80b0b0b0
0x000d20b4	0x000d20b4	arm	0x000d212c		EHABI_unwind_range_start_not_function_extent	compact_inline		.ARM.exidx	523	0x005c8de4	6000100	0x7fb092d0	0x809b8480
0x000d212c	0x000d212c	arm	0x000d2144		EHABI_unwind_range_start_not_function_extent	compact_inline		.ARM.exidx	524	0x005c8dec	6000108	0x7fb09340	0x80b0b0b0
0x000d2144	0x000d2144	arm	0x000d21dc		EHABI_unwind_range_start_not_function_extent	extab_pointer	0x005c6aa8	.ARM.exidx	525	0x005c8df4	6000116	0x7fb09350	0x7fffdcb0
0x000d21dc	0x000d21dc	arm	0x000d253c		EHABI_unwind_range_start_not_function_extent	extab_pointer	0x005c6ab4	.ARM.exidx	526	0x005c8dfc	6000124	0x7fb093e0	0x7fffdcb4
0x000d253c	0x000d253c	arm	0x000d26ac		EHABI_unwind_range_start_not_function_extent	extab_pointer	0x005c6ac0	.ARM.exidx	527	0x005c8e04	6000132	0x7fb09738	0x7fffdcb8
0x000d26ac	0x000d26ac	arm	0x000d2760		EHABI_unwind_range_start_not_function_extent	extab_pointer	0x005c6acc	.ARM.exidx	528	0x005c8e0c	6000140	0x7fb098a0	0x7fffdcbc
0x000d2760	0x000d2760	arm	0x000d280c		EHABI_unwind_range_start_not_function_extent	extab_pointer	0x005c6ad8	.ARM.exidx	529	0x005c8e14	6000148	0x7fb0994c	0x7fffdcc0
0x000d280c	0x000d280c	arm	0x000d2a84		EHABI_unwind_range_start_not_function_extent	extab_pointer	0x005c6ae4	.ARM.exidx	530	0x005c8e1c	6000156	0x7fb099f0	0x7fffdcc4
0x000d2a84	0x000d2a84	arm	0x000d2c0c		EHABI_unwind_range_start_not_function_extent	extab_pointer	0x005c6af0	.ARM.exidx	531	0x005c8e24	6000164	0x7fb09c60	0x7fffdcc8
0x000d2c0c	0x000d2c0c	arm	0x000d2db8		EHABI_unwind_range_start_not_function_extent	compact_inline		.ARM.exidx	532	0x005c8e2c	6000172	0x7fb09de0	0x808480b0
0x000d2db8	0x000d2db8	arm	0x000d30f8		EHABI_unwind_range_start_not_function_extent	extab_pointer	0x005c6afc	.ARM.exidx	533	0x005c8e34	6000180	0x7fb09f84	0x7fffdcc4
0x000d30f8	0x000d30f8	arm	0x000d31b8		EHABI_unwind_range_start_not_function_extent	compact_inline		.ARM.exidx	534	0x005c8e3c	6000188	0x7fb0a2bc	0x80b0b0b0
0x000d31b8	0x000d31b8	arm	0x000d3598		EHABI_unwind_range_start_not_function_extent	extab_pointer	0x005c6b08	.ARM.exidx	535	0x005c8e44	6000196	0x7fb0a374	0x7fffdcc0
0x000d3598	0x000d3598	arm	0x000d3834		EHABI_unwind_range_start_not_function_extent	extab_pointer	0x005c6b14	.ARM.exidx	536	0x005c8e4c	6000204	0x7fb0a74c	0x7fffdcc4
0x000d3834	0x000d3834	arm	0x000d3dd8		EHABI_unwind_range_start_not_function_extent	compact_inline		.ARM.exidx	537	0x005c8e54	6000212	0x7fb0a9e0	0x809b46af
0x000d3dd8	0x000d3dd8	arm	0x000d3eb8		EHABI_unwind_range_start_not_function_extent	extab_pointer	0x005c6b20	.ARM.exidx	538	0x005c8e5c	6000220	0x7fb0af7c	0x7fffdcc0
0x000d3eb8	0x000d3eb8	arm	0x000d42ec		EHABI_unwind_range_start_not_function_extent	compact_inline		.ARM.exidx	539	0x005c8e64	6000228	0x7fb0b054	0x809b46af
0x000d42ec	0x000d42ec	arm	0x000d4780		EHABI_unwind_range_start_not_function_extent	extab_pointer	0x005c6b2c	.ARM.exidx	540	0x005c8e6c	6000236	0x7fb0b480	0x7fffdcbc
0x000d4780	0x000d4780	arm	0x000d48d8		EHABI_unwind_range_start_not_function_extent	compact_inline		.ARM.exidx	541	0x005c8e74	6000244	0x7fb0b90c	0x80b0b0b0
0x000d48d8	0x000d48d8	arm	0x000d4c70		EHABI_unwind_range_start_not_function_extent	extab_pointer	0x005c6b38	.ARM.exidx	542	0x005c8e7c	6000252	0x7fb0ba5c	0x7fffdcb8
0x000d4c70	0x000d4c70	arm	0x000d4cc0		EHABI_unwind_range_start_not_function_extent	compact_inline		.ARM.exidx	543	0x005c8e84	6000260	0x7fb0bdec	0x80b0b0b0
0x000d4cc0	0x000d4cc0	arm	0x000d4dfc		EHABI_unwind_range_start_not_function_extent	extab_pointer	0x005c6b44	.ARM.exidx	544	0x005c8e8c	6000268	0x7fb0be34	0x7fffdcb4
0x000d4dfc	0x000d4dfc	arm	0x000d4e44		EHABI_unwind_range_start_not_function_extent	compact_inline		.ARM.exidx	545	0x005c8e94	6000276	0x7fb0bf68	0x80b0b0b0
0x000d4e44	0x000d4e44	arm	0x000d5390		EHABI_unwind_range_start_not_function_extent	compact_inline		.ARM.exidx	546	0x005c8e9c	6000284	0x7fb0bfa8	0x809b46af
0x000d5390	0x000d5390	arm	0x000d53d4		EHABI_unwind_range_start_not_function_extent	compact_inline		.ARM.exidx	547	0x005c8ea4	6000292	0x7fb0c4ec	0x80b0b0b0
0x000d53d4	0x000d53d4	arm	0x000d5570		EHABI_unwind_range_start_not_function_extent	extab_pointer	0x005c6b50	.ARM.exidx	548	0x005c8eac	6000300	0x7fb0c528	0x7fffdca0
0x000d5570	0x000d5570	arm	0x000d55c4		EHABI_unwind_range_start_not_function_extent	compact_inline		.ARM.exidx	549	0x005c8eb4	6000308	0x7fb0c6bc	0x809b8480
0x000d55c4	0x000d55c4	arm	0x000d560c		EHABI_unwind_range_start_not_function_extent	compact_inline		.ARM.exidx	550	0x005c8ebc	6000316	0x7fb0c708	0x80b0b0b0
0x000d560c	0x000d560c	arm	0x000d57ec		EHABI_unwind_range_start_not_function_extent	extab_pointer	0x005c6b5c	.ARM.exidx	551	0x005c8ec4	6000324	0x7fb0c748	0x7fffdc94
0x000d57ec	0x000d57ec	arm	0x000d59c0		EHABI_unwind_range_start_not_function_extent	compact_inline		.ARM.exidx	552	0x005c8ecc	6000332	0x7fb0c920	0x809b46af
0x000d59c0	0x000d59c0	arm	0x000d59c8		EHABI_unwind_range_start_not_function_extent	compact_inline		.ARM.exidx	553	0x005c8ed4	6000340	0x7fb0caec	0x80b0b0b0
0x000d59c8	0x000d59c8	arm	0x000d5d8c		EHABI_unwind_range_start_not_function_extent	compact_inline		.ARM.exidx	554	0x005c8edc	6000348	0x7fb0caec	0x809b46af
0x000d5d8c	0x000d5d8c	arm	0x000d5d94		EHABI_unwind_range_start_not_function_extent	compact_inline		.ARM.exidx	555	0x005c8ee4	6000356	0x7fb0cea8	0x80b0b0b0
0x000d5d94	0x000d5d94	arm	0x000d5ecc		EHABI_unwind_range_start_not_function_extent	extab_pointer	0x005c6b68	.ARM.exidx	556	0x005c8eec	6000364	0x7fb0cea8	0x7fffdc78
0x000d5ecc	0x000d5ecc	arm	0x000d5ed4		EHABI_unwind_range_start_not_function_extent	compact_inline		.ARM.exidx	557	0x005c8ef4	6000372	0x7fb0cfd8	0x80b0b0b0
0x000d5ed4	0x000d5ed4	arm	0x000d5f7c		EHABI_unwind_range_start_not_function_extent	extab_pointer	0x005c6b74	.ARM.exidx	558	0x005c8efc	6000380	0x7fb0cfd8	0x7fffdc74
0x000d5f7c	0x000d5f7c	arm	0x000d6024		EHABI_unwind_range_start_not_function_extent	extab_pointer	0x005c6b80	.ARM.exidx	559	0x005c8f04	6000388	0x7fb0d078	0x7fffdc78
0x000d6024	0x000d6024	arm	0x000d622c		EHABI_unwind_range_start_not_function_extent	compact_inline		.ARM.exidx	560	0x005c8f0c	6000396	0x7fb0d118	0x809b46af
0x000d622c	0x000d622c	arm	0x000d637c		EHABI_unwind_range_start_not_function_extent	extab_pointer	0x005c6b8c	.ARM.exidx	561	0x005c8f14	6000404	0x7fb0d318	0x7fffdc74
0x000d637c	0x000d637c	arm	0x000d6648		EHABI_unwind_range_start_not_function_extent	extab_pointer	0x005c6b98	.ARM.exidx	562	0x005c8f1c	6000412	0x7fb0d460	0x7fffdc78
0x000d6648	0x000d6648	arm	0x000d69e8		EHABI_unwind_range_start_not_function_extent	compact_inline		.ARM.exidx	563	0x005c8f24	6000420	0x7fb0d724	0x809b46af
0x000d69e8	0x000d69e8	arm	0x000d6ce8		EHABI_unwind_range_start_not_function_extent	extab_pointer	0x005c6ba4	.ARM.exidx	564	0x005c8f2c	6000428	0x7fb0dabc	0x7fffdc74
0x000d6ce8	0x000d6ce8	arm	0x000d6d60		EHABI_unwind_range_start_not_function_extent	compact_inline		.ARM.exidx	565	0x005c8f34	6000436	0x7fb0ddb4	0x809b8480
0x000d6d60	0x000d6d60	arm	0x000d6d78		EHABI_unwind_range_start_not_function_extent	compact_inline		.ARM.exidx	566	0x005c8f3c	6000444	0x7fb0de24	0x80b0b0b0
0x000d6d78	0x000d6d78	arm	0x000d6f24		EHABI_unwind_range_start_not_function_extent	extab_pointer	0x005c6bb0	.ARM.exidx	567	0x005c8f44	6000452	0x7fb0de34	0x7fffdc68
0x000d6f24	0x000d6f24	arm	0x000d7150		EHABI_unwind_range_start_not_function_extent	compact_inline		.ARM.exidx	568	0x005c8f4c	6000460	0x7fb0dfd8	0x809b46af
0x000d7150	0x000d7150	arm	0x000d7320		EHABI_unwind_range_start_not_function_extent	extab_pointer	0x005c6bbc	.ARM.exidx	569	0x005c8f54	6000468	0x7fb0e1fc	0x7fffdc64
0x000d7320	0x000d7320	arm	0x000d74e0		EHABI_unwind_range_start_not_function_extent	compact_inline		.ARM.exidx	570	0x005c8f5c	6000476	0x7fb0e3c4	0x809b46af
0x000d74e0	0x000d74e0	arm	0x000d78a4		EHABI_unwind_range_start_not_function_extent	extab_pointer	0x005c6bc8	.ARM.exidx	571	0x005c8f64	6000484	0x7fb0e57c	0x7fffdc60
0x000d78a4	0x000d78a4	arm	0x000d78cc		EHABI_unwind_range_start_not_function_extent	compact_inline		.ARM.exidx	572	0x005c8f6c	6000492	0x7fb0e938	0x809b8480
0x000d78cc	0x000d78cc	arm	0x000d7944		EHABI_unwind_range_start_not_function_extent	extab_pointer	0x005c6bd4	.ARM.exidx	573	0x005c8f74	6000500	0x7fb0e958	0x7fffdc5c
0x000d7944	0x000d7944	arm	0x000d7b40		EHABI_unwind_range_start_not_function_extent	compact_inline		.ARM.exidx	574	0x005c8f7c	6000508	0x7fb0e9c8	0x809b46af
0x000d7b40	0x000d7b40	arm	0x000d7bf0		EHABI_unwind_range_start_not_function_extent	extab_pointer	0x005c6be0	.ARM.exidx	575	0x005c8f84	6000516	0x7fb0ebbc	0x7fffdc58
0x000d7bf0	0x000d7bf0	arm	0x000d7c18		EHABI_unwind_range_start_not_function_extent	compact_inline		.ARM.exidx	576	0x005c8f8c	6000524	0x7fb0ec64	0x80b0b0b0
0x000d7c18	0x000d7c18	arm	0x000d8c78		EHABI_unwind_range_start_not_function_extent	compact_inline		.ARM.exidx	577	0x005c8f94	6000532	0x7fb0ec84	0x808480b0
0x000d8c78	0x000d8c78	arm	0x000d8fb8		EHABI_unwind_range_start_not_function_extent	extab_pointer	0x005c6bec	.ARM.exidx	578	0x005c8f9c	6000540	0x7fb0fcdc	0x7fffdc4c
0x000d8fb8	0x000d8fb8	arm	0x000d9050		EHABI_unwind_range_start_not_function_extent	compact_inline		.ARM.exidx	579	0x005c8fa4	6000548	0x7fb10014	0x80b0b0b0
0x000d9050	0x000d9050	arm	0x000d9280		EHABI_unwind_range_start_not_function_extent	extab_pointer	0x005c6bf8	.ARM.exidx	580	0x005c8fac	6000556	0x7fb100a4	0x7fffdc48
0x000d9280	0x000d9280	arm	0x000d9288		EHABI_unwind_range_start_not_function_extent	compact_inline		.ARM.exidx	581	0x005c8fb4	6000564	0x7fb102cc	0x80b0b0b0
0x000d9288	0x000d9288	arm	0x000d954c		EHABI_unwind_range_start_not_function_extent	compact_inline		.ARM.exidx	582	0x005c8fbc	6000572	0x7fb102cc	0x809b46af
0x000d954c	0x000d954c	arm	0x000d962c		EHABI_unwind_range_start_not_function_extent	extab_pointer	0x005c6c04	.ARM.exidx	583	0x005c8fc4	6000580	0x7fb10588	0x7fffdc3c
0x000d962c	0x000d962c	arm	0x000d9810		EHABI_unwind_range_start_not_function_extent	extab_pointer	0x005c6c10	.ARM.exidx	584	0x005c8fcc	6000588	0x7fb10660	0x7fffdc40
0x000d9810	0x000d9810	arm	0x000d9a5c		EHABI_unwind_range_start_not_function_extent	extab_pointer	0x005c6c1c	.ARM.exidx	585	0x005c8fd4	6000596	0x7fb1083c	0x7fffdc44
0x000d9a5c	0x000d9a5c	arm	0x000d9b44		EHABI_unwind_range_start_not_function_extent	compact_inline		.ARM.exidx	586	0x005c8fdc	6000604	0x7fb10a80	0x80b0b0b0
0x000d9b44	0x000d9b44	arm	0x000da0d0		EHABI_unwind_range_start_not_function_extent	compact_inline		.ARM.exidx	587	0x005c8fe4	6000612	0x7fb10b60	0x809b46af
0x000da0d0	0x000da0d0	arm	0x000da140		EHABI_unwind_range_start_not_function_extent	compact_inline		.ARM.exidx	588	0x005c8fec	6000620	0x7fb110e4	0x809b8480
0x000da140	0x000da140	arm	0x000da268		EHABI_unwind_range_start_not_function_extent	extab_pointer	0x005c6c28	.ARM.exidx	589	0x005c8ff4	6000628	0x7fb1114c	0x7fffdc30
0x000da268	0x000da268	arm	0x000da43c		EHABI_unwind_range_start_not_function_extent	extab_pointer	0x005c6c34	.ARM.exidx	590	0x005c8ffc	6000636	0x7fb1126c	0x7fffdc34
0x000da43c	0x000da43c	arm	0x000da454		EHABI_unwind_range_start_not_function_extent	compact_inline		.ARM.exidx	591	0x005c9004	6000644	0x7fb11438	0x80b0b0b0
0x000da454	0x000da454	arm	0x000da540		EHABI_unwind_range_start_not_function_extent	extab_pointer	0x005c6c40	.ARM.exidx	592	0x005c900c	6000652	0x7fb11448	0x7fffdc30
0x000da540	0x000da540	arm	0x000da6c8		EHABI_unwind_range_start_not_function_extent	compact_inline		.ARM.exidx	593	0x005c9014	6000660	0x7fb1152c	0x809b46af
0x000da6c8	0x000da6c8	arm	0x000da7b0		EHABI_unwind_range_start_not_function_extent	extab_pointer	0x005c6c4c	.ARM.exidx	594	0x005c901c	6000668	0x7fb116ac	0x7fffdc2c
0x000da7b0	0x000da7b0	arm	0x000da7f4		EHABI_unwind_range_start_not_function_extent	compact_inline		.ARM.exidx	595	0x005c9024	6000676	0x7fb1178c	0x80b0b0b0
0x000da7f4	0x000da7f4	arm	0x000da904		EHABI_unwind_range_start_not_function_extent	extab_pointer	0x005c6c58	.ARM.exidx	596	0x005c902c	6000684	0x7fb117c8	0x7fffdc28
0x000da904	0x000da904	arm	0x000daa14		EHABI_unwind_range_start_not_function_extent	extab_pointer	0x005c6c64	.ARM.exidx	597	0x005c9034	6000692	0x7fb118d0	0x7fffdc2c
0x000daa14	0x000daa14	arm	0x000dac5c		EHABI_unwind_range_start_not_function_extent	extab_pointer	0x005c6c70	.ARM.exidx	598	0x005c903c	6000700	0x7fb119d8	0x7fffdc30
0x000dac5c	0x000dac5c	arm	0x000dac6c		EHABI_unwind_range_start_not_function_extent	compact_inline		.ARM.exidx	599	0x005c9044	6000708	0x7fb11c18	0x80b0b0b0
0x000dac6c	0x000dac6c	arm	0x000db0c0		EHABI_unwind_range_start_not_function_extent	compact_inline		.ARM.exidx	600	0x005c904c	6000716	0x7fb11c20	0x809b46af
0x000db0c0	0x000db0c0	arm	0x000db148		EHABI_unwind_range_start_not_function_extent	compact_inline		.ARM.exidx	601	0x005c9054	6000724	0x7fb1206c	0x80b0b0b0
0x000db148	0x000db148	arm	0x000db1e4		EHABI_unwind_range_start_not_function_extent	extab_pointer	0x005c6c7c	.ARM.exidx	602	0x005c905c	6000732	0x7fb120ec	0x7fffdc1c
0x000db1e4	0x000db1e4	arm	0x000db1ec		EHABI_unwind_range_start_not_function_extent	compact_inline		.ARM.exidx	603	0x005c9064	6000740	0x7fb12180	0x80b0b0b0
0x000db1ec	0x000db1ec	arm	0x000db314		EHABI_unwind_range_start_not_function_extent	extab_pointer	0x005c6c88	.ARM.exidx	604	0x005c906c	6000748	0x7fb12180	0x7fffdc18
0x000db314	0x000db314	arm	0x000db3f4		EHABI_unwind_range_start_not_function_extent	extab_pointer	0x005c6c94	.ARM.exidx	605	0x005c9074	6000756	0x7fb122a0	0x7fffdc1c
0x000db3f4	0x000db3f4	arm	0x000db590		EHABI_unwind_range_start_not_function_extent	compact_inline		.ARM.exidx	606	0x005c907c	6000764	0x7fb12378	0x809b46af
0x000db590	0x000db590	arm	0x000db680		EHABI_unwind_range_start_not_function_extent	compact_inline		.ARM.exidx	607	0x005c9084	6000772	0x7fb1250c	0x80b0b0b0
0x000db680	0x000db680	arm	0x000dbb54		EHABI_unwind_range_start_not_function_extent	compact_inline		.ARM.exidx	608	0x005c908c	6000780	0x7fb125f4	0x809b46af
0x000dbb54	0x000dbb54	arm	0x000dbd0c		EHABI_unwind_range_start_not_function_extent	extab_pointer	0x005c6ca0	.ARM.exidx	609	0x005c9094	6000788	0x7fb12ac0	0x7fffdc08
0x000dbd0c	0x000dbd0c	arm	0x000dbdbc		EHABI_unwind_range_start_not_function_extent	extab_pointer	0x005c6cac	.ARM.exidx	610	0x005c909c	6000796	0x7fb12c70	0x7fffdc0c
0x000dbdbc	0x000dbdbc	arm	0x000dc0c8		EHABI_unwind_range_start_not_function_extent	compact_inline		.ARM.exidx	611	0x005c90a4	6000804	0x7fb12d18	0x809b46af
0x000dc0c8	0x000dc0c8	arm	0x000dc1c4		EHABI_unwind_range_start_not_function_extent	extab_pointer	0x005c6cb8	.ARM.exidx	612	0x005c90ac	6000812	0x7fb1301c	0x7fffdc08
0x000dc1c4	0x000dc1c4	arm	0x000dc1c8		EHABI_unwind_range_start_not_function_extent	compact_inline		.ARM.exidx	613	0x005c90b4	6000820	0x7fb13110	0x80b0b0b0
0x000dc1c8	0x000dc1c8	arm	0x000dcbe0		EHABI_unwind_range_start_not_function_extent	compact_inline		.ARM.exidx	614	0x005c90bc	6000828	0x7fb1310c	0x808480b0
0x000dcbe0	0x000dcbe0	arm	0x000dcf20		EHABI_unwind_range_start_not_function_extent	extab_pointer	0x005c6cc4	.ARM.exidx	615	0x005c90c4	6000836	0x7fb13b1c	0x7fffdbfc
0x000dcf20	0x000dcf20	arm	0x000dcf50		EHABI_unwind_range_start_not_function_extent	compact_inline		.ARM.exidx	616	0x005c90cc	6000844	0x7fb13e54	0x80b0b0b0
0x000dcf50	0x000dcf50	arm	0x000dd270		EHABI_unwind_range_start_not_function_extent	extab_pointer	0x005c6cd0	.ARM.exidx	617	0x005c90d4	6000852	0x7fb13e7c	0x7fffdbf8
0x000dd270	0x000dd270	arm	0x000dd278		EHABI_unwind_range_start_not_function_extent	compact_inline		.ARM.exidx	618	0x005c90dc	6000860	0x7fb14194	0x80b0b0b0
0x000dd278	0x000dd278	arm	0x000dd738		EHABI_unwind_range_start_not_function_extent	compact_inline		.ARM.exidx	619	0x005c90e4	6000868	0x7fb14194	0x809b46af
0x000dd738	0x000dd738	arm	0x000dd8b0		EHABI_unwind_range_start_not_function_extent	extab_pointer	0x005c6cdc	.ARM.exidx	620	0x005c90ec	6000876	0x7fb1464c	0x7fffdbec
0x000dd8b0	0x000dd8b0	arm	0x000ddaec		EHABI_unwind_range_start_not_function_extent	extab_pointer	0x005c6ce8	.ARM.exidx	621	0x005c90f4	6000884	0x7fb147bc	0x7fffdbf0
0x000ddaec	0x000ddaec	arm	0x000ddef8		EHABI_unwind_range_start_not_function_extent	extab_pointer	0x005c6cf4	.ARM.exidx	622	0x005c90fc	6000892	0x7fb149f0	0x7fffdbf4
0x000ddef8	0x000ddef8	arm	0x000ddf00		EHABI_unwind_range_start_not_function_extent	compact_inline		.ARM.exidx	623	0x005c9104	6000900	0x7fb14df4	0x80b0b0b0
0x000ddf00	0x000ddf00	arm	0x000ddf94		EHABI_unwind_range_start_not_function_extent	extab_pointer	0x005c6d00	.ARM.exidx	624	0x005c910c	6000908	0x7fb14df4	0x7fffdbf0
0x000ddf94	0x000ddf94	arm	0x000de0c0		EHABI_unwind_range_start_not_function_extent	extab_pointer	0x005c6d0c	.ARM.exidx	625	0x005c9114	6000916	0x7fb14e80	0x7fffdbf4
0x000de0c0	0x000de0c0	arm	0x000de1f4		EHABI_unwind_range_start_not_function_extent	extab_pointer	0x005c6d18	.ARM.exidx	626	0x005c911c	6000924	0x7fb14fa4	0x7fffdbf8
0x000de1f4	0x000de1f4	arm	0x000de260		EHABI_unwind_range_start_not_function_extent	compact_inline		.ARM.exidx	627	0x005c9124	6000932	0x7fb150d0	0x809b8480
0x000de260	0x000de260	arm	0x000de354		EHABI_unwind_range_start_not_function_extent	extab_pointer	0x005c6d24	.ARM.exidx	628	0x005c912c	6000940	0x7fb15134	0x7fffdbf4
0x000de354	0x000de354	arm	0x000de3b8		EHABI_unwind_range_start_not_function_extent	extab_pointer	0x005c6d30	.ARM.exidx	629	0x005c9134	6000948	0x7fb15220	0x7fffdbf8
0x000de3b8	0x000de3b8	arm	0x000de6f8		EHABI_unwind_range_start_not_function_extent	extab_pointer	0x005c6d3c	.ARM.exidx	630	0x005c913c	6000956	0x7fb1527c	0x7fffdbfc
0x000de6f8	0x000de6f8	arm	0x000de7e0		EHABI_unwind_range_start_not_function_extent	compact_inline		.ARM.exidx	631	0x005c9144	6000964	0x7fb155b4	0x809b8480
0x000de7e0	0x000de7e0	arm	0x000de930		EHABI_unwind_range_start_not_function_extent	extab_pointer	0x005c6d48	.ARM.exidx	632	0x005c914c	6000972	0x7fb15694	0x7fffdbf8
0x000de930	0x000de930	arm	0x000de948		EHABI_unwind_range_start_not_function_extent	compact_inline		.ARM.exidx	633	0x005c9154	6000980	0x7fb157dc	0x80b0b0b0
0x000de948	0x000de948	arm	0x000dea6c		EHABI_unwind_range_start_not_function_extent	extab_pointer	0x005c6d54	.ARM.exidx	634	0x005c915c	6000988	0x7fb157ec	0x7fffdbf4
0x000dea6c	0x000dea6c	arm	0x000deb98		EHABI_unwind_range_start_not_function_extent	extab_pointer	0x005c6d60	.ARM.exidx	635	0x005c9164	6000996	0x7fb15908	0x7fffdbf8
0x000deb98	0x000deb98	arm	0x000ded28		EHABI_unwind_range_start_not_function_extent	compact_inline		.ARM.exidx	636	0x005c916c	6001004	0x7fb15a2c	0x809b46af
0x000ded28	0x000ded28	arm	0x000ded34		EHABI_unwind_range_start_not_function_extent	compact_inline		.ARM.exidx	637	0x005c9174	6001012	0x7fb15bb4	0x80b0b0b0
0x000ded34	0x000ded34	arm	0x000dee04		EHABI_unwind_range_start_not_function_extent	extab_pointer	0x005c6d6c	.ARM.exidx	638	0x005c917c	6001020	0x7fb15bb8	0x7fffdbec
0x000dee04	0x000dee04	arm	0x000defec		EHABI_unwind_range_start_not_function_extent	extab_pointer	0x005c6d78	.ARM.exidx	639	0x005c9184	6001028	0x7fb15c80	0x7fffdbf0
0x000defec	0x000defec	arm	0x000df198		EHABI_unwind_range_start_not_function_extent	extab_pointer	0x005c6d84	.ARM.exidx	640	0x005c918c	6001036	0x7fb15e60	0x7fffdbf4
0x000df198	0x000df198	arm	0x000df1e0		EHABI_unwind_range_start_not_function_extent	compact_inline		.ARM.exidx	641	0x005c9194	6001044	0x7fb16004	0x80b0b0b0
0x000df1e0	0x000df1e0	arm	0x000df3b0		EHABI_unwind_range_start_not_function_extent	extab_pointer	0x005c6d90	.ARM.exidx	642	0x005c919c	6001052	0x7fb16044	0x7fffdbf0
0x000df3b0	0x000df3b0	arm	0x000df654		EHABI_unwind_range_start_not_function_extent	compact_inline		.ARM.exidx	643	0x005c91a4	6001060	0x7fb1620c	0x809b46af
0x000df654	0x000df654	arm	0x000df66c		EHABI_unwind_range_start_not_function_extent	compact_inline		.ARM.exidx	644	0x005c91ac	6001068	0x7fb164a8	0x80b0b0b0
0x000df66c	0x000df66c	arm	0x000df72c		EHABI_unwind_range_start_not_function_extent	extab_pointer	0x005c6d9c	.ARM.exidx	645	0x005c91b4	6001076	0x7fb164b8	0x7fffdbe4
0x000df72c	0x000df72c	arm	0x000df77c		EHABI_unwind_range_start_not_function_extent	compact_inline		.ARM.exidx	646	0x005c91bc	6001084	0x7fb16570	0x80b0b0b0
0x000df77c	0x000df77c	arm	0x000df96c		EHABI_unwind_range_start_not_function_extent	compact_inline		.ARM.exidx	647	0x005c91c4	6001092	0x7fb165b8	0x809b46af
0x000df96c	0x000df96c	arm	0x000dfadc		EHABI_unwind_range_start_not_function_extent	extab_pointer	0x005c6da8	.ARM.exidx	648	0x005c91cc	6001100	0x7fb167a0	0x7fffdbd8
0x000dfadc	0x000dfadc	arm	0x000dfb9c		EHABI_unwind_range_start_not_function_extent	extab_pointer	0x005c6db4	.ARM.exidx	649	0x005c91d4	6001108	0x7fb16908	0x7fffdbdc
0x000dfb9c	0x000dfb9c	arm	0x000dfc54		EHABI_unwind_range_start_not_function_extent	compact_inline		.ARM.exidx	650	0x005c91dc	6001116	0x7fb169c0	0x80b0b0b0
0x000dfc54	0x000dfc54	arm	0x000dfe44		EHABI_unwind_range_start_not_function_extent	extab_pointer	0x005c6dc0	.ARM.exidx	651	0x005c91e4	6001124	0x7fb16a70	0x7fffdbd8
0x000dfe44	0x000dfe44	arm	0x000e075c		EHABI_unwind_range_start_not_function_extent	compact_inline		.ARM.exidx	652	0x005c91ec	6001132	0x7fb16c58	0x809b46af
0x000e075c	0x000e075c	arm	0x000e0858		EHABI_unwind_range_start_not_function_extent	extab_pointer	0x005c6dcc	.ARM.exidx	653	0x005c91f4	6001140	0x7fb17568	0x7fffdbd4
0x000e0858	0x000e0858	arm	0x000e085c		EHABI_unwind_range_start_not_function_extent	compact_inline		.ARM.exidx	654	0x005c91fc	6001148	0x7fb1765c	0x80b0b0b0
0x000e085c	0x000e085c	arm	0x000e1450		EHABI_unwind_range_start_not_function_extent	compact_inline		.ARM.exidx	655	0x005c9204	6001156	0x7fb17658	0x808480b0
0x000e1450	0x000e1450	arm	0x000e1790		EHABI_unwind_range_start_not_function_extent	extab_pointer	0x005c6dd8	.ARM.exidx	656	0x005c920c	6001164	0x7fb18244	0x7fffdbc8
0x000e1790	0x000e1790	arm	0x000e1818		EHABI_unwind_range_start_not_function_extent	compact_inline		.ARM.exidx	657	0x005c9214	6001172	0x7fb1857c	0x80b0b0b0
0x000e1818	0x000e1818	arm	0x000e1b5c		EHABI_unwind_range_start_not_function_extent	compact_inline		.ARM.exidx	658	0x005c921c	6001180	0x7fb185fc	0x809b46af
0x000e1b5c	0x000e1b5c	arm	0x000e1b64		EHABI_unwind_range_start_not_function_extent	compact_inline		.ARM.exidx	659	0x005c9224	6001188	0x7fb18938	0x80b0b0b0
0x000e1b64	0x000e1b64	arm	0x000e2130		EHABI_unwind_range_start_not_function_extent	compact_inline		.ARM.exidx	660	0x005c922c	6001196	0x7fb18938	0x809b46af
0x000e2130	0x000e2130	arm	0x000e2210		EHABI_unwind_range_start_not_function_extent	extab_pointer	0x005c6de4	.ARM.exidx	661	0x005c9234	6001204	0x7fb18efc	0x7fffdbac
0x000e2210	0x000e2210	arm	0x000e249c		EHABI_unwind_range_start_not_function_extent	compact_inline		.ARM.exidx	662	0x005c923c	6001212	0x7fb18fd4	0x809b46af
0x000e249c	0x000e249c	arm	0x000e2808		EHABI_unwind_range_start_not_function_extent	extab_pointer	0x005c6df0	.ARM.exidx	663	0x005c9244	6001220	0x7fb19258	0x7fffdba8
0x000e2808	0x000e2808	arm	0x000e2810		EHABI_unwind_range_start_not_function_extent	compact_inline		.ARM.exidx	664	0x005c924c	6001228	0x7fb195bc	0x80b0b0b0
0x000e2810	0x000e2810	arm	0x000e2978		EHABI_unwind_range_start_not_function_extent	extab_pointer	0x005c6dfc	.ARM.exidx	665	0x005c9254	6001236	0x7fb195bc	0x7fffdba4
0x000e2978	0x000e2978	arm	0x000e2a18		EHABI_unwind_range_start_not_function_extent	compact_inline		.ARM.exidx	666	0x005c925c	6001244	0x7fb1971c	0x80b0b0b0
0x000e2a18	0x000e2a18	arm	0x000e2d78		EHABI_unwind_range_start_not_function_extent	compact_inline		.ARM.exidx	667	0x005c9264	6001252	0x7fb197b4	0x809b46af
0x000e2d78	0x000e2d78	arm	0x000e2e18		EHABI_unwind_range_start_not_function_extent	extab_pointer	0x005c6e08	.ARM.exidx	668	0x005c926c	6001260	0x7fb19b0c	0x7fffdb98
0x000e2e18	0x000e2e18	arm	0x000e2eb8		EHABI_unwind_range_start_not_function_extent	extab_pointer	0x005c6e14	.ARM.exidx	669	0x005c9274	6001268	0x7fb19ba4	0x7fffdb9c
0x000e2eb8	0x000e2eb8	arm	0x000e3090		EHABI_unwind_range_start_not_function_extent	extab_pointer	0x005c6e20	.ARM.exidx	670	0x005c927c	6001276	0x7fb19c3c	0x7fffdba0
0x000e3090	0x000e3090	arm	0x000e3098		EHABI_unwind_range_start_not_function_extent	compact_inline		.ARM.exidx	671	0x005c9284	6001284	0x7fb19e0c	0x80b0b0b0
0x000e3098	0x000e3098	arm	0x000e3290		EHABI_unwind_range_start_not_function_extent	compact_inline		.ARM.exidx	672	0x005c928c	6001292	0x7fb19e0c	0x809b46af
0x000e3290	0x000e3290	arm	0x000e32c0		EHABI_unwind_range_start_not_function_extent	compact_inline		.ARM.exidx	673	0x005c9294	6001300	0x7fb19ffc	0x809b8480
0x000e32c0	0x000e32c0	arm	0x000e33e0		EHABI_unwind_range_start_not_function_extent	extab_pointer	0x005c6e2c	.ARM.exidx	674	0x005c929c	6001308	0x7fb1a024	0x7fffdb8c
0x000e33e0	0x000e33e0	arm	0x000e34cc		EHABI_unwind_range_start_not_function_extent	extab_pointer	0x005c6e38	.ARM.exidx	675	0x005c92a4	6001316	0x7fb1a13c	0x7fffdb90
0x000e34cc	0x000e34cc	arm	0x000e35b4		EHABI_unwind_range_start_not_function_extent	extab_pointer	0x005c6e44	.ARM.exidx	676	0x005c92ac	6001324	0x7fb1a220	0x7fffdb94
0x000e35b4	0x000e35b4	arm	0x000e35c0		EHABI_unwind_range_start_not_function_extent	compact_inline		.ARM.exidx	677	0x005c92b4	6001332	0x7fb1a300	0x80b0b0b0
0x000e35c0	0x000e35c0	arm	0x000e3728		EHABI_unwind_range_start_not_function_extent	extab_pointer	0x005c6e50	.ARM.exidx	678	0x005c92bc	6001340	0x7fb1a304	0x7fffdb90
0x000e3728	0x000e3728	arm	0x000e3a1c		EHABI_unwind_range_start_not_function_extent	extab_pointer	0x005c6e5c	.ARM.exidx	679	0x005c92c4	6001348	0x7fb1a464	0x7fffdb94
0x000e3a1c	0x000e3a1c	arm	0x000e3bbc		EHABI_unwind_range_start_not_function_extent	extab_pointer	0x005c6e68	.ARM.exidx	680	0x005c92cc	6001356	0x7fb1a750	0x7fffdb98
0x000e3bbc	0x000e3bbc	arm	0x000e3c04		EHABI_unwind_range_start_not_function_extent	compact_inline		.ARM.exidx	681	0x005c92d4	6001364	0x7fb1a8e8	0x80b0b0b0
0x000e3c04	0x000e3c04	arm	0x000e3dd8		EHABI_unwind_range_start_not_function_extent	extab_pointer	0x005c6e74	.ARM.exidx	682	0x005c92dc	6001372	0x7fb1a928	0x7fffdb94
0x000e3dd8	0x000e3dd8	arm	0x000e40e8		EHABI_unwind_range_start_not_function_extent	compact_inline		.ARM.exidx	683	0x005c92e4	6001380	0x7fb1aaf4	0x809b46af
0x000e40e8	0x000e40e8	arm	0x000e4198		EHABI_unwind_range_start_not_function_extent	extab_pointer	0x005c6e80	.ARM.exidx	684	0x005c92ec	6001388	0x7fb1adfc	0x7fffdb90
0x000e4198	0x000e4198	arm	0x000e41a0		EHABI_unwind_range_start_not_function_extent	compact_inline		.ARM.exidx	685	0x005c92f4	6001396	0x7fb1aea4	0x80b0b0b0
0x000e41a0	0x000e41a0	arm	0x000e4600		EHABI_unwind_range_start_not_function_extent	extab_pointer	0x005c6e8c	.ARM.exidx	686	0x005c92fc	6001404	0x7fb1aea4	0x7fffdb8c
0x000e4600	0x000e4600	arm	0x000e4688		EHABI_unwind_range_start_not_function_extent	extab_pointer	0x005c6e98	.ARM.exidx	687	0x005c9304	6001412	0x7fb1b2fc	0x7fffdb90
0x000e4688	0x000e4688	arm	0x000e4690		EHABI_unwind_range_start_not_function_extent	compact_inline		.ARM.exidx	688	0x005c930c	6001420	0x7fb1b37c	0x80b0b0b0
0x000e4690	0x000e4690	arm	0x000e47b8		EHABI_unwind_range_start_not_function_extent	extab_pointer	0x005c6ea4	.ARM.exidx	689	0x005c9314	6001428	0x7fb1b37c	0x7fffdb8c
0x000e47b8	0x000e47b8	arm	0x000e48fc		EHABI_unwind_range_start_not_function_extent	extab_pointer	0x005c6eb0	.ARM.exidx	690	0x005c931c	6001436	0x7fb1b49c	0x7fffdb90
0x000e48fc	0x000e48fc	arm	0x000e49bc		EHABI_unwind_range_start_not_function_extent	extab_pointer	0x005c6ebc	.ARM.exidx	691	0x005c9324	6001444	0x7fb1b5d8	0x7fffdb94
0x000e49bc	0x000e49bc	arm	0x000e4a74		EHABI_unwind_range_start_not_function_extent	compact_inline		.ARM.exidx	692	0x005c932c	6001452	0x7fb1b690	0x80b0b0b0
0x000e4a74	0x000e4a74	arm	0x000e4c04		EHABI_unwind_range_start_not_function_extent	extab_pointer	0x005c6ec8	.ARM.exidx	693	0x005c9334	6001460	0x7fb1b740	0x7fffdb90
0x000e4c04	0x000e4c04	arm	0x000e4cd8		EHABI_unwind_range_start_not_function_extent	extab_pointer	0x005c6ed4	.ARM.exidx	694	0x005c933c	6001468	0x7fb1b8c8	0x7fffdb94
0x000e4cd8	0x000e4cd8	arm	0x000e4f28		EHABI_unwind_range_start_not_function_extent	compact_inline		.ARM.exidx	695	0x005c9344	6001476	0x7fb1b994	0x809b46af
0x000e4f28	0x000e4f28	arm	0x000e4fa0		EHABI_unwind_range_start_not_function_extent	extab_pointer	0x005c6ee0	.ARM.exidx	696	0x005c934c	6001484	0x7fb1bbdc	0x7fffdb90
0x000e4fa0	0x000e4fa0	arm	0x000e5238		EHABI_unwind_range_start_not_function_extent	compact_inline		.ARM.exidx	697	0x005c9354	6001492	0x7fb1bc4c	0x809b46af
0x000e5238	0x000e5238	arm	0x000e5274		EHABI_unwind_range_start_not_function_extent	extab_pointer	0x005c6eec	.ARM.exidx	698	0x005c935c	6001500	0x7fb1bedc	0x7fffdb8c
0x000e5274	0x000e5274	arm	0x000e52fc		EHABI_unwind_range_start_not_function_extent	compact_inline		.ARM.exidx	699	0x005c9364	6001508	0x7fb1bf10	0x809b8480
0x000e52fc	0x000e52fc	arm	0x000e536c		EHABI_unwind_range_start_not_function_extent	extab_pointer	0x005c6ef8	.ARM.exidx	700	0x005c936c	6001516	0x7fb1bf90	0x7fffdb88
0x000e536c	0x000e536c	arm	0x000e5370		EHABI_unwind_range_start_not_function_extent	compact_inline		.ARM.exidx	701	0x005c9374	6001524	0x7fb1bff8	0x80b0b0b0
0x000e5370	0x000e5370	arm	0x000e60e8		EHABI_unwind_range_start_not_function_extent	compact_inline		.ARM.exidx	702	0x005c937c	6001532	0x7fb1bff4	0x808480b0
0x000e60e8	0x000e60e8	arm	0x000e6428		EHABI_unwind_range_start_not_function_extent	extab_pointer	0x005c6f04	.ARM.exidx	703	0x005c9384	6001540	0x7fb1cd64	0x7fffdb7c
0x000e6428	0x000e6428	arm	0x000e6530		EHABI_unwind_range_start_not_function_extent	compact_inline		.ARM.exidx	704	0x005c938c	6001548	0x7fb1d09c	0x80b0b0b0
0x000e6530	0x000e6530	arm	0x000e678c		EHABI_unwind_range_start_not_function_extent	compact_inline		.ARM.exidx	705	0x005c9394	6001556	0x7fb1d19c	0x809b46af
0x000e678c	0x000e678c	arm	0x000e6794		EHABI_unwind_range_start_not_function_extent	compact_inline		.ARM.exidx	706	0x005c939c	6001564	0x7fb1d3f0	0x80b0b0b0
0x000e6794	0x000e6794	arm	0x000e6c50		EHABI_unwind_range_start_not_function_extent	compact_inline		.ARM.exidx	707	0x005c93a4	6001572	0x7fb1d3f0	0x809b46af
0x000e6c50	0x000e6c50	arm	0x000e6d30		EHABI_unwind_range_start_not_function_extent	extab_pointer	0x005c6f10	.ARM.exidx	708	0x005c93ac	6001580	0x7fb1d8a4	0x7fffdb60
0x000e6d30	0x000e6d30	arm	0x000e7020		EHABI_unwind_range_start_not_function_extent	extab_pointer	0x005c6f1c	.ARM.exidx	709	0x005c93b4	6001588	0x7fb1d97c	0x7fffdb64
0x000e7020	0x000e7020	arm	0x000e73a0		EHABI_unwind_range_start_not_function_extent	extab_pointer	0x005c6f28	.ARM.exidx	710	0x005c93bc	6001596	0x7fb1dc64	0x7fffdb68
0x000e73a0	0x000e73a0	arm	0x000e73a8		EHABI_unwind_range_start_not_function_extent	compact_inline		.ARM.exidx	711	0x005c93c4	6001604	0x7fb1dfdc	0x80b0b0b0
0x000e73a8	0x000e73a8	arm	0x000e74d8		EHABI_unwind_range_start_not_function_extent	extab_pointer	0x005c6f34	.ARM.exidx	712	0x005c93cc	6001612	0x7fb1dfdc	0x7fffdb64
0x000e74d8	0x000e74d8	arm	0x000e7540		EHABI_unwind_range_start_not_function_extent	compact_inline		.ARM.exidx	713	0x005c93d4	6001620	0x7fb1e104	0x80b0b0b0
0x000e7540	0x000e7540	arm	0x000e78f0		EHABI_unwind_range_start_not_function_extent	extab_pointer	0x005c6f40	.ARM.exidx	714	0x005c93dc	6001628	0x7fb1e164	0x7fffdb60
0x000e78f0	0x000e78f0	arm	0x000e7990		EHABI_unwind_range_start_not_function_extent	extab_pointer	0x005c6f4c	.ARM.exidx	715	0x005c93e4	6001636	0x7fb1e50c	0x7fffdb64
0x000e7990	0x000e7990	arm	0x000e7a30		EHABI_unwind_range_start_not_function_extent	extab_pointer	0x005c6f58	.ARM.exidx	716	0x005c93ec	6001644	0x7fb1e5a4	0x7fffdb68
0x000e7a30	0x000e7a30	arm	0x000e7b8c		EHABI_unwind_range_start_not_function_extent	extab_pointer	0x005c6f64	.ARM.exidx	717	0x005c93f4	6001652	0x7fb1e63c	0x7fffdb6c
0x000e7b8c	0x000e7b8c	arm	0x000e7b94		EHABI_unwind_range_start_not_function_extent	compact_inline		.ARM.exidx	718	0x005c93fc	6001660	0x7fb1e790	0x80b0b0b0
0x000e7b94	0x000e7b94	arm	0x000e7c78		EHABI_unwind_range_start_not_function_extent	extab_pointer	0x005c6f70	.ARM.exidx	719	0x005c9404	6001668	0x7fb1e790	0x7fffdb68
0x000e7c78	0x000e7c78	arm	0x000e7d24		EHABI_unwind_range_start_not_function_extent	extab_pointer	0x005c6f7c	.ARM.exidx	720	0x005c940c	6001676	0x7fb1e86c	0x7fffdb6c
0x000e7d24	0x000e7d24	arm	0x000e7dfc		EHABI_unwind_range_start_not_function_extent	extab_pointer	0x005c6f88	.ARM.exidx	721	0x005c9414	6001684	0x7fb1e910	0x7fffdb70
0x000e7dfc	0x000e7dfc	arm	0x000e7fcc		EHABI_unwind_range_start_not_function_extent	compact_inline		.ARM.exidx	722	0x005c941c	6001692	0x7fb1e9e0	0x809b46af
0x000e7fcc	0x000e7fcc	arm	0x000e80b4		EHABI_unwind_range_start_not_function_extent	extab_pointer	0x005c6f94	.ARM.exidx	723	0x005c9424	6001700	0x7fb1eba8	0x7fffdb6c
0x000e80b4	0x000e80b4	arm	0x000e80f8		EHABI_unwind_range_start_not_function_extent	compact_inline		.ARM.exidx	724	0x005c942c	6001708	0x7fb1ec88	0x80b0b0b0
0x000e80f8	0x000e80f8	arm	0x000e8368		EHABI_unwind_range_start_not_function_extent	extab_pointer	0x005c6fa0	.ARM.exidx	725	0x005c9434	6001716	0x7fb1ecc4	0x7fffdb68
0x000e8368	0x000e8368	arm	0x000e8478		EHABI_unwind_range_start_not_function_extent	extab_pointer	0x005c6fac	.ARM.exidx	726	0x005c943c	6001724	0x7fb1ef2c	0x7fffdb6c
0x000e8478	0x000e8478	arm	0x000e8618		EHABI_unwind_range_start_not_function_extent	extab_pointer	0x005c6fb8	.ARM.exidx	727	0x005c9444	6001732	0x7fb1f034	0x7fffdb70
0x000e8618	0x000e8618	arm	0x000e8660		EHABI_unwind_range_start_not_function_extent	compact_inline		.ARM.exidx	728	0x005c944c	6001740	0x7fb1f1cc	0x80b0b0b0
0x000e8660	0x000e8660	arm	0x000e8888		EHABI_unwind_range_start_not_function_extent	extab_pointer	0x005c6fc4	.ARM.exidx	729	0x005c9454	6001748	0x7fb1f20c	0x7fffdb6c
0x000e8888	0x000e8888	arm	0x000e8a98		EHABI_unwind_range_start_not_function_extent	compact_inline		.ARM.exidx	730	0x005c945c	6001756	0x7fb1f42c	0x809b46af
0x000e8a98	0x000e8a98	arm	0x000e8ac4		EHABI_unwind_range_start_not_function_extent	compact_inline		.ARM.exidx	731	0x005c9464	6001764	0x7fb1f634	0x809b8480
0x000e8ac4	0x000e8ac4	arm	0x000e8b08		EHABI_unwind_range_start_not_function_extent	compact_inline		.ARM.exidx	732	0x005c946c	6001772	0x7fb1f658	0x80b0b0b0
0x000e8b08	0x000e8b08	arm	0x000e8e1c		EHABI_unwind_range_start_not_function_extent	extab_pointer	0x005c6fd0	.ARM.exidx	733	0x005c9474	6001780	0x7fb1f694	0x7fffdb58
0x000e8e1c	0x000e8e1c	arm	0x000e8ea4		EHABI_unwind_range_start_not_function_extent	extab_pointer	0x005c6fdc	.ARM.exidx	734	0x005c947c	6001788	0x7fb1f9a0	0x7fffdb5c
0x000e8ea4	0x000e8ea4	arm	0x000e8eac		EHABI_unwind_range_start_not_function_extent	compact_inline		.ARM.exidx	735	0x005c9484	6001796	0x7fb1fa20	0x80b0b0b0
0x000e8eac	0x000e8eac	arm	0x000e8f54		EHABI_unwind_range_start_not_function_extent	extab_pointer	0x005c6fe8	.ARM.exidx	736	0x005c948c	6001804	0x7fb1fa20	0x7fffdb58
0x000e8f54	0x000e8f54	arm	0x000e90a4		EHABI_unwind_range_start_not_function_extent	extab_pointer	0x005c6ff4	.ARM.exidx	737	0x005c9494	6001812	0x7fb1fac0	0x7fffdb5c
0x000e90a4	0x000e90a4	arm	0x000e9218		EHABI_unwind_range_start_not_function_extent	compact_inline		.ARM.exidx	738	0x005c949c	6001820	0x7fb1fc08	0x809b46af
0x000e9218	0x000e9218	arm	0x000e9308		EHABI_unwind_range_start_not_function_extent	compact_inline		.ARM.exidx	739	0x005c94a4	6001828	0x7fb1fd74	0x80b0b0b0
0x000e9308	0x000e9308	arm	0x000e968c		EHABI_unwind_range_start_not_function_extent	compact_inline		.ARM.exidx	740	0x005c94ac	6001836	0x7fb1fe5c	0x809b46af
0x000e968c	0x000e968c	arm	0x000e9728		EHABI_unwind_range_start_not_function_extent	extab_pointer	0x005c7000	.ARM.exidx	741	0x005c94b4	6001844	0x7fb201d8	0x7fffdb48
0x000e9728	0x000e9728	arm	0x000e9a68		EHABI_unwind_range_start_not_function_extent	compact_inline		.ARM.exidx	742	0x005c94bc	6001852	0x7fb2026c	0x809b46af
0x000e9a68	0x000e9a68	arm	0x000e9aec		EHABI_unwind_range_start_not_function_extent	extab_pointer	0x005c700c	.ARM.exidx	743	0x005c94c4	6001860	0x7fb205a4	0x7fffdb44
0x000e9aec	0x000e9aec	arm	0x000e9b74		EHABI_unwind_range_start_not_function_extent	compact_inline		.ARM.exidx	744	0x005c94cc	6001868	0x7fb20620	0x809b8480
0x000e9b74	0x000e9b74	arm	0x000e9be4		EHABI_unwind_range_start_not_function_extent	extab_pointer	0x005c7018	.ARM.exidx	745	0x005c94d4	6001876	0x7fb206a0	0x7fffdb40
0x000e9be4	0x000e9be4	arm	0x000e9be8		EHABI_unwind_range_start_not_function_extent	compact_inline		.ARM.exidx	746	0x005c94dc	6001884	0x7fb20708	0x80b0b0b0
0x000e9be8	0x000e9be8	arm	0x000ea7c8		EHABI_unwind_range_start_not_function_extent	compact_inline		.ARM.exidx	747	0x005c94e4	6001892	0x7fb20704	0x808480b0
0x000ea7c8	0x000ea7c8	arm	0x000eab08		EHABI_unwind_range_start_not_function_extent	extab_pointer	0x005c7024	.ARM.exidx	748	0x005c94ec	6001900	0x7fb212dc	0x7fffdb34
0x000eab08	0x000eab08	arm	0x000eab90		EHABI_unwind_range_start_not_function_extent	compact_inline		.ARM.exidx	749	0x005c94f4	6001908	0x7fb21614	0x80b0b0b0
0x000eab90	0x000eab90	arm	0x000eaf80		EHABI_unwind_range_start_not_function_extent	extab_pointer	0x005c7030	.ARM.exidx	750	0x005c94fc	6001916	0x7fb21694	0x7fffdb30
0x000eaf80	0x000eaf80	arm	0x000eb2e4		EHABI_unwind_range_start_not_function_extent	extab_pointer	0x005c703c	.ARM.exidx	751	0x005c9504	6001924	0x7fb21a7c	0x7fffdb34
0x000eb2e4	0x000eb2e4	arm	0x000eb750		EHABI_unwind_range_start_not_function_extent	compact_inline		.ARM.exidx	752	0x005c950c	6001932	0x7fb21dd8	0x809b46af
0x000eb750	0x000eb750	arm	0x000eb8c8		EHABI_unwind_range_start_not_function_extent	extab_pointer	0x005c7048	.ARM.exidx	753	0x005c9514	6001940	0x7fb2223c	0x7fffdb30
0x000eb8c8	0x000eb8c8	arm	0x000ebd34		EHABI_unwind_range_start_not_function_extent	compact_inline		.ARM.exidx	754	0x005c951c	6001948	0x7fb223ac	0x809b46af
0x000ebd34	0x000ebd34	arm	0x000ec1e8		EHABI_unwind_range_start_not_function_extent	extab_pointer	0x005c7054	.ARM.exidx	755	0x005c9524	6001956	0x7fb22810	0x7fffdb2c
0x000ec1e8	0x000ec1e8	arm	0x000ec298		EHABI_unwind_range_start_not_function_extent	compact_inline		.ARM.exidx	756	0x005c952c	6001964	0x7fb22cbc	0x80b0b0b0
0x000ec298	0x000ec298	arm	0x000ec648		EHABI_unwind_range_start_not_function_extent	compact_inline		.ARM.exidx	757	0x005c9534	6001972	0x7fb22d64	0x809b46af
0x000ec648	0x000ec648	arm	0x000ec770		EHABI_unwind_range_start_not_function_extent	extab_pointer	0x005c7060	.ARM.exidx	758	0x005c953c	6001980	0x7fb2310c	0x7fffdb20
0x000ec770	0x000ec770	arm	0x000ec898		EHABI_unwind_range_start_not_function_extent	extab_pointer	0x005c706c	.ARM.exidx	759	0x005c9544	6001988	0x7fb2322c	0x7fffdb24
0x000ec898	0x000ec898	arm	0x000ec968		EHABI_unwind_range_start_not_function_extent	extab_pointer	0x005c7078	.ARM.exidx	760	0x005c954c	6001996	0x7fb2334c	0x7fffdb28
0x000ec968	0x000ec968	arm	0x000ec9f0		EHABI_unwind_range_start_not_function_extent	compact_inline		.ARM.exidx	761	0x005c9554	6002004	0x7fb23414	0x80b0b0b0
0x000ec9f0	0x000ec9f0	arm	0x000ecb68		EHABI_unwind_range_start_not_function_extent	compact_inline		.ARM.exidx	762	0x005c955c	6002012	0x7fb23494	0x809b46af
0x000ecb68	0x000ecb68	arm	0x000ecca0		EHABI_unwind_range_start_not_function_extent	extab_pointer	0x005c7084	.ARM.exidx	763	0x005c9564	6002020	0x7fb23604	0x7fffdb1c
0x000ecca0	0x000ecca0	arm	0x000ece30		EHABI_unwind_range_start_not_function_extent	compact_inline		.ARM.exidx	764	0x005c956c	6002028	0x7fb23734	0x809b46af
0x000ece30	0x000ece30	arm	0x000ece3c		EHABI_unwind_range_start_not_function_extent	compact_inline		.ARM.exidx	765	0x005c9574	6002036	0x7fb238bc	0x80b0b0b0
0x000ece3c	0x000ece3c	arm	0x000eced4		EHABI_unwind_range_start_not_function_extent	extab_pointer	0x005c7090	.ARM.exidx	766	0x005c957c	6002044	0x7fb238c0	0x7fffdb10
0x000eced4	0x000eced4	arm	0x000ecf64		EHABI_unwind_range_start_not_function_extent	compact_inline		.ARM.exidx	767	0x005c9584	6002052	0x7fb23950	0x80b0b0b0
0x000ecf64	0x000ecf64	arm	0x000ed1e0		EHABI_unwind_range_start_not_function_extent	extab_pointer	0x005c709c	.ARM.exidx	768	0x005c958c	6002060	0x7fb239d8	0x7fffdb0c
0x000ed1e0	0x000ed1e0	arm	0x000ed38c		EHABI_unwind_range_start_not_function_extent	compact_inline		.ARM.exidx	769	0x005c9594	6002068	0x7fb23c4c	0x809b46af
0x000ed38c	0x000ed38c	arm	0x000ed3cc		EHABI_unwind_range_start_not_function_extent	compact_inline		.ARM.exidx	770	0x005c959c	6002076	0x7fb23df0	0x80b0b0b0
0x000ed3cc	0x000ed3cc	arm	0x000ed7fc		EHABI_unwind_range_start_not_function_extent	compact_inline		.ARM.exidx	771	0x005c95a4	6002084	0x7fb23e28	0x809b46af
0x000ed7fc	0x000ed7fc	arm	0x000ed83c		EHABI_unwind_range_start_not_function_extent	compact_inline		.ARM.exidx	772	0x005c95ac	6002092	0x7fb24250	0x80b0b0b0
0x000ed83c	0x000ed83c	arm	0x000ed974		EHABI_unwind_range_start_not_function_extent	extab_pointer	0x005c70a8	.ARM.exidx	773	0x005c95b4	6002100	0x7fb24288	0x7fffdaf0
0x000ed974	0x000ed974	arm	0x000ed9bc		EHABI_unwind_range_start_not_function_extent	extab_pointer	0x005c70b4	.ARM.exidx	774	0x005c95bc	6002108	0x7fb243b8	0x7fffdaf4
0x000ed9bc	0x000ed9bc	arm	0x000eda64		EHABI_unwind_range_start_not_function_extent	extab_pointer	0x005c70c0	.ARM.exidx	775	0x005c95c4	6002116	0x7fb243f8	0x7fffdaf8
0x000eda64	0x000eda64	arm	0x000edbe0		EHABI_unwind_range_start_not_function_extent	extab_pointer	0x005c70cc	.ARM.exidx	776	0x005c95cc	6002124	0x7fb24498	0x7fffdafc
0x000edbe0	0x000edbe0	arm	0x000edca0		EHABI_unwind_range_start_not_function_extent	extab_pointer	0x005c70d8	.ARM.exidx	777	0x005c95d4	6002132	0x7fb2460c	0x7fffdb00
0x000edca0	0x000edca0	arm	0x000ede28		EHABI_unwind_range_start_not_function_extent	extab_pointer	0x005c70e4	.ARM.exidx	778	0x005c95dc	6002140	0x7fb246c4	0x7fffdb04
0x000ede28	0x000ede28	arm	0x000ee058		EHABI_unwind_range_start_not_function_extent	extab_pointer	0x005c70f0	.ARM.exidx	779	0x005c95e4	6002148	0x7fb24844	0x7fffdb08
0x000ee058	0x000ee058	arm	0x000ee81c		EHABI_unwind_range_start_not_function_extent	compact_inline		.ARM.exidx	780	0x005c95ec	6002156	0x7fb24a6c	0x809b46af
0x000ee81c	0x000ee81c	arm	0x000ee894		EHABI_unwind_range_start_not_function_extent	compact_inline		.ARM.exidx	781	0x005c95f4	6002164	0x7fb25228	0x809b8480
0x000ee894	0x000ee894	arm	0x000ee8e4		EHABI_unwind_range_start_not_function_extent	compact_inline		.ARM.exidx	782	0x005c95fc	6002172	0x7fb25298	0x80b0b0b0
0x000ee8e4	0x000ee8e4	arm	0x000eeaec		EHABI_unwind_range_start_not_function_extent	compact_inline		.ARM.exidx	783	0x005c9604	6002180	0x7fb252e0	0x809b46af
0x000eeaec	0x000eeaec	arm	0x000eec40		EHABI_unwind_range_start_not_function_extent	extab_pointer	0x005c70fc	.ARM.exidx	784	0x005c960c	6002188	0x7fb254e0	0x7fffdaec
0x000eec40	0x000eec40	arm	0x000eee00		EHABI_unwind_range_start_not_function_extent	compact_inline		.ARM.exidx	785	0x005c9614	6002196	0x7fb2562c	0x809b46af
0x000eee00	0x000eee00	arm	0x000ef238		EHABI_unwind_range_start_not_function_extent	extab_pointer	0x005c7108	.ARM.exidx	786	0x005c961c	6002204	0x7fb257e4	0x7fffdae8
0x000ef238	0x000ef238	arm	0x000ef2e8		EHABI_unwind_range_start_not_function_extent	extab_pointer	0x005c7114	.ARM.exidx	787	0x005c9624	6002212	0x7fb25c14	0x7fffdaec
0x000ef2e8	0x000ef2e8	arm	0x000ef5e0		EHABI_unwind_range_start_not_function_extent	compact_inline		.ARM.exidx	788	0x005c962c	6002220	0x7fb25cbc	0x809b46af
0x000ef5e0	0x000ef5e0	arm	0x000ef664		EHABI_unwind_range_start_not_function_extent	extab_pointer	0x005c7120	.ARM.exidx	789	0x005c9634	6002228	0x7fb25fac	0x7fffdae8
0x000ef664	0x000ef664	arm	0x000ef6d4		EHABI_unwind_range_start_not_function_extent	extab_pointer	0x005c712c	.ARM.exidx	790	0x005c963c	6002236	0x7fb26028	0x7fffdaec
0x000ef6d4	0x000ef6d4	arm	0x000f0560		EHABI_unwind_range_start_not_function_extent	compact_inline		.ARM.exidx	791	0x005c9644	6002244	0x7fb26090	0x808480b0
0x000f0560	0x000f0560	arm	0x000f08a0		EHABI_unwind_range_start_not_function_extent	extab_pointer	0x005c7138	.ARM.exidx	792	0x005c964c	6002252	0x7fb26f14	0x7fffdae8
0x000f08a0	0x000f08a0	arm	0x000f09e0		EHABI_unwind_range_start_not_function_extent	compact_inline		.ARM.exidx	793	0x005c9654	6002260	0x7fb2724c	0x80b0b0b0
0x000f09e0	0x000f09e0	arm	0x000f1000		EHABI_unwind_range_start_not_function_extent	compact_inline		.ARM.exidx	794	0x005c965c	6002268	0x7fb27384	0x809b46af
0x000f1000	0x000f1000	arm	0x000f1168		EHABI_unwind_range_start_not_function_extent	extab_pointer	0x005c7144	.ARM.exidx	795	0x005c9664	6002276	0x7fb2799c	0x7fffdadc
0x000f1168	0x000f1168	arm	0x000f1418		EHABI_unwind_range_start_not_function_extent	extab_pointer	0x005c7150	.ARM.exidx	796	0x005c966c	6002284	0x7fb27afc	0x7fffdae0
0x000f1418	0x000f1418	arm	0x000f18d8		EHABI_unwind_range_start_not_function_extent	compact_inline		.ARM.exidx	797	0x005c9674	6002292	0x7fb27da4	0x809b46af
0x000f18d8	0x000f18d8	arm	0x000f19b8		EHABI_unwind_range_start_not_function_extent	compact_inline		.ARM.exidx	798	0x005c967c	6002300	0x7fb2825c	0x80b0b0b0
0x000f19b8	0x000f19b8	arm	0x000f1d94		EHABI_unwind_range_start_not_function_extent	extab_pointer	0x005c715c	.ARM.exidx	799	0x005c9684	6002308	0x7fb28334	0x7fffdad4
0x000f1d94	0x000f1d94	arm	0x000f1e90		EHABI_unwind_range_start_not_function_extent	compact_inline		.ARM.exidx	800	0x005c968c	6002316	0x7fb28708	0x80b0b0b0
0x000f1e90	0x000f1e90	arm	0x000f20a0		EHABI_unwind_range_start_not_function_extent	compact_inline		.ARM.exidx	801	0x005c9694	6002324	0x7fb287fc	0x809b46af
0x000f20a0	0x000f20a0	arm	0x000f2138		EHABI_unwind_range_start_not_function_extent	compact_inline		.ARM.exidx	802	0x005c969c	6002332	0x7fb28a04	0x80b0b0b0
0x000f2138	0x000f2138	arm	0x000f23d4		EHABI_unwind_range_start_not_function_extent	compact_inline		.ARM.exidx	803	0x005c96a4	6002340	0x7fb28a94	0x809b46af
0x000f23d4	0x000f23d4	arm	0x000f23ec		EHABI_unwind_range_start_not_function_extent	compact_inline		.ARM.exidx	804	0x005c96ac	6002348	0x7fb28d28	0x80b0b0b0
0x000f23ec	0x000f23ec	arm	0x000f2524		EHABI_unwind_range_start_not_function_extent	extab_pointer	0x005c7168	.ARM.exidx	805	0x005c96b4	6002356	0x7fb28d38	0x7fffdab0
0x000f2524	0x000f2524	arm	0x000f25c8		EHABI_unwind_range_start_not_function_extent	extab_pointer	0x005c7174	.ARM.exidx	806	0x005c96bc	6002364	0x7fb28e68	0x7fffdab4
0x000f25c8	0x000f25c8	arm	0x000f2608		EHABI_unwind_range_start_not_function_extent	compact_inline		.ARM.exidx	807	0x005c96c4	6002372	0x7fb28f04	0x80b0b0b0
0x000f2608	0x000f2608	arm	0x000f26e4		EHABI_unwind_range_start_not_function_extent	extab_pointer	0x005c7180	.ARM.exidx	808	0x005c96cc	6002380	0x7fb28f3c	0x7fffdab0
0x000f26e4	0x000f26e4	arm	0x000f2870		EHABI_unwind_range_start_not_function_extent	compact_inline		.ARM.exidx	809	0x005c96d4	6002388	0x7fb29010	0x809b46af
0x000f2870	0x000f2870	arm	0x000f28b8		EHABI_unwind_range_start_not_function_extent	compact_inline		.ARM.exidx	810	0x005c96dc	6002396	0x7fb29194	0x80b0b0b0
0x000f28b8	0x000f28b8	arm	0x000f3084		EHABI_unwind_range_start_not_function_extent	compact_inline		.ARM.exidx	811	0x005c96e4	6002404	0x7fb291d4	0x809b46af
0x000f3084	0x000f3084	arm	0x000f310c		EHABI_unwind_range_start_not_function_extent	compact_inline		.ARM.exidx	812	0x005c96ec	6002412	0x7fb29998	0x80b0b0b0
0x000f310c	0x000f310c	arm	0x000f32a4		EHABI_unwind_range_start_not_function_extent	extab_pointer	0x005c718c	.ARM.exidx	813	0x005c96f4	6002420	0x7fb29a18	0x7fffda94
0x000f32a4	0x000f32a4	arm	0x000f32ac		EHABI_unwind_range_start_not_function_extent	compact_inline		.ARM.exidx	814	0x005c96fc	6002428	0x7fb29ba8	0x80b0b0b0
0x000f32ac	0x000f32ac	arm	0x000f3504		EHABI_unwind_range_start_not_function_extent	compact_inline		.ARM.exidx	815	0x005c9704	6002436	0x7fb29ba8	0x809b46af
0x000f3504	0x000f3504	arm	0x000f3988		EHABI_unwind_range_start_not_function_extent	extab_pointer	0x005c7198	.ARM.exidx	816	0x005c970c	6002444	0x7fb29df8	0x7fffda88
0x000f3988	0x000f3988	arm	0x000f3aa4		EHABI_unwind_range_start_not_function_extent	extab_pointer	0x005c71a4	.ARM.exidx	817	0x005c9714	6002452	0x7fb2a274	0x7fffda8c
0x000f3aa4	0x000f3aa4	arm	0x000f4448		EHABI_unwind_range_start_not_function_extent	compact_inline		.ARM.exidx	818	0x005c971c	6002460	0x7fb2a388	0x808480b0
0x000f4448	0x000f4448	arm	0x000f4788		EHABI_unwind_range_start_not_function_extent	extab_pointer	0x005c71b0	.ARM.exidx	819	0x005c9724	6002468	0x7fb2ad24	0x7fffda88
0x000f4788	0x000f4788	arm	0x000f4910		EHABI_unwind_range_start_not_function_extent	compact_inline		.ARM.exidx	820	0x005c972c	6002476	0x7fb2b05c	0x80b0b0b0
0x000f4910	0x000f4910	arm	0x000f4ba0		EHABI_unwind_range_start_not_function_extent	extab_pointer	0x005c71bc	.ARM.exidx	821	0x005c9734	6002484	0x7fb2b1dc	0x7fffda84
0x000f4ba0	0x000f4ba0	arm	0x000f4da8		EHABI_unwind_range_start_not_function_extent	extab_pointer	0x005c71c8	.ARM.exidx	822	0x005c973c	6002492	0x7fb2b464	0x7fffda88
0x000f4da8	0x000f4da8	arm	0x000f5014		EHABI_unwind_range_start_not_function_extent	compact_inline		.ARM.exidx	823	0x005c9744	6002500	0x7fb2b664	0x809b46af
0x000f5014	0x000f5014	arm	0x000f561c		EHABI_unwind_range_start_not_function_extent	extab_pointer	0x005c71d4	.ARM.exidx	824	0x005c974c	6002508	0x7fb2b8c8	0x7fffda84
0x000f561c	0x000f561c	arm	0x000f5728		EHABI_unwind_range_start_not_function_extent	extab_pointer	0x005c71e0	.ARM.exidx	825	0x005c9754	6002516	0x7fb2bec8	0x7fffda88
0x000f5728	0x000f5728	arm	0x000f5a1c		EHABI_unwind_range_start_not_function_extent	compact_inline		.ARM.exidx	826	0x005c975c	6002524	0x7fb2bfcc	0x80b0b0b0
0x000f5a1c	0x000f5a1c	arm	0x000f5c6c		EHABI_unwind_range_start_not_function_extent	compact_inline		.ARM.exidx	827	0x005c9764	6002532	0x7fb2c2b8	0x809b46af
0x000f5c6c	0x000f5c6c	arm	0x000f5cb8		EHABI_unwind_range_start_not_function_extent	compact_inline		.ARM.exidx	828	0x005c976c	6002540	0x7fb2c500	0x80b0b0b0
0x000f5cb8	0x000f5cb8	arm	0x000f6468		EHABI_unwind_range_start_not_function_extent	extab_pointer	0x005c71ec	.ARM.exidx	829	0x005c9774	6002548	0x7fb2c544	0x7fffda74
0x000f6468	0x000f6468	arm	0x000f65a0		EHABI_unwind_range_start_not_function_extent	extab_pointer	0x005c71f8	.ARM.exidx	830	0x005c977c	6002556	0x7fb2ccec	0x7fffda78
0x000f65a0	0x000f65a0	arm	0x000f65d8		EHABI_unwind_range_start_not_function_extent	compact_inline		.ARM.exidx	831	0x005c9784	6002564	0x7fb2ce1c	0x809b8480
0x000f65d8	0x000f65d8	arm	0x000f65e0		EHABI_unwind_range_start_not_function_extent	compact_inline		.ARM.exidx	832	0x005c978c	6002572	0x7fb2ce4c	0x80b0b0b0
0x000f65e0	0x000f65e0	arm	0x000f6688		EHABI_unwind_range_start_not_function_extent	extab_pointer	0x005c7204	.ARM.exidx	833	0x005c9794	6002580	0x7fb2ce4c	0x7fffda6c
0x000f6688	0x000f6688	arm	0x000f6744		EHABI_unwind_range_start_not_function_extent	extab_pointer	0x005c7210	.ARM.exidx	834	0x005c979c	6002588	0x7fb2ceec	0x7fffda70
0x000f6744	0x000f6744	arm	0x000f67ac		EHABI_unwind_range_start_not_function_extent	compact_inline		.ARM.exidx	835	0x005c97a4	6002596	0x7fb2cfa0	0x80b0b0b0
0x000f67ac	0x000f67ac	arm	0x000f6988		EHABI_unwind_range_start_not_function_extent	extab_pointer	0x005c721c	.ARM.exidx	836	0x005c97ac	6002604	0x7fb2d000	0x7fffda6c
0x000f6988	0x000f6988	arm	0x000f6ab4		EHABI_unwind_range_start_not_function_extent	extab_pointer	0x005c7228	.ARM.exidx	837	0x005c97b4	6002612	0x7fb2d1d4	0x7fffda70
0x000f6ab4	0x000f6ab4	arm	0x000f6b6c		EHABI_unwind_range_start_not_function_extent	extab_pointer	0x005c7234	.ARM.exidx	838	0x005c97bc	6002620	0x7fb2d2f8	0x7fffda74
0x000f6b6c	0x000f6b6c	arm	0x000f6f04		EHABI_unwind_range_start_not_function_extent	compact_inline		.ARM.exidx	839	0x005c97c4	6002628	0x7fb2d3a8	0x809b46af
0x000f6f04	0x000f6f04	arm	0x000f6f74		EHABI_unwind_range_start_not_function_extent	extab_pointer	0x005c7240	.ARM.exidx	840	0x005c97cc	6002636	0x7fb2d738	0x7fffda70
0x000f6f74	0x000f6f74	arm	0x000f710c		EHABI_unwind_range_start_not_function_extent	compact_inline		.ARM.exidx	841	0x005c97d4	6002644	0x7fb2d7a0	0x809b46af
0x000f710c	0x000f710c	arm	0x000f7a24		EHABI_unwind_range_start_not_function_extent	compact_inline		.ARM.exidx	842	0x005c97dc	6002652	0x7fb2d930	0x808480b0
0x000f7a24	0x000f7a24	arm	0x000f7b5c		EHABI_unwind_range_start_not_function_extent	extab_pointer	0x005c724c	.ARM.exidx	843	0x005c97e4	6002660	0x7fb2e240	0x7fffda64
0x000f7b5c	0x000f7b5c	arm	0x000f7b6c		EHABI_unwind_range_start_not_function_extent	compact_inline		.ARM.exidx	844	0x005c97ec	6002668	0x7fb2e370	0x80b0b0b0
0x000f7b6c	0x000f7b6c	arm	0x000f7bf4		EHABI_unwind_range_start_not_function_extent	extab_pointer	0x005c7258	.ARM.exidx	845	0x005c97f4	6002676	0x7fb2e378	0x7fffda60
0x000f7bf4	0x000f7bf4	arm	0x000f7c80		EHABI_unwind_range_start_not_function_extent	extab_pointer	0x005c7264	.ARM.exidx	846	0x005c97fc	6002684	0x7fb2e3f8	0x7fffda64
0x000f7c80	0x000f7c80	arm	0x000f7ce4		EHABI_unwind_range_start_not_function_extent	extab_pointer	0x005c7270	.ARM.exidx	847	0x005c9804	6002692	0x7fb2e47c	0x7fffda68
0x000f7ce4	0x000f7ce4	arm	0x000f7d24		EHABI_unwind_range_start_not_function_extent	extab_pointer	0x005c727c	.ARM.exidx	848	0x005c980c	6002700	0x7fb2e4d8	0x7fffda6c
0x000f7d24	0x000f7d24	arm	0x000f7d64		EHABI_unwind_range_start_not_function_extent	extab_pointer	0x005c7288	.ARM.exidx	849	0x005c9814	6002708	0x7fb2e510	0x7fffda70
0x000f7d64	0x000f7d64	arm	0x000f7db8		EHABI_unwind_range_start_not_function_extent	extab_pointer	0x005c7294	.ARM.exidx	850	0x005c981c	6002716	0x7fb2e548	0x7fffda74
0x000f7db8	0x000f7db8	arm	0x000f7df4		EHABI_unwind_range_start_not_function_extent	compact_inline		.ARM.exidx	851	0x005c9824	6002724	0x7fb2e594	0x809b8480
0x000f7df4	0x000f7df4	arm	0x000f7e90		EHABI_unwind_range_start_not_function_extent	extab_pointer	0x005c72a0	.ARM.exidx	852	0x005c982c	6002732	0x7fb2e5c8	0x7fffda70
0x000f7e90	0x000f7e90	arm	0x000f7f10		EHABI_unwind_range_start_not_function_extent	compact_inline		.ARM.exidx	853	0x005c9834	6002740	0x7fb2e65c	0x809b8480
0x000f7f10	0x000f7f10	arm	0x000f8048		EHABI_unwind_range_start_not_function_extent	compact_inline		.ARM.exidx	854	0x005c983c	6002748	0x7fb2e6d4	0x809b46af
0x000f8048	0x000f8048	arm	0x000f8238		EHABI_unwind_range_start_not_function_extent	extab_pointer	0x005c72ac	.ARM.exidx	855	0x005c9844	6002756	0x7fb2e804	0x7fffda64
0x000f8238	0x000f8238	arm	0x000f8398		EHABI_unwind_range_start_not_function_extent	extab_pointer	0x005c72b8	.ARM.exidx	856	0x005c984c	6002764	0x7fb2e9ec	0x7fffda68
0x000f8398	0x000f8398	arm	0x000f8568		EHABI_unwind_range_start_not_function_extent	compact_inline		.ARM.exidx	857	0x005c9854	6002772	0x7fb2eb44	0x808480b0
0x000f8568	0x000f8568	arm	0x000f86a8		EHABI_unwind_range_start_not_function_extent	extab_pointer	0x005c72c4	.ARM.exidx	858	0x005c985c	6002780	0x7fb2ed0c	0x7fffda64
0x000f86a8	0x000f86a8	arm	0x000f8a30		EHABI_unwind_range_start_not_function_extent	extab_pointer	0x005c72d0	.ARM.exidx	859	0x005c9864	6002788	0x7fb2ee44	0x7fffda68
0x000f8a30	0x000f8a30	arm	0x000f8b60		EHABI_unwind_range_start_not_function_extent	extab_pointer	0x005c72dc	.ARM.exidx	860	0x005c986c	6002796	0x7fb2f1c4	0x7fffda6c
0x000f8b60	0x000f8b60	arm	0x000f8c70		EHABI_unwind_range_start_not_function_extent	extab_pointer	0x005c72e8	.ARM.exidx	861	0x005c9874	6002804	0x7fb2f2ec	0x7fffda70
0x000f8c70	0x000f8c70	arm	0x000f8df0		EHABI_unwind_range_start_not_function_extent	extab_pointer	0x005c72f4	.ARM.exidx	862	0x005c987c	6002812	0x7fb2f3f4	0x7fffda74
0x000f8df0	0x000f8df0	arm	0x000f8e78		EHABI_unwind_range_start_not_function_extent	compact_inline		.ARM.exidx	863	0x005c9884	6002820	0x7fb2f56c	0x80b0b0b0
0x000f8e78	0x000f8e78	arm	0x000f910c		EHABI_unwind_range_start_not_function_extent	extab_pointer	0x005c7300	.ARM.exidx	864	0x005c988c	6002828	0x7fb2f5ec	0x7fffda70
0x000f910c	0x000f910c	arm	0x000f911c		EHABI_unwind_range_start_not_function_extent	compact_inline		.ARM.exidx	865	0x005c9894	6002836	0x7fb2f878	0x80b0b0b0
0x000f911c	0x000f911c	arm	0x000f91f4		EHABI_unwind_range_start_not_function_extent	extab_pointer	0x005c730c	.ARM.exidx	866	0x005c989c	6002844	0x7fb2f880	0x7fffda6c
0x000f91f4	0x000f91f4	arm	0x000f9278		EHABI_unwind_range_start_not_function_extent	compact_inline		.ARM.exidx	867	0x005c98a4	6002852	0x7fb2f950	0x809b8480
0x000f9278	0x000f9278	arm	0x000f92e8		EHABI_unwind_range_start_not_function_extent	extab_pointer	0x005c7318	.ARM.exidx	868	0x005c98ac	6002860	0x7fb2f9cc	0x7fffda68
0x000f92e8	0x000f92e8	arm	0x000f96a0		EHABI_unwind_range_start_not_function_extent	compact_inline		.ARM.exidx	869	0x005c98b4	6002868	0x7fb2fa34	0x808480b0
0x000f96a0	0x000f96a0	arm	0x000f9840		EHABI_unwind_range_start_not_function_extent	extab_pointer	0x005c7324	.ARM.exidx	870	0x005c98bc	6002876	0x7fb2fde4	0x7fffda64
0x000f9840	0x000f9840	arm	0x000f98b8		EHABI_unwind_range_start_not_function_extent	compact_inline		.ARM.exidx	871	0x005c98c4	6002884	0x7fb2ff7c	0x809b8480
0x000f98b8	0x000f98b8	arm	0x000f9a18		EHABI_unwind_range_start_not_function_extent	extab_pointer	0x005c7330	.ARM.exidx	872	0x005c98cc	6002892	0x7fb2ffec	0x7fffda60
0x000f9a18	0x000f9a18	arm	0x000f9a88		EHABI_unwind_range_start_not_function_extent	compact_inline		.ARM.exidx	873	0x005c98d4	6002900	0x7fb30144	0x809b8480
0x000f9a88	0x000f9a88	arm	0x000f9cf0		EHABI_unwind_range_start_not_function_extent	compact_inline		.ARM.exidx	874	0x005c98dc	6002908	0x7fb301ac	0x808480b0
0x000f9cf0	0x000f9cf0	arm	0x000f9d04		EHABI_unwind_range_start_not_function_extent	compact_inline		.ARM.exidx	875	0x005c98e4	6002916	0x7fb3040c	0x80b0b0b0
0x000f9d04	0x000f9d04	arm	0x000fa51c		EHABI_unwind_range_start_not_function_extent	compact_inline		.ARM.exidx	876	0x005c98ec	6002924	0x7fb30418	0x809b46af
0x000fa51c	0x000fa51c	arm	0x000fa534		EHABI_unwind_range_start_not_function_extent	compact_inline		.ARM.exidx	877	0x005c98f4	6002932	0x7fb30c28	0x809b8480
0x000fa534	0x000fa534	arm	0x000fa5a4		EHABI_unwind_range_start_not_function_extent	compact_inline		.ARM.exidx	878	0x005c98fc	6002940	0x7fb30c38	0x80b0b0b0
0x000fa5a4	0x000fa5a4	arm	0x000fa5e0		EHABI_unwind_range_start_not_function_extent	compact_inline		.ARM.exidx	879	0x005c9904	6002948	0x7fb30ca0	0x809b8480
0x000fa5e0	0x000fa5e0	arm	0x000fa6e0		EHABI_unwind_range_start_not_function_extent	extab_pointer	0x005c733c	.ARM.exidx	880	0x005c990c	6002956	0x7fb30cd4	0x7fffda2c
0x000fa6e0	0x000fa6e0	arm	0x000fa7b4		EHABI_unwind_range_start_not_function_extent	extab_pointer	0x005c7348	.ARM.exidx	881	0x005c9914	6002964	0x7fb30dcc	0x7fffda30
0x000fa7b4	0x000fa7b4	arm	0x000fa87c		EHABI_unwind_range_start_not_function_extent	extab_pointer	0x005c7354	.ARM.exidx	882	0x005c991c	6002972	0x7fb30e98	0x7fffda34
0x000fa87c	0x000fa87c	arm	0x000fa944		EHABI_unwind_range_start_not_function_extent	extab_pointer	0x005c7360	.ARM.exidx	883	0x005c9924	6002980	0x7fb30f58	0x7fffda38
0x000fa944	0x000fa944	arm	0x000fa97c		EHABI_unwind_range_start_not_function_extent	extab_pointer	0x005c736c	.ARM.exidx	884	0x005c992c	6002988	0x7fb31018	0x7fffda3c
0x000fa97c	0x000fa97c	arm	0x000faa24		EHABI_unwind_range_start_not_function_extent	extab_pointer	0x005c7378	.ARM.exidx	885	0x005c9934	6002996	0x7fb31048	0x7fffda40
0x000faa24	0x000faa24	arm	0x000fb2c8		EHABI_unwind_range_start_not_function_extent	compact_inline		.ARM.exidx	886	0x005c993c	6003004	0x7fb310e8	0x809b46af
0x000fb2c8	0x000fb2c8	arm	0x000fb530		EHABI_unwind_range_start_not_function_extent	compact_inline		.ARM.exidx	887	0x005c9944	6003012	0x7fb31984	0x808480b0
0x000fb530	0x000fb530	arm	0x000fb638		EHABI_unwind_range_start_not_function_extent	compact_inline		.ARM.exidx	888	0x005c994c	6003020	0x7fb31be4	0x80b0b0b0
0x000fb638	0x000fb638	arm	0x000fb6d0		EHABI_unwind_range_start_not_function_extent	extab_pointer	0x005c7384	.ARM.exidx	889	0x005c9954	6003028	0x7fb31ce4	0x7fffda2c
0x000fb6d0	0x000fb6d0	arm	0x000fb928		EHABI_unwind_range_start_not_function_extent	extab_pointer	0x005c7390	.ARM.exidx	890	0x005c995c	6003036	0x7fb31d74	0x7fffda30
0x000fb928	0x000fb928	arm	0x000fb994		EHABI_unwind_range_start_not_function_extent	compact_inline		.ARM.exidx	891	0x005c9964	6003044	0x7fb31fc4	0x80b0b0b0
0x000fb994	0x000fb994	arm	0x000fde04		EHABI_unwind_range_start_not_function_extent	compact_inline		.ARM.exidx	892	0x005c996c	6003052	0x7fb32028	0x809b46af
0x000fde04	0x000fde04	arm	0x000fde14		EHABI_unwind_range_start_not_function_extent	compact_inline		.ARM.exidx	893	0x005c9974	6003060	0x7fb34490	0x80b0b0b0
0x000fde14	0x000fde14	arm	0x000fdeb4		EHABI_unwind_range_start_not_function_extent	extab_pointer	0x005c739c	.ARM.exidx	894	0x005c997c	6003068	0x7fb34498	0x7fffda1c
0x000fdeb4	0x000fdeb4	arm	0x000fdec8		EHABI_unwind_range_start_not_function_extent	compact_inline		.ARM.exidx	895	0x005c9984	6003076	0x7fb34530	0x80b0b0b0
0x000fdec8	0x000fdec8	arm	0x000fdfac		EHABI_unwind_range_start_not_function_extent	extab_pointer	0x005c73a8	.ARM.exidx	896	0x005c998c	6003084	0x7fb3453c	0x7fffda18
0x000fdfac	0x000fdfac	arm	0x000fe114		EHABI_unwind_range_start_not_function_extent	compact_inline		.ARM.exidx	897	0x005c9994	6003092	0x7fb34618	0x80b0b0b0
0x000fe114	0x000fe114	arm	0x000fe190		EHABI_unwind_range_start_not_function_extent	compact_inline		.ARM.exidx	898	0x005c999c	6003100	0x7fb34778	0x809b8480
0x000fe190	0x000fe190	arm	0x000fe218		EHABI_unwind_range_start_not_function_extent	extab_pointer	0x005c73b4	.ARM.exidx	899	0x005c99a4	6003108	0x7fb347ec	0x7fffda0c
0x000fe218	0x000fe218	arm	0x000fe258		EHABI_unwind_range_start_not_function_extent	compact_inline		.ARM.exidx	900	0x005c99ac	6003116	0x7fb3486c	0x80b0b0b0
0x000fe258	0x000fe258	arm	0x000fe2e0		EHABI_unwind_range_start_not_function_extent	extab_pointer	0x005c73c0	.ARM.exidx	901	0x005c99b4	6003124	0x7fb348a4	0x7fffda08
0x000fe2e0	0x000fe2e0	arm	0x000fe310		EHABI_unwind_range_start_not_function_extent	compact_inline		.ARM.exidx	902	0x005c99bc	6003132	0x7fb34924	0x80b0b0b0
0x000fe310	0x000fe310	arm	0x000fe398		EHABI_unwind_range_start_not_function_extent	extab_pointer	0x005c73cc	.ARM.exidx	903	0x005c99c4	6003140	0x7fb3494c	0x7fffda04
0x000fe398	0x000fe398	arm	0x000fe420		EHABI_unwind_range_start_not_function_extent	extab_pointer	0x005c73d8	.ARM.exidx	904	0x005c99cc	6003148	0x7fb349cc	0x7fffda08
0x000fe420	0x000fe420	arm	0x000fe440		EHABI_unwind_range_start_not_function_extent	compact_inline		.ARM.exidx	905	0x005c99d4	6003156	0x7fb34a4c	0x80b0b0b0
0x000fe440	0x000fe440	arm	0x000fe518		EHABI_unwind_range_start_not_function_extent	compact_inline		.ARM.exidx	906	0x005c99dc	6003164	0x7fb34a64	0x809b46af
0x000fe518	0x000fe518	arm	0x000fe558		EHABI_unwind_range_start_not_function_extent	compact_inline		.ARM.exidx	907	0x005c99e4	6003172	0x7fb34b34	0x80b0b0b0
0x000fe558	0x000fe558	arm	0x000fe5e0		EHABI_unwind_range_start_not_function_extent	extab_pointer	0x005c73e4	.ARM.exidx	908	0x005c99ec	6003180	0x7fb34b6c	0x7fffd9f4
0x000fe5e0	0x000fe5e0	arm	0x000fe668		EHABI_unwind_range_start_not_function_extent	extab_pointer	0x005c73f0	.ARM.exidx	909	0x005c99f4	6003188	0x7fb34bec	0x7fffd9f8
0x000fe668	0x000fe668	arm	0x000fe6f0		EHABI_unwind_range_start_not_function_extent	extab_pointer	0x005c73fc	.ARM.exidx	910	0x005c99fc	6003196	0x7fb34c6c	0x7fffd9fc
0x000fe6f0	0x000fe6f0	arm	0x000fe710		EHABI_unwind_range_start_not_function_extent	compact_inline		.ARM.exidx	911	0x005c9a04	6003204	0x7fb34cec	0x80b0b0b0
0x000fe710	0x000fe710	arm	0x000fe7a4		EHABI_unwind_range_start_not_function_extent	extab_pointer	0x005c7408	.ARM.exidx	912	0x005c9a0c	6003212	0x7fb34d04	0x7fffd9f8
0x000fe7a4	0x000fe7a4	arm	0x000fe7b4		EHABI_unwind_range_start_not_function_extent	compact_inline		.ARM.exidx	913	0x005c9a14	6003220	0x7fb34d90	0x80b0b0b0
0x000fe7b4	0x000fe7b4	arm	0x000fe83c		EHABI_unwind_range_start_not_function_extent	extab_pointer	0x005c7414	.ARM.exidx	914	0x005c9a1c	6003228	0x7fb34d98	0x7fffd9f4
0x000fe83c	0x000fe83c	arm	0x000fe8d0		EHABI_unwind_range_start_not_function_extent	extab_pointer	0x005c7420	.ARM.exidx	915	0x005c9a24	6003236	0x7fb34e18	0x7fffd9f8
0x000fe8d0	0x000fe8d0	arm	0x000fe958		EHABI_unwind_range_start_not_function_extent	extab_pointer	0x005c742c	.ARM.exidx	916	0x005c9a2c	6003244	0x7fb34ea4	0x7fffd9fc
0x000fe958	0x000fe958	arm	0x000fe998		EHABI_unwind_range_start_not_function_extent	compact_inline		.ARM.exidx	917	0x005c9a34	6003252	0x7fb34f24	0x80b0b0b0
0x000fe998	0x000fe998	arm	0x000fea2c		EHABI_unwind_range_start_not_function_extent	extab_pointer	0x005c7438	.ARM.exidx	918	0x005c9a3c	6003260	0x7fb34f5c	0x7fffd9f8
0x000fea2c	0x000fea2c	arm	0x000fea4c		EHABI_unwind_range_start_not_function_extent	compact_inline		.ARM.exidx	919	0x005c9a44	6003268	0x7fb34fe8	0x80b0b0b0
0x000fea4c	0x000fea4c	arm	0x000fead4		EHABI_unwind_range_start_not_function_extent	extab_pointer	0x005c7444	.ARM.exidx	920	0x005c9a4c	6003276	0x7fb35000	0x7fffd9f4
0x000fead4	0x000fead4	arm	0x000feae4		EHABI_unwind_range_start_not_function_extent	compact_inline		.ARM.exidx	921	0x005c9a54	6003284	0x7fb35080	0x80b0b0b0
0x000feae4	0x000feae4	arm	0x000feb78		EHABI_unwind_range_start_not_function_extent	extab_pointer	0x005c7450	.ARM.exidx	922	0x005c9a5c	6003292	0x7fb35088	0x7fffd9f0
0x000feb78	0x000feb78	arm	0x000fec08		EHABI_unwind_range_start_not_function_extent	compact_inline		.ARM.exidx	923	0x005c9a64	6003300	0x7fb35114	0x80b0b0b0
0x000fec08	0x000fec08	arm	0x000feca8		EHABI_unwind_range_start_not_function_extent	extab_pointer	0x005c745c	.ARM.exidx	924	0x005c9a6c	6003308	0x7fb3519c	0x7fffd9ec
0x000feca8	0x000feca8	arm	0x000fed3c		EHABI_unwind_range_start_not_function_extent	extab_pointer	0x005c7468	.ARM.exidx	925	0x005c9a74	6003316	0x7fb35234	0x7fffd9f0
0x000fed3c	0x000fed3c	arm	0x000fedc4		EHABI_unwind_range_start_not_function_extent	extab_pointer	0x005c7474	.ARM.exidx	926	0x005c9a7c	6003324	0x7fb352c0	0x7fffd9f4
0x000fedc4	0x000fedc4	arm	0x000fee4c		EHABI_unwind_range_start_not_function_extent	extab_pointer	0x005c7480	.ARM.exidx	927	0x005c9a84	6003332	0x7fb35340	0x7fffd9f8
0x000fee4c	0x000fee4c	arm	0x000feeec		EHABI_unwind_range_start_not_function_extent	extab_pointer	0x005c748c	.ARM.exidx	928	0x005c9a8c	6003340	0x7fb353c0	0x7fffd9fc
0x000feeec	0x000feeec	arm	0x000fef4c		EHABI_unwind_range_start_not_function_extent	compact_inline		.ARM.exidx	929	0x005c9a94	6003348	0x7fb35458	0x80b0b0b0
0x000fef4c	0x000fef4c	arm	0x000ff288		EHABI_unwind_range_start_not_function_extent	compact_inline		.ARM.exidx	930	0x005c9a9c	6003356	0x7fb354b0	0x808480b0
0x000ff288	0x000ff288	arm	0x000ff660		EHABI_unwind_range_start_not_function_extent	extab_pointer	0x005c7498	.ARM.exidx	931	0x005c9aa4	6003364	0x7fb357e4	0x7fffd9f0
0x000ff660	0x000ff660	arm	0x000ffc0c		EHABI_unwind_range_start_not_function_extent	extab_pointer	0x005c74a4	.ARM.exidx	932	0x005c9aac	6003372	0x7fb35bb4	0x7fffd9f4
0x000ffc0c	0x000ffc0c	arm	0x000ffec8		EHABI_unwind_range_start_not_function_extent	compact_inline		.ARM.exidx	933	0x005c9ab4	6003380	0x7fb36158	0x808480b0
0x000ffec8	0x000ffec8	arm	0x000ffff8		EHABI_unwind_range_start_not_function_extent	compact_inline		.ARM.exidx	934	0x005c9abc	6003388	0x7fb3640c	0x80b0b0b0
0x000ffff8	0x000ffff8	arm	0x001000f0		EHABI_unwind_range_start_not_function_extent	compact_inline		.ARM.exidx	935	0x005c9ac4	6003396	0x7fb36534	0x809b8480
0x001000f0	0x001000f0	arm	0x00100438		EHABI_unwind_range_start_not_function_extent	extab_pointer	0x005c74b0	.ARM.exidx	936	0x005c9acc	6003404	0x7fb36624	0x7fffd9e0
0x00100438	0x00100438	arm	0x001004f8		EHABI_unwind_range_start_not_function_extent	extab_pointer	0x005c74bc	.ARM.exidx	937	0x005c9ad4	6003412	0x7fb36964	0x7fffd9e4
0x001004f8	0x001004f8	arm	0x00100878		EHABI_unwind_range_start_not_function_extent	extab_pointer	0x005c74c8	.ARM.exidx	938	0x005c9adc	6003420	0x7fb36a1c	0x7fffd9e8
0x00100878	0x00100878	arm	0x00100f3c		EHABI_unwind_range_start_not_function_extent	compact_inline		.ARM.exidx	939	0x005c9ae4	6003428	0x7fb36d94	0x809b8480
0x00100f3c	0x00100f3c	arm	0x00100fc4		EHABI_unwind_range_start_not_function_extent	compact_inline		.ARM.exidx	940	0x005c9aec	6003436	0x7fb37450	0x80b0b0b0
0x00100fc4	0x00100fc4	arm	0x00102988		EHABI_unwind_range_start_not_function_extent	compact_inline		.ARM.exidx	941	0x005c9af4	6003444	0x7fb374d0	0x809b46af
0x00102988	0x00102988	arm	0x00102a48		EHABI_unwind_range_start_not_function_extent	extab_pointer	0x005c74d4	.ARM.exidx	942	0x005c9afc	6003452	0x7fb38e8c	0x7fffd9d4
0x00102a48	0x00102a48	arm	0x00102a94		EHABI_unwind_range_start_not_function_extent	compact_inline		.ARM.exidx	943	0x005c9b04	6003460	0x7fb38f44	0x80b0b0b0
0x00102a94	0x00102a94	arm	0x00102b04		EHABI_unwind_range_start_not_function_extent	extab_pointer	0x005c74e0	.ARM.exidx	944	0x005c9b0c	6003468	0x7fb38f88	0x7fffd9d0
0x00102b04	0x00102b04	arm	0x00102b08		EHABI_unwind_range_start_not_function_extent	compact_inline		.ARM.exidx	945	0x005c9b14	6003476	0x7fb38ff0	0x80b0b0b0
0x00102b08	0x00102b08	arm	0x00102ec0		EHABI_unwind_range_start_not_function_extent	compact_inline		.ARM.exidx	946	0x005c9b1c	6003484	0x7fb38fec	0x809b46af
0x00102ec0	0x00102ec0	arm	0x00103058		EHABI_unwind_range_start_not_function_extent	extab_pointer	0x005c74ec	.ARM.exidx	947	0x005c9b24	6003492	0x7fb3939c	0x7fffd9c4
0x00103058	0x00103058	arm	0x00103ae8		EHABI_unwind_range_start_not_function_extent	extab_pointer	0x005c74f8	.ARM.exidx	948	0x005c9b2c	6003500	0x7fb3952c	0x7fffd9c8
0x00103ae8	0x00103ae8	arm	0x00104134		EHABI_unwind_range_start_not_function_extent	extab_pointer	0x005c7504	.ARM.exidx	949	0x005c9b34	6003508	0x7fb39fb4	0x7fffd9cc
0x00104134	0x00104134	arm	0x00104218		EHABI_unwind_range_start_not_function_extent	extab_pointer	0x005c7510	.ARM.exidx	950	0x005c9b3c	6003516	0x7fb3a5f8	0x7fffd9d0
0x00104218	0x00104218	arm	0x00104368		EHABI_unwind_range_start_not_function_extent	extab_pointer	0x005c751c	.ARM.exidx	951	0x005c9b44	6003524	0x7fb3a6d4	0x7fffd9d4
0x00104368	0x00104368	arm	0x00104538		EHABI_unwind_range_start_not_function_extent	extab_pointer	0x005c7528	.ARM.exidx	952	0x005c9b4c	6003532	0x7fb3a81c	0x7fffd9d8
0x00104538	0x00104538	arm	0x00104868		EHABI_unwind_range_start_not_function_extent	extab_pointer	0x005c7534	.ARM.exidx	953	0x005c9b54	6003540	0x7fb3a9e4	0x7fffd9dc
0x00104868	0x00104868	arm	0x00104a20		EHABI_unwind_range_start_not_function_extent	compact_inline		.ARM.exidx	954	0x005c9b5c	6003548	0x7fb3ad0c	0x80b0b0b0
0x00104a20	0x00104a20	arm	0x00104aa0		EHABI_unwind_range_start_not_function_extent	extab_pointer	0x005c7540	.ARM.exidx	955	0x005c9b64	6003556	0x7fb3aebc	0x7fffd9d8
0x00104aa0	0x00104aa0	arm	0x00104fe4		EHABI_unwind_range_start_not_function_extent	compact_inline		.ARM.exidx	956	0x005c9b6c	6003564	0x7fb3af34	0x809b46af
0x00104fe4	0x00104fe4	arm	0x00105394		EHABI_unwind_range_start_not_function_extent	extab_pointer	0x005c754c	.ARM.exidx	957	0x005c9b74	6003572	0x7fb3b470	0x7fffd9d4
0x00105394	0x00105394	arm	0x0010560c		EHABI_unwind_range_start_not_function_extent	extab_pointer	0x005c7558	.ARM.exidx	958	0x005c9b7c	6003580	0x7fb3b818	0x7fffd9d8
0x0010560c	0x0010560c	arm	0x00105d24		EHABI_unwind_range_start_not_function_extent	compact_inline		.ARM.exidx	959	0x005c9b84	6003588	0x7fb3ba88	0x809b46af
0x00105d24	0x00105d24	arm	0x00105d30		EHABI_unwind_range_start_not_function_extent	compact_inline		.ARM.exidx	960	0x005c9b8c	6003596	0x7fb3c198	0x80b0b0b0
0x00105d30	0x00105d30	arm	0x00105f58		EHABI_unwind_range_start_not_function_extent	compact_inline		.ARM.exidx	961	0x005c9b94	6003604	0x7fb3c19c	0x809b46af
0x00105f58	0x00105f58	arm	0x00106a58		EHABI_unwind_range_start_not_function_extent	compact_inline		.ARM.exidx	962	0x005c9b9c	6003612	0x7fb3c3bc	0x808480b0
0x00106a58	0x00106a58	arm	0x00107188		EHABI_unwind_range_start_not_function_extent	compact_inline		.ARM.exidx	963	0x005c9ba4	6003620	0x7fb3ceb4	0x809b46af
0x00107188	0x00107188	arm	0x00107648		EHABI_unwind_range_start_not_function_extent	extab_pointer	0x005c7564	.ARM.exidx	964	0x005c9bac	6003628	0x7fb3d5dc	0x7fffd9b4
0x00107648	0x00107648	arm	0x001079f0		EHABI_unwind_range_start_not_function_extent	extab_pointer	0x005c7570	.ARM.exidx	965	0x005c9bb4	6003636	0x7fb3da94	0x7fffd9b8
0x001079f0	0x001079f0	arm	0x00107ed0		EHABI_unwind_range_start_not_function_extent	extab_pointer	0x005c757c	.ARM.exidx	966	0x005c9bbc	6003644	0x7fb3de34	0x7fffd9bc
0x00107ed0	0x00107ed0	arm	0x001082b4		EHABI_unwind_range_start_not_function_extent	extab_pointer	0x005c7588	.ARM.exidx	967	0x005c9bc4	6003652	0x7fb3e30c	0x7fffd9c0
0x001082b4	0x001082b4	arm	0x001083e4		EHABI_unwind_range_start_not_function_extent	extab_pointer	0x005c7594	.ARM.exidx	968	0x005c9bcc	6003660	0x7fb3e6e8	0x7fffd9c4
0x001083e4	0x001083e4	arm	0x001087cc		EHABI_unwind_range_start_not_function_extent	compact_inline		.ARM.exidx	969	0x005c9bd4	6003668	0x7fb3e810	0x808480b0
0x001087cc	0x001087cc	arm	0x0010885c		EHABI_unwind_range_start_not_function_extent	extab_pointer	0x005c75a0	.ARM.exidx	970	0x005c9bdc	6003676	0x7fb3ebf0	0x7fffd9c0
0x0010885c	0x0010885c	arm	0x00108898		EHABI_unwind_range_start_not_function_extent	compact_inline		.ARM.exidx	971	0x005c9be4	6003684	0x7fb3ec78	0x809b8480
0x00108898	0x00108898	arm	0x001088b8		EHABI_unwind_range_start_not_function_extent	compact_inline		.ARM.exidx	972	0x005c9bec	6003692	0x7fb3ecac	0x80b0b0b0
0x001088b8	0x001088b8	arm	0x001088f8		EHABI_unwind_range_start_not_function_extent	extab_pointer	0x005c75ac	.ARM.exidx	973	0x005c9bf4	6003700	0x7fb3ecc4	0x7fffd9b4
0x001088f8	0x001088f8	arm	0x00108938		EHABI_unwind_range_start_not_function_extent	extab_pointer	0x005c75b8	.ARM.exidx	974	0x005c9bfc	6003708	0x7fb3ecfc	0x7fffd9b8
0x00108938	0x00108938	arm	0x001089e0		EHABI_unwind_range_start_not_function_extent	extab_pointer	0x005c75c4	.ARM.exidx	975	0x005c9c04	6003716	0x7fb3ed34	0x7fffd9bc
0x001089e0	0x001089e0	arm	0x00108aec		EHABI_unwind_range_start_not_function_extent	extab_pointer	0x005c75d0	.ARM.exidx	976	0x005c9c0c	6003724	0x7fb3edd4	0x7fffd9c0
0x00108aec	0x00108aec	arm	0x00108b40		EHABI_unwind_range_start_not_function_extent	extab_pointer	0x005c75dc	.ARM.exidx	977	0x005c9c14	6003732	0x7fb3eed8	0x7fffd9c4
0x00108b40	0x00108b40	arm	0x00108b7c		EHABI_unwind_range_start_not_function_extent	compact_inline		.ARM.exidx	978	0x005c9c1c	6003740	0x7fb3ef24	0x809b8480
0x00108b7c	0x00108b7c	arm	0x00109120		EHABI_unwind_range_start_not_function_extent	compact_inline		.ARM.exidx	979	0x005c9c24	6003748	0x7fb3ef58	0x809b46af
0x00109120	0x00109120	arm	0x00109170		EHABI_unwind_range_start_not_function_extent	extab_pointer	0x005c75e8	.ARM.exidx	980	0x005c9c2c	6003756	0x7fb3f4f4	0x7fffd9b8
0x00109170	0x00109170	arm	0x00109740		EHABI_unwind_range_start_not_function_extent	compact_inline		.ARM.exidx	981	0x005c9c34	6003764	0x7fb3f53c	0x809b46af
0x00109740	0x00109740	arm	0x00109930		EHABI_unwind_range_start_not_function_extent	extab_pointer	0x005c75f4	.ARM.exidx	982	0x005c9c3c	6003772	0x7fb3fb04	0x7fffd9b4
0x00109930	0x00109930	arm	0x00109a1c		EHABI_unwind_range_start_not_function_extent	extab_pointer	0x005c7600	.ARM.exidx	983	0x005c9c44	6003780	0x7fb3fcec	0x7fffd9b8
0x00109a1c	0x00109a1c	arm	0x00109c3c		EHABI_unwind_range_start_not_function_extent	compact_inline		.ARM.exidx	984	0x005c9c4c	6003788	0x7fb3fdd0	0x808480b0
0x00109c3c	0x00109c3c	arm	0x00109cf4		EHABI_unwind_range_start_not_function_extent	extab_pointer	0x005c760c	.ARM.exidx	985	0x005c9c54	6003796	0x7fb3ffe8	0x7fffd9b4
0x00109cf4	0x00109cf4	arm	0x0010a034		EHABI_unwind_range_start_not_function_extent	compact_inline		.ARM.exidx	986	0x005c9c5c	6003804	0x7fb40098	0x809b46af
0x0010a034	0x0010a034	arm	0x0010a074		EHABI_unwind_range_start_not_function_extent	extab_pointer	0x005c7618	.ARM.exidx	987	0x005c9c64	6003812	0x7fb403d0	0x7fffd9b0
0x0010a074	0x0010a074	arm	0x0010a78c		EHABI_unwind_range_start_not_function_extent	compact_inline		.ARM.exidx	988	0x005c9c6c	6003820	0x7fb40408	0x809b46af
0x0010a78c	0x0010a78c	arm	0x0010a854		EHABI_unwind_range_start_not_function_extent	compact_inline		.ARM.exidx	989	0x005c9c74	6003828	0x7fb40b18	0x809b8480
0x0010a854	0x0010a854	arm	0x0010a924		EHABI_unwind_range_start_not_function_extent	extab_pointer	0x005c7624	.ARM.exidx	990	0x005c9c7c	6003836	0x7fb40bd8	0x7fffd9a4
0x0010a924	0x0010a924	arm	0x0010b08c		EHABI_unwind_range_start_not_function_extent	compact_inline		.ARM.exidx	991	0x005c9c84	6003844	0x7fb40ca0	0x808480b0
0x0010b08c	0x0010b08c	arm	0x0010b548		EHABI_unwind_range_start_not_function_extent	compact_inline		.ARM.exidx	992	0x005c9c8c	6003852	0x7fb41400	0x809b46af
0x0010b548	0x0010b548	arm	0x0010b564		EHABI_unwind_range_start_not_function_extent	compact_inline		.ARM.exidx	993	0x005c9c94	6003860	0x7fb418b4	0x80b0b0b0
0x0010b564	0x0010b564	arm	0x0010b5c4		EHABI_unwind_range_start_not_function_extent	extab_pointer	0x005c7630	.ARM.exidx	994	0x005c9c9c	6003868	0x7fb418c8	0x7fffd990
0x0010b5c4	0x0010b5c4	arm	0x0010b850		EHABI_unwind_range_start_not_function_extent	compact_inline		.ARM.exidx	995	0x005c9ca4	6003876	0x7fb41920	0x809b46af
0x0010b850	0x0010b850	arm	0x0010b9d4		EHABI_unwind_range_start_not_function_extent	extab_pointer	0x005c763c	.ARM.exidx	996	0x005c9cac	6003884	0x7fb41ba4	0x7fffd98c
0x0010b9d4	0x0010b9d4	arm	0x0010bf40		EHABI_unwind_range_start_not_function_extent	compact_inline		.ARM.exidx	997	0x005c9cb4	6003892	0x7fb41d20	0x809b46af
0x0010bf40	0x0010bf40	arm	0x0010c5e8		EHABI_unwind_range_start_not_function_extent	compact_inline		.ARM.exidx	998	0x005c9cbc	6003900	0x7fb42284	0x808480b0
0x0010c5e8	0x0010c5e8	arm	0x0010c670		EHABI_unwind_range_start_not_function_extent	compact_inline		.ARM.exidx	999	0x005c9cc4	6003908	0x7fb42924	0x80b0b0b0
0x0010c670	0x0010c670	arm	0x0010ca58		EHABI_unwind_range_start_not_function_extent	extab_pointer	0x005c7648	.ARM.exidx	1000	0x005c9ccc	6003916	0x7fb429a4	0x7fffd978
0x0010ca58	0x0010ca58	arm	0x0010cb08		EHABI_unwind_range_start_not_function_extent	compact_inline		.ARM.exidx	1001	0x005c9cd4	6003924	0x7fb42d84	0x809b8480
0x0010cb08	0x0010cb08	arm	0x0010cc48		EHABI_unwind_range_start_not_function_extent	extab_pointer	0x005c7654	.ARM.exidx	1002	0x005c9cdc	6003932	0x7fb42e2c	0x7fffd974
0x0010cc48	0x0010cc48	arm	0x0010cc88		EHABI_unwind_range_start_not_function_extent	compact_inline		.ARM.exidx	1003	0x005c9ce4	6003940	0x7fb42f64	0x80b0b0b0
0x0010cc88	0x0010cc88	arm	0x0010cf34		EHABI_unwind_range_start_not_function_extent	extab_pointer	0x005c7660	.ARM.exidx	1004	0x005c9cec	6003948	0x7fb42f9c	0x7fffd970
0x0010cf34	0x0010cf34	arm	0x0010cf38		EHABI_unwind_range_start_not_function_extent	compact_inline		.ARM.exidx	1005	0x005c9cf4	6003956	0x7fb43240	0x80b0b0b0
0x0010cf38	0x0010cf38	arm	0x0010cf74		EHABI_unwind_range_start_not_function_extent	compact_inline		.ARM.exidx	1006	0x005c9cfc	6003964	0x7fb4323c	0x809b8480
0x0010cf74	0x0010cf74	arm	0x0010cfac		EHABI_unwind_range_start_not_function_extent	compact_inline		.ARM.exidx	1007	0x005c9d04	6003972	0x7fb43270	0x80b0b0b0
0x0010cfac	0x0010cfac	arm	0x0010d2b4		EHABI_unwind_range_start_not_function_extent	extab_pointer	0x005c766c	.ARM.exidx	1008	0x005c9d0c	6003980	0x7fb432a0	0x7fffd95c
0x0010d2b4	0x0010d2b4	arm	0x0010d74c		EHABI_unwind_range_start_not_function_extent	compact_inline		.ARM.exidx	1009	0x005c9d14	6003988	0x7fb435a0	0x808480b0
0x0010d74c	0x0010d74c	arm	0x0010da5c		EHABI_unwind_range_start_not_function_extent	extab_pointer	0x005c7678	.ARM.exidx	1010	0x005c9d1c	6003996	0x7fb43a30	0x7fffd958
0x0010da5c	0x0010da5c	arm	0x0010daa4		EHABI_unwind_range_start_not_function_extent	compact_inline		.ARM.exidx	1011	0x005c9d24	6004004	0x7fb43d38	0x80b0b0b0
0x0010daa4	0x0010daa4	arm	0x0010dbf0		EHABI_unwind_range_start_not_function_extent	extab_pointer	0x005c7684	.ARM.exidx	1012	0x005c9d2c	6004012	0x7fb43d78	0x7fffd954
0x0010dbf0	0x0010dbf0	arm	0x0010dce8		EHABI_unwind_range_start_not_function_extent	extab_pointer	0x005c7690	.ARM.exidx	1013	0x005c9d34	6004020	0x7fb43ebc	0x7fffd958
0x0010dce8	0x0010dce8	arm	0x0010dd30		EHABI_unwind_range_start_not_function_extent	compact_inline		.ARM.exidx	1014	0x005c9d3c	6004028	0x7fb43fac	0x809b8480
0x0010dd30	0x0010dd30	arm	0x0010e0c8		EHABI_unwind_range_start_not_function_extent	compact_inline		.ARM.exidx	1015	0x005c9d44	6004036	0x7fb43fec	0x808480b0
0x0010e0c8	0x0010e0c8	arm	0x0010e938		EHABI_unwind_range_start_not_function_extent	compact_inline		.ARM.exidx	1016	0x005c9d4c	6004044	0x7fb4437c	0x809b46af
0x0010e938	0x0010e938	arm	0x0010e994		EHABI_unwind_range_start_not_function_extent	extab_pointer	0x005c769c	.ARM.exidx	1017	0x005c9d54	6004052	0x7fb44be4	0x7fffd944
0x0010e994	0x0010e994	arm	0x0010e9a0		EHABI_unwind_range_start_not_function_extent	compact_inline		.ARM.exidx	1018	0x005c9d5c	6004060	0x7fb44c38	0x80b0b0b0
0x0010e9a0	0x0010e9a0	arm	0x0010ea5c		EHABI_unwind_range_start_not_function_extent	extab_pointer	0x005c76a8	.ARM.exidx	1019	0x005c9d64	6004068	0x7fb44c3c	0x7fffd940
0x0010ea5c	0x0010ea5c	arm	0x0010ed2c		EHABI_unwind_range_start_not_function_extent	compact_inline		.ARM.exidx	1020	0x005c9d6c	6004076	0x7fb44cf0	0x808480b0
0x0010ed2c	0x0010ed2c	arm	0x0010ee90		EHABI_unwind_range_start_not_function_extent	extab_pointer	0x005c76b4	.ARM.exidx	1021	0x005c9d74	6004084	0x7fb44fb8	0x7fffd93c
0x0010ee90	0x0010ee90	arm	0x0010ef3c		EHABI_unwind_range_start_not_function_extent	extab_pointer	0x005c76c0	.ARM.exidx	1022	0x005c9d7c	6004092	0x7fb45114	0x7fffd940
0x0010ef3c	0x0010ef3c	arm	0x0010f128		EHABI_unwind_range_start_not_function_extent	extab_pointer	0x005c76cc	.ARM.exidx	1023	0x005c9d84	6004100	0x7fb451b8	0x7fffd944
0x0010f128	0x0010f128	arm	0x0010f170		EHABI_unwind_range_start_not_function_extent	extab_pointer	0x005c76d8	.ARM.exidx	1024	0x005c9d8c	6004108	0x7fb4539c	0x7fffd948
0x0010f170	0x0010f170	arm	0x0010f258		EHABI_unwind_range_start_not_function_extent	compact_inline		.ARM.exidx	1025	0x005c9d94	6004116	0x7fb453dc	0x809b46af
0x0010f258	0x0010f258	arm	0x0010f2c4		EHABI_unwind_range_start_not_function_extent	extab_pointer	0x005c76e4	.ARM.exidx	1026	0x005c9d9c	6004124	0x7fb454bc	0x7fffd944
0x0010f2c4	0x0010f2c4	arm	0x0010f32c		EHABI_unwind_range_start_not_function_extent	compact_inline		.ARM.exidx	1027	0x005c9da4	6004132	0x7fb45520	0x80b0b0b0
0x0010f32c	0x0010f32c	arm	0x0010f64c		EHABI_unwind_range_start_not_function_extent	compact_inline		.ARM.exidx	1028	0x005c9dac	6004140	0x7fb45580	0x809b46af
0x0010f64c	0x0010f64c	arm	0x0010f6b8		EHABI_unwind_range_start_not_function_extent	compact_inline		.ARM.exidx	1029	0x005c9db4	6004148	0x7fb45898	0x80b0b0b0
0x0010f6b8	0x0010f6b8	arm	0x0010f830		EHABI_unwind_range_start_not_function_extent	compact_inline		.ARM.exidx	1030	0x005c9dbc	6004156	0x7fb458fc	0x809b46af
0x0010f830	0x0010f830	arm	0x0010f938		EHABI_unwind_range_start_not_function_extent	compact_inline		.ARM.exidx	1031	0x005c9dc4	6004164	0x7fb45a6c	0x808480b0
0x0010f938	0x0010f938	arm	0x0010fa38		EHABI_unwind_range_start_not_function_extent	compact_inline		.ARM.exidx	1032	0x005c9dcc	6004172	0x7fb45b6c	0x809b46af
0x0010fa38	0x0010fa38	arm	0x0010fbd0		EHABI_unwind_range_start_not_function_extent	extab_pointer	0x005c76f0	.ARM.exidx	1033	0x005c9dd4	6004180	0x7fb45c64	0x7fffd918
0x0010fbd0	0x0010fbd0	arm	0x0010fc74		EHABI_unwind_range_start_not_function_extent	extab_pointer	0x005c76fc	.ARM.exidx	1034	0x005c9ddc	6004188	0x7fb45df4	0x7fffd91c
0x0010fc74	0x0010fc74	arm	0x0010fd38		EHABI_unwind_range_start_not_function_extent	compact_inline		.ARM.exidx	1035	0x005c9de4	6004196	0x7fb45e90	0x80b0b0b0
0x0010fd38	0x0010fd38	arm	0x0010ff88		EHABI_unwind_range_start_not_function_extent	extab_pointer	0x005c7708	.ARM.exidx	1036	0x005c9dec	6004204	0x7fb45f4c	0x7fffd918
0x0010ff88	0x0010ff88	arm	0x001100d8		EHABI_unwind_range_start_not_function_extent	compact_inline		.ARM.exidx	1037	0x005c9df4	6004212	0x7fb46194	0x809b46af
0x001100d8	0x001100d8	arm	0x001102d8		EHABI_unwind_range_start_not_function_extent	extab_pointer	0x005c7714	.ARM.exidx	1038	0x005c9dfc	6004220	0x7fb462dc	0x7fffd914
0x001102d8	0x001102d8	arm	0x001103b8		EHABI_unwind_range_start_not_function_extent	extab_pointer	0x005c7720	.ARM.exidx	1039	0x005c9e04	6004228	0x7fb464d4	0x7fffd918
0x001103b8	0x001103b8	arm	0x00110480		EHABI_unwind_range_start_not_function_extent	compact_inline		.ARM.exidx	1040	0x005c9e0c	6004236	0x7fb465ac	0x809b8480
0x00110480	0x00110480	arm	0x00110594		EHABI_unwind_range_start_not_function_extent	extab_pointer	0x005c772c	.ARM.exidx	1041	0x005c9e14	6004244	0x7fb4666c	0x7fffd914
0x00110594	0x00110594	arm	0x001106a4		EHABI_unwind_range_start_not_function_extent	extab_pointer	0x005c7738	.ARM.exidx	1042	0x005c9e1c	6004252	0x7fb46778	0x7fffd918
0x001106a4	0x001106a4	arm	0x001106e0		EHABI_unwind_range_start_not_function_extent	extab_pointer	0x005c7744	.ARM.exidx	1043	0x005c9e24	6004260	0x7fb46880	0x7fffd91c
0x001106e0	0x001106e0	arm	0x0011072c		EHABI_unwind_range_start_not_function_extent	extab_pointer	0x005c7750	.ARM.exidx	1044	0x005c9e2c	6004268	0x7fb468b4	0x7fffd920
0x0011072c	0x0011072c	arm	0x00110954		EHABI_unwind_range_start_not_function_extent	extab_pointer	0x005c775c	.ARM.exidx	1045	0x005c9e34	6004276	0x7fb468f8	0x7fffd924
0x00110954	0x00110954	arm	0x00110cbc		EHABI_unwind_range_start_not_function_extent	compact_inline		.ARM.exidx	1046	0x005c9e3c	6004284	0x7fb46b18	0x808480b0
0x00110cbc	0x00110cbc	arm	0x00110f70		EHABI_unwind_range_start_not_function_extent	extab_pointer	0x005c7768	.ARM.exidx	1047	0x005c9e44	6004292	0x7fb46e78	0x7fffd920
0x00110f70	0x00110f70	arm	0x001112f8		EHABI_unwind_range_start_not_function_extent	extab_pointer	0x005c7774	.ARM.exidx	1048	0x005c9e4c	6004300	0x7fb47124	0x7fffd924
0x001112f8	0x001112f8	arm	0x00111498		EHABI_unwind_range_start_not_function_extent	extab_pointer	0x005c7780	.ARM.exidx	1049	0x005c9e54	6004308	0x7fb474a4	0x7fffd928
0x00111498	0x00111498	arm	0x00111b38		EHABI_unwind_range_start_not_function_extent	compact_inline		.ARM.exidx	1050	0x005c9e5c	6004316	0x7fb4763c	0x809b46af
0x00111b38	0x00111b38	arm	0x00111bdc		EHABI_unwind_range_start_not_function_extent	extab_pointer	0x005c778c	.ARM.exidx	1051	0x005c9e64	6004324	0x7fb47cd4	0x7fffd924
0x00111bdc	0x00111bdc	arm	0x00111c48		EHABI_unwind_range_start_not_function_extent	extab_pointer	0x005c7798	.ARM.exidx	1052	0x005c9e6c	6004332	0x7fb47d70	0x7fffd928
0x00111c48	0x00111c48	arm	0x00111cb0		EHABI_unwind_range_start_not_function_extent	extab_pointer	0x005c77a4	.ARM.exidx	1053	0x005c9e74	6004340	0x7fb47dd4	0x7fffd92c
0x00111cb0	0x00111cb0	arm	0x00111dec		EHABI_unwind_range_start_not_function_extent	extab_pointer	0x005c77b0	.ARM.exidx	1054	0x005c9e7c	6004348	0x7fb47e34	0x7fffd930
0x00111dec	0x00111dec	arm	0x00111e88		EHABI_unwind_range_start_not_function_extent	extab_pointer	0x005c77bc	.ARM.exidx	1055	0x005c9e84	6004356	0x7fb47f68	0x7fffd934
0x00111e88	0x00111e88	arm	0x00111edc		EHABI_unwind_range_start_not_function_extent	extab_pointer	0x005c77c8	.ARM.exidx	1056	0x005c9e8c	6004364	0x7fb47ffc	0x7fffd938
0x00111edc	0x00111edc	arm	0x00112234		EHABI_unwind_range_start_not_function_extent	extab_pointer	0x005c77d4	.ARM.exidx	1057	0x005c9e94	6004372	0x7fb48048	0x7fffd93c
0x00112234	0x00112234	arm	0x00112320		EHABI_unwind_range_start_not_function_extent	extab_pointer	0x005c77e0	.ARM.exidx	1058	0x005c9e9c	6004380	0x7fb48398	0x7fffd940
0x00112320	0x00112320	arm	0x0011247c		EHABI_unwind_range_start_not_function_extent	extab_pointer	0x005c77ec	.ARM.exidx	1059	0x005c9ea4	6004388	0x7fb4847c	0x7fffd944
0x0011247c	0x0011247c	arm	0x00112608		EHABI_unwind_range_start_not_function_extent	extab_pointer	0x005c77f8	.ARM.exidx	1060	0x005c9eac	6004396	0x7fb485d0	0x7fffd948
0x00112608	0x00112608	arm	0x00112650		EHABI_unwind_range_start_not_function_extent	extab_pointer	0x005c7804	.ARM.exidx	1061	0x005c9eb4	6004404	0x7fb48754	0x7fffd94c
0x00112650	0x00112650	arm	0x00112728		EHABI_unwind_range_start_not_function_extent	extab_pointer	0x005c7810	.ARM.exidx	1062	0x005c9ebc	6004412	0x7fb48794	0x7fffd950
0x00112728	0x00112728	arm	0x00112830		EHABI_unwind_range_start_not_function_extent	extab_pointer	0x005c781c	.ARM.exidx	1063	0x005c9ec4	6004420	0x7fb48864	0x7fffd954
0x00112830	0x00112830	arm	0x00112860		EHABI_unwind_range_start_not_function_extent	compact_inline		.ARM.exidx	1064	0x005c9ecc	6004428	0x7fb48964	0x809b8480
0x00112860	0x00112860	arm	0x00112998		EHABI_unwind_range_start_not_function_extent	extab_pointer	0x005c7828	.ARM.exidx	1065	0x005c9ed4	6004436	0x7fb4898c	0x7fffd950
0x00112998	0x00112998	arm	0x00113068		EHABI_unwind_range_start_not_function_extent	compact_inline		.ARM.exidx	1066	0x005c9edc	6004444	0x7fb48abc	0x809b46af
0x00113068	0x00113068	arm	0x00113138		EHABI_unwind_range_start_not_function_extent	extab_pointer	0x005c7834	.ARM.exidx	1067	0x005c9ee4	6004452	0x7fb49184	0x7fffd94c
0x00113138	0x00113138	arm	0x001131a4		EHABI_unwind_range_start_not_function_extent	extab_pointer	0x005c7840	.ARM.exidx	1068	0x005c9eec	6004460	0x7fb4924c	0x7fffd950
0x001131a4	0x001131a4	arm	0x00113210		EHABI_unwind_range_start_not_function_extent	extab_pointer	0x005c784c	.ARM.exidx	1069	0x005c9ef4	6004468	0x7fb492b0	0x7fffd954
0x00113210	0x00113210	arm	0x00113318		EHABI_unwind_range_start_not_function_extent	extab_pointer	0x005c7858	.ARM.exidx	1070	0x005c9efc	6004476	0x7fb49314	0x7fffd958
0x00113318	0x00113318	arm	0x00113788		EHABI_unwind_range_start_not_function_extent	compact_inline		.ARM.exidx	1071	0x005c9f04	6004484	0x7fb49414	0x809b46af
0x00113788	0x00113788	arm	0x001138a8		EHABI_unwind_range_start_not_function_extent	compact_inline		.ARM.exidx	1072	0x005c9f0c	6004492	0x7fb4987c	0x80b0b0b0
0x001138a8	0x001138a8	arm	0x001139ac		EHABI_unwind_range_start_not_function_extent	extab_pointer	0x005c7864	.ARM.exidx	1073	0x005c9f14	6004500	0x7fb49994	0x7fffd94c
0x001139ac	0x001139ac	arm	0x00113a60		EHABI_unwind_range_start_not_function_extent	extab_pointer	0x005c7870	.ARM.exidx	1074	0x005c9f1c	6004508	0x7fb49a90	0x7fffd950
0x00113a60	0x00113a60	arm	0x00113acc		EHABI_unwind_range_start_not_function_extent	extab_pointer	0x005c787c	.ARM.exidx	1075	0x005c9f24	6004516	0x7fb49b3c	0x7fffd954
0x00113acc	0x00113acc	arm	0x00113b7c		EHABI_unwind_range_start_not_function_extent	extab_pointer	0x005c7888	.ARM.exidx	1076	0x005c9f2c	6004524	0x7fb49ba0	0x7fffd958
0x00113b7c	0x00113b7c	arm	0x00113f50		EHABI_unwind_range_start_not_function_extent	compact_inline		.ARM.exidx	1077	0x005c9f34	6004532	0x7fb49c48	0x809b46af
0x00113f50	0x00113f50	arm	0x00113fbc		EHABI_unwind_range_start_not_function_extent	extab_pointer	0x005c7894	.ARM.exidx	1078	0x005c9f3c	6004540	0x7fb4a014	0x7fffd954
0x00113fbc	0x00113fbc	arm	0x00114070		EHABI_unwind_range_start_not_function_extent	extab_pointer	0x005c78a0	.ARM.exidx	1079	0x005c9f44	6004548	0x7fb4a078	0x7fffd958
0x00114070	0x00114070	arm	0x00114330		EHABI_unwind_range_start_not_function_extent	compact_inline		.ARM.exidx	1080	0x005c9f4c	6004556	0x7fb4a124	0x809b46af
0x00114330	0x00114330	arm	0x0011446c		EHABI_unwind_range_start_not_function_extent	extab_pointer	0x005c78ac	.ARM.exidx	1081	0x005c9f54	6004564	0x7fb4a3dc	0x7fffd954
0x0011446c	0x0011446c	arm	0x00114a6c		EHABI_unwind_range_start_not_function_extent	compact_inline		.ARM.exidx	1082	0x005c9f5c	6004572	0x7fb4a510	0x808480b0
0x00114a6c	0x00114a6c	arm	0x00114a98		EHABI_unwind_range_start_not_function_extent	compact_inline		.ARM.exidx	1083	0x005c9f64	6004580	0x7fb4ab08	0x80b0b0b0
0x00114a98	0x00114a98	arm	0x00114ac8		EHABI_unwind_range_start_not_function_extent	compact_inline		.ARM.exidx	1084	0x005c9f6c	6004588	0x7fb4ab2c	0x809b8480
0x00114ac8	0x00114ac8	arm	0x00114c54		EHABI_unwind_range_start_not_function_extent	extab_pointer	0x005c78b8	.ARM.exidx	1085	0x005c9f74	6004596	0x7fb4ab54	0x7fffd940
0x00114c54	0x00114c54	arm	0x00114c64		EHABI_unwind_range_start_not_function_extent	compact_inline		.ARM.exidx	1086	0x005c9f7c	6004604	0x7fb4acd8	0x80b0b0b0
0x00114c64	0x00114c64	arm	0x00114cec		EHABI_unwind_range_start_not_function_extent	extab_pointer	0x005c78c4	.ARM.exidx	1087	0x005c9f84	6004612	0x7fb4ace0	0x7fffd93c
0x00114cec	0x00114cec	arm	0x00114e20		EHABI_unwind_range_start_not_function_extent	extab_pointer	0x005c78d0	.ARM.exidx	1088	0x005c9f8c	6004620	0x7fb4ad60	0x7fffd940
0x00114e20	0x00114e20	arm	0x00115088		EHABI_unwind_range_start_not_function_extent	extab_pointer	0x005c78dc	.ARM.exidx	1089	0x005c9f94	6004628	0x7fb4ae8c	0x7fffd944
0x00115088	0x00115088	arm	0x00115180		EHABI_unwind_range_start_not_function_extent	extab_pointer	0x005c78e8	.ARM.exidx	1090	0x005c9f9c	6004636	0x7fb4b0ec	0x7fffd948
0x00115180	0x00115180	arm	0x00115488		EHABI_unwind_range_start_not_function_extent	compact_inline		.ARM.exidx	1091	0x005c9fa4	6004644	0x7fb4b1dc	0x808480b0
0x00115488	0x00115488	arm	0x001154d8		EHABI_unwind_range_start_not_function_extent	compact_inline		.ARM.exidx	1092	0x005c9fac	6004652	0x7fb4b4dc	0x80b0b0b0
0x001154d8	0x001154d8	arm	0x001157c8		EHABI_unwind_range_start_not_function_extent	extab_pointer	0x005c78f4	.ARM.exidx	1093	0x005c9fb4	6004660	0x7fb4b524	0x7fffd93c
0x001157c8	0x001157c8	arm	0x001157ec		EHABI_unwind_range_start_not_function_extent	extab_pointer	0x005c7900	.ARM.exidx	1094	0x005c9fbc	6004668	0x7fb4b80c	0x7fffd940
0x001157ec	0x001157ec	arm	0x00115950		EHABI_unwind_range_start_not_function_extent	extab_pointer	0x005c790c	.ARM.exidx	1095	0x005c9fc4	6004676	0x7fb4b828	0x7fffd944
0x00115950	0x00115950	arm	0x00115a04		EHABI_unwind_range_start_not_function_extent	extab_pointer	0x005c7918	.ARM.exidx	1096	0x005c9fcc	6004684	0x7fb4b984	0x7fffd948
0x00115a04	0x00115a04	arm	0x00115a10		EHABI_unwind_range_start_not_function_extent	compact_inline		.ARM.exidx	1097	0x005c9fd4	6004692	0x7fb4ba30	0x80b0b0b0
0x00115a10	0x00115a10	arm	0x00115cec		EHABI_unwind_range_start_not_function_extent	extab_pointer	0x005c7924	.ARM.exidx	1098	0x005c9fdc	6004700	0x7fb4ba34	0x7fffd944
0x00115cec	0x00115cec	arm	0x00115d10		EHABI_unwind_range_start_not_function_extent	compact_inline		.ARM.exidx	1099	0x005c9fe4	6004708	0x7fb4bd08	0x809b8480
0x00115d10	0x00115d10	arm	0x00115d88		EHABI_unwind_range_start_not_function_extent	compact_inline		.ARM.exidx	1100	0x005c9fec	6004716	0x7fb4bd24	0x80b0b0b0
0x00115d88	0x00115d88	arm	0x00115e20		EHABI_unwind_range_start_not_function_extent	extab_pointer	0x005c7930	.ARM.exidx	1101	0x005c9ff4	6004724	0x7fb4bd94	0x7fffd938
0x00115e20	0x00115e20	arm	0x00115edc		EHABI_unwind_range_start_not_function_extent	extab_pointer	0x005c793c	.ARM.exidx	1102	0x005c9ffc	6004732	0x7fb4be24	0x7fffd93c
0x00115edc	0x00115edc	arm	0x00115fcc		EHABI_unwind_range_start_not_function_extent	extab_pointer	0x005c7948	.ARM.exidx	1103	0x005ca004	6004740	0x7fb4bed8	0x7fffd940
0x00115fcc	0x00115fcc	arm	0x001165ac		EHABI_unwind_range_start_not_function_extent	compact_inline		.ARM.exidx	1104	0x005ca00c	6004748	0x7fb4bfc0	0x808480b0
0x001165ac	0x001165ac	arm	0x00116804		EHABI_unwind_range_start_not_function_extent	extab_pointer	0x005c7954	.ARM.exidx	1105	0x005ca014	6004756	0x7fb4c598	0x7fffd93c
0x00116804	0x00116804	arm	0x00116814		EHABI_unwind_range_start_not_function_extent	compact_inline		.ARM.exidx	1106	0x005ca01c	6004764	0x7fb4c7e8	0x80b0b0b0
0x00116814	0x00116814	arm	0x00116930		EHABI_unwind_range_start_not_function_extent	extab_pointer	0x005c7960	.ARM.exidx	1107	0x005ca024	6004772	0x7fb4c7f0	0x7fffd938
0x00116930	0x00116930	arm	0x001169c0		EHABI_unwind_range_start_not_function_extent	extab_pointer	0x005c796c	.ARM.exidx	1108	0x005ca02c	6004780	0x7fb4c904	0x7fffd93c
0x001169c0	0x001169c0	arm	0x00116a08		EHABI_unwind_range_start_not_function_extent	compact_inline		.ARM.exidx	1109	0x005ca034	6004788	0x7fb4c98c	0x809b8480
0x00116a08	0x00116a08	arm	0x00116dd8		EHABI_unwind_range_start_not_function_extent	compact_inline		.ARM.exidx	1110	0x005ca03c	6004796	0x7fb4c9cc	0x808480b0
0x00116dd8	0x00116dd8	arm	0x00116e44		EHABI_unwind_range_start_not_function_extent	extab_pointer	0x005c7978	.ARM.exidx	1111	0x005ca044	6004804	0x7fb4cd94	0x7fffd930
0x00116e44	0x00116e44	arm	0x00116f00		EHABI_unwind_range_start_not_function_extent	extab_pointer	0x005c7984	.ARM.exidx	1112	0x005ca04c	6004812	0x7fb4cdf8	0x7fffd934
0x00116f00	0x00116f00	arm	0x00116fa8		EHABI_unwind_range_start_not_function_extent	extab_pointer	0x005c7990	.ARM.exidx	1113	0x005ca054	6004820	0x7fb4ceac	0x7fffd938
0x00116fa8	0x00116fa8	arm	0x00117058		EHABI_unwind_range_start_not_function_extent	extab_pointer	0x005c799c	.ARM.exidx	1114	0x005ca05c	6004828	0x7fb4cf4c	0x7fffd93c
0x00117058	0x00117058	arm	0x001172d4		EHABI_unwind_range_start_not_function_extent	extab_pointer	0x005c79a8	.ARM.exidx	1115	0x005ca064	6004836	0x7fb4cff4	0x7fffd940
0x001172d4	0x001172d4	arm	0x00117484		EHABI_unwind_range_start_not_function_extent	compact_inline		.ARM.exidx	1116	0x005ca06c	6004844	0x7fb4d268	0x809b46af
0x00117484	0x00117484	arm	0x001175e4		EHABI_unwind_range_start_not_function_extent	extab_pointer	0x005c79b4	.ARM.exidx	1117	0x005ca074	6004852	0x7fb4d410	0x7fffd93c
0x001175e4	0x001175e4	arm	0x00117620		EHABI_unwind_range_start_not_function_extent	compact_inline		.ARM.exidx	1118	0x005ca07c	6004860	0x7fb4d568	0x80b0b0b0
0x00117620	0x00117620	arm	0x00117b04		EHABI_unwind_range_start_not_function_extent	extab_pointer	0x005c79c0	.ARM.exidx	1119	0x005ca084	6004868	0x7fb4d59c	0x7fffd938
0x00117b04	0x00117b04	arm	0x00117d84		EHABI_unwind_range_start_not_function_extent	compact_inline		.ARM.exidx	1120	0x005ca08c	6004876	0x7fb4da78	0x809b46af
0x00117d84	0x00117d84	arm	0x00117f7c		EHABI_unwind_range_start_not_function_extent	compact_inline		.ARM.exidx	1121	0x005ca094	6004884	0x7fb4dcf0	0x808480b0
0x00117f7c	0x00117f7c	arm	0x00118180		EHABI_unwind_range_start_not_function_extent	compact_inline		.ARM.exidx	1122	0x005ca09c	6004892	0x7fb4dee0	0x809b46af
0x00118180	0x00118180	arm	0x0011827c		EHABI_unwind_range_start_not_function_extent	extab_pointer	0x005c79cc	.ARM.exidx	1123	0x005ca0a4	6004900	0x7fb4e0dc	0x7fffd924
0x0011827c	0x0011827c	arm	0x00118444		EHABI_unwind_range_start_not_function_extent	compact_inline		.ARM.exidx	1124	0x005ca0ac	6004908	0x7fb4e1d0	0x808480b0
0x00118444	0x00118444	arm	0x001184fc		EHABI_unwind_range_start_not_function_extent	extab_pointer	0x005c79d8	.ARM.exidx	1125	0x005ca0b4	6004916	0x7fb4e390	0x7fffd920
0x001184fc	0x001184fc	arm	0x001189dc		EHABI_unwind_range_start_not_function_extent	compact_inline		.ARM.exidx	1126	0x005ca0bc	6004924	0x7fb4e440	0x809b46af
0x001189dc	0x001189dc	arm	0x00118a04		EHABI_unwind_range_start_not_function_extent	extab_pointer	0x005c79e4	.ARM.exidx	1127	0x005ca0c4	6004932	0x7fb4e918	0x7fffd91c
0x00118a04	0x00118a04	arm	0x0011910c		EHABI_unwind_range_start_not_function_extent	compact_inline		.ARM.exidx	1128	0x005ca0cc	6004940	0x7fb4e938	0x809b46af
0x0011910c	0x0011910c	arm	0x00119258		EHABI_unwind_range_start_not_function_extent	extab_pointer	0x005c79f0	.ARM.exidx	1129	0x005ca0d4	6004948	0x7fb4f038	0x7fffd918
0x00119258	0x00119258	arm	0x0011936c		EHABI_unwind_range_start_not_function_extent	extab_pointer	0x005c79fc	.ARM.exidx	1130	0x005ca0dc	6004956	0x7fb4f17c	0x7fffd91c
0x0011936c	0x0011936c	arm	0x00119a1c		EHABI_unwind_range_start_not_function_extent	compact_inline		.ARM.exidx	1131	0x005ca0e4	6004964	0x7fb4f288	0x808480b0
0x00119a1c	0x00119a1c	arm	0x00119c84		EHABI_unwind_range_start_not_function_extent	extab_pointer	0x005c7a08	.ARM.exidx	1132	0x005ca0ec	6004972	0x7fb4f930	0x7fffd918
0x00119c84	0x00119c84	arm	0x00119ccc		EHABI_unwind_range_start_not_function_extent	compact_inline		.ARM.exidx	1133	0x005ca0f4	6004980	0x7fb4fb90	0x80b0b0b0
0x00119ccc	0x00119ccc	arm	0x00119d54		EHABI_unwind_range_start_not_function_extent	extab_pointer	0x005c7a14	.ARM.exidx	1134	0x005ca0fc	6004988	0x7fb4fbd0	0x7fffd914
0x00119d54	0x00119d54	arm	0x00119d70		EHABI_unwind_range_start_not_function_extent	compact_inline		.ARM.exidx	1135	0x005ca104	6004996	0x7fb4fc50	0x809b8480
0x00119d70	0x00119d70	arm	0x0011af60		EHABI_unwind_range_start_not_function_extent	compact_inline		.ARM.exidx	1136	0x005ca10c	6005004	0x7fb4fc64	0x809b46af
0x0011af60	0x0011af60	arm	0x0011b6c8		EHABI_unwind_range_start_not_function_extent	compact_inline		.ARM.exidx	1137	0x005ca114	6005012	0x7fb50e4c	0x808480b0
0x0011b6c8	0x0011b6c8	arm	0x0011b750		EHABI_unwind_range_start_not_function_extent	compact_inline		.ARM.exidx	1138	0x005ca11c	6005020	0x7fb515ac	0x80b0b0b0
0x0011b750	0x0011b750	arm	0x0011bb64		EHABI_unwind_range_start_not_function_extent	extab_pointer	0x005c7a20	.ARM.exidx	1139	0x005ca124	6005028	0x7fb5162c	0x7fffd8f8
0x0011bb64	0x0011bb64	arm	0x0011bc14		EHABI_unwind_range_start_not_function_extent	compact_inline		.ARM.exidx	1140	0x005ca12c	6005036	0x7fb51a38	0x809b8480
0x0011bc14	0x0011bc14	arm	0x0011bd64		EHABI_unwind_range_start_not_function_extent	extab_pointer	0x005c7a2c	.ARM.exidx	1141	0x005ca134	6005044	0x7fb51ae0	0x7fffd8f4
0x0011bd64	0x0011bd64	arm	0x0011bd70		EHABI_unwind_range_start_not_function_extent	compact_inline		.ARM.exidx	1142	0x005ca13c	6005052	0x7fb51c28	0x80b0b0b0
0x0011bd70	0x0011bd70	arm	0x0011bfbc		EHABI_unwind_range_start_not_function_extent	extab_pointer	0x005c7a38	.ARM.exidx	1143	0x005ca144	6005060	0x7fb51c2c	0x7fffd8f0
0x0011bfbc	0x0011bfbc	arm	0x0011bfc0		EHABI_unwind_range_start_not_function_extent	compact_inline		.ARM.exidx	1144	0x005ca14c	6005068	0x7fb51e70	0x80b0b0b0
0x0011bfc0	0x0011bfc0	arm	0x0011c070		EHABI_unwind_range_start_not_function_extent	extab_pointer	0x005c7a44	.ARM.exidx	1145	0x005ca154	6005076	0x7fb51e6c	0x7fffd8ec
0x0011c070	0x0011c070	arm	0x0011c0f0		EHABI_unwind_range_start_not_function_extent	compact_inline		.ARM.exidx	1146	0x005ca15c	6005084	0x7fb51f14	0x80b0b0b0
0x0011c0f0	0x0011c0f0	arm	0x0011c2b8		EHABI_unwind_range_start_not_function_extent	extab_pointer	0x005c7a50	.ARM.exidx	1147	0x005ca164	6005092	0x7fb51f8c	0x7fffd8e8
0x0011c2b8	0x0011c2b8	arm	0x0011c5c0		EHABI_unwind_range_start_not_function_extent	compact_inline		.ARM.exidx	1148	0x005ca16c	6005100	0x7fb5214c	0x808480b0
0x0011c5c0	0x0011c5c0	arm	0x0011c968		EHABI_unwind_range_start_not_function_extent	extab_pointer	0x005c7a5c	.ARM.exidx	1149	0x005ca174	6005108	0x7fb5244c	0x7fffd8e4
0x0011c968	0x0011c968	arm	0x0011c978		EHABI_unwind_range_start_not_function_extent	compact_inline		.ARM.exidx	1150	0x005ca17c	6005116	0x7fb527ec	0x80b0b0b0
0x0011c978	0x0011c978	arm	0x0011ca74		EHABI_unwind_range_start_not_function_extent	extab_pointer	0x005c7a68	.ARM.exidx	1151	0x005ca184	6005124	0x7fb527f4	0x7fffd8e0
0x0011ca74	0x0011ca74	arm	0x0011cbe0		EHABI_unwind_range_start_not_function_extent	extab_pointer	0x005c7a74	.ARM.exidx	1152	0x005ca18c	6005132	0x7fb528e8	0x7fffd8e4
0x0011cbe0	0x0011cbe0	arm	0x0011cc8c		EHABI_unwind_range_start_not_function_extent	compact_inline		.ARM.exidx	1153	0x005ca194	6005140	0x7fb52a4c	0x809b8480
0x0011cc8c	0x0011cc8c	arm	0x0011d0cc		EHABI_unwind_range_start_not_function_extent	compact_inline		.ARM.exidx	1154	0x005ca19c	6005148	0x7fb52af0	0x808480b0
0x0011d0cc	0x0011d0cc	arm	0x0011d258		EHABI_unwind_range_start_not_function_extent	compact_inline		.ARM.exidx	1155	0x005ca1a4	6005156	0x7fb52f28	0x809b46af
0x0011d258	0x0011d258	arm	0x0011d3a8		EHABI_unwind_range_start_not_function_extent	extab_pointer	0x005c7a80	.ARM.exidx	1156	0x005ca1ac	6005164	0x7fb530ac	0x7fffd8d0
0x0011d3a8	0x0011d3a8	arm	0x0011d510		EHABI_unwind_range_start_not_function_extent	compact_inline		.ARM.exidx	1157	0x005ca1b4	6005172	0x7fb531f4	0x808480b0
0x0011d510	0x0011d510	arm	0x0011d5c8		EHABI_unwind_range_start_not_function_extent	extab_pointer	0x005c7a8c	.ARM.exidx	1158	0x005ca1bc	6005180	0x7fb53354	0x7fffd8cc
0x0011d5c8	0x0011d5c8	arm	0x0011d908		EHABI_unwind_range_start_not_function_extent	compact_inline		.ARM.exidx	1159	0x005ca1c4	6005188	0x7fb53404	0x809b46af
0x0011d908	0x0011d908	arm	0x0011d930		EHABI_unwind_range_start_not_function_extent	extab_pointer	0x005c7a98	.ARM.exidx	1160	0x005ca1cc	6005196	0x7fb5373c	0x7fffd8c8
0x0011d930	0x0011d930	arm	0x0011df8c		EHABI_unwind_range_start_not_function_extent	compact_inline		.ARM.exidx	1161	0x005ca1d4	6005204	0x7fb5375c	0x809b46af
0x0011df8c	0x0011df8c	arm	0x0011e00c		EHABI_unwind_range_start_not_function_extent	compact_inline		.ARM.exidx	1162	0x005ca1dc	6005212	0x7fb53db0	0x809b8480
0x0011e00c	0x0011e00c	arm	0x0011e120		EHABI_unwind_range_start_not_function_extent	extab_pointer	0x005c7aa4	.ARM.exidx	1163	0x005ca1e4	6005220	0x7fb53e28	0x7fffd8bc
0x0011e120	0x0011e120	arm	0x0011e6d8		EHABI_unwind_range_start_not_function_extent	compact_inline		.ARM.exidx	1164	0x005ca1ec	6005228	0x7fb53f34	0x808480b0
0x0011e6d8	0x0011e6d8	arm	0x0011e850		EHABI_unwind_range_start_not_function_extent	extab_pointer	0x005c7ab0	.ARM.exidx	1165	0x005ca1f4	6005236	0x7fb544e4	0x7fffd8b8
0x0011e850	0x0011e850	arm	0x0011e8a8		EHABI_unwind_range_start_not_function_extent	compact_inline		.ARM.exidx	1166	0x005ca1fc	6005244	0x7fb54654	0x80b0b0b0
0x0011e8a8	0x0011e8a8	arm	0x0011ebd4		EHABI_unwind_range_start_not_function_extent	extab_pointer	0x005c7abc	.ARM.exidx	1167	0x005ca204	6005252	0x7fb546a4	0x7fffd8b4
0x0011ebd4	0x0011ebd4	arm	0x0011ee38		EHABI_unwind_range_start_not_function_extent	extab_pointer	0x005c7ac8	.ARM.exidx	1168	0x005ca20c	6005260	0x7fb549c8	0x7fffd8b8
0x0011ee38	0x0011ee38	arm	0x0011f114		EHABI_unwind_range_start_not_function_extent	compact_inline		.ARM.exidx	1169	0x005ca214	6005268	0x7fb54c24	0x809b46af
0x0011f114	0x0011f114	arm	0x0011f620		EHABI_unwind_range_start_not_function_extent	compact_inline		.ARM.exidx	1170	0x005ca21c	6005276	0x7fb54ef8	0x808480b0
0x0011f620	0x0011f620	arm	0x0011f670		EHABI_unwind_range_start_not_function_extent	compact_inline		.ARM.exidx	1171	0x005ca224	6005284	0x7fb553fc	0x80b0b0b0
0x0011f670	0x0011f670	arm	0x0011f994		EHABI_unwind_range_start_not_function_extent	extab_pointer	0x005c7ad4	.ARM.exidx	1172	0x005ca22c	6005292	0x7fb55444	0x7fffd8a4
0x0011f994	0x0011f994	arm	0x0011fb20		EHABI_unwind_range_start_not_function_extent	extab_pointer	0x005c7ae0	.ARM.exidx	1173	0x005ca234	6005300	0x7fb55760	0x7fffd8a8
0x0011fb20	0x0011fb20	arm	0x0011fc10		EHABI_unwind_range_start_not_function_extent	extab_pointer	0x005c7aec	.ARM.exidx	1174	0x005ca23c	6005308	0x7fb558e4	0x7fffd8ac
0x0011fc10	0x0011fc10	arm	0x0011fc18		EHABI_unwind_range_start_not_function_extent	compact_inline		.ARM.exidx	1175	0x005ca244	6005316	0x7fb559cc	0x80b0b0b0
0x0011fc18	0x0011fc18	arm	0x0011fda4		EHABI_unwind_range_start_not_function_extent	extab_pointer	0x005c7af8	.ARM.exidx	1176	0x005ca24c	6005324	0x7fb559cc	0x7fffd8a8
0x0011fda4	0x0011fda4	arm	0x0011fde0		EHABI_unwind_range_start_not_function_extent	compact_inline		.ARM.exidx	1177	0x005ca254	6005332	0x7fb55b50	0x80b0b0b0
0x0011fde0	0x0011fde0	arm	0x0011fe1c		EHABI_unwind_range_start_not_function_extent	compact_inline		.ARM.exidx	1178	0x005ca25c	6005340	0x7fb55b84	0x809b8480
0x0011fe1c	0x0011fe1c	arm	0x0011fea4		EHABI_unwind_range_start_not_function_extent	compact_inline		.ARM.exidx	1179	0x005ca264	6005348	0x7fb55bb8	0x80b0b0b0
0x0011fea4	0x0011fea4	arm	0x00120160		EHABI_unwind_range_start_not_function_extent	extab_pointer	0x005c7b04	.ARM.exidx	1180	0x005ca26c	6005356	0x7fb55c38	0x7fffd894
0x00120160	0x00120160	arm	0x001205f0		EHABI_unwind_range_start_not_function_extent	compact_inline		.ARM.exidx	1181	0x005ca274	6005364	0x7fb55eec	0x808480b0
0x001205f0	0x001205f0	arm	0x001207fc		EHABI_unwind_range_start_not_function_extent	extab_pointer	0x005c7b10	.ARM.exidx	1182	0x005ca27c	6005372	0x7fb56374	0x7fffd890
0x001207fc	0x001207fc	arm	0x00120844		EHABI_unwind_range_start_not_function_extent	compact_inline		.ARM.exidx	1183	0x005ca284	6005380	0x7fb56578	0x80b0b0b0
0x00120844	0x00120844	arm	0x00120910		EHABI_unwind_range_start_not_function_extent	extab_pointer	0x005c7b1c	.ARM.exidx	1184	0x005ca28c	6005388	0x7fb565b8	0x7fffd88c
0x00120910	0x00120910	arm	0x001209a0		EHABI_unwind_range_start_not_function_extent	extab_pointer	0x005c7b28	.ARM.exidx	1185	0x005ca294	6005396	0x7fb5667c	0x7fffd890
0x001209a0	0x001209a0	arm	0x00120a4c		EHABI_unwind_range_start_not_function_extent	compact_inline		.ARM.exidx	1186	0x005ca29c	6005404	0x7fb56704	0x809b8480
0x00120a4c	0x00120a4c	arm	0x00120d30		EHABI_unwind_range_start_not_function_extent	compact_inline		.ARM.exidx	1187	0x005ca2a4	6005412	0x7fb567a8	0x808480b0
0x00120d30	0x00120d30	arm	0x00120de8		EHABI_unwind_range_start_not_function_extent	extab_pointer	0x005c7b34	.ARM.exidx	1188	0x005ca2ac	6005420	0x7fb56a84	0x7fffd884
0x00120de8	0x00120de8	arm	0x001212d4		EHABI_unwind_range_start_not_function_extent	extab_pointer	0x005c7b40	.ARM.exidx	1189	0x005ca2b4	6005428	0x7fb56b34	0x7fffd888
0x001212d4	0x001212d4	arm	0x001212fc		EHABI_unwind_range_start_not_function_extent	extab_pointer	0x005c7b4c	.ARM.exidx	1190	0x005ca2bc	6005436	0x7fb57018	0x7fffd88c
0x001212fc	0x001212fc	arm	0x001218b4		EHABI_unwind_range_start_not_function_extent	compact_inline		.ARM.exidx	1191	0x005ca2c4	6005444	0x7fb57038	0x809b46af
0x001218b4	0x001218b4	arm	0x001219cc		EHABI_unwind_range_start_not_function_extent	extab_pointer	0x005c7b58	.ARM.exidx	1192	0x005ca2cc	6005452	0x7fb575e8	0x7fffd888
0x001219cc	0x001219cc	arm	0x00121ad4		EHABI_unwind_range_start_not_function_extent	extab_pointer	0x005c7b64	.ARM.exidx	1193	0x005ca2d4	6005460	0x7fb576f8	0x7fffd88c
0x00121ad4	0x00121ad4	arm	0x00121cc4		EHABI_unwind_range_start_not_function_extent	extab_pointer	0x005c7b70	.ARM.exidx	1194	0x005ca2dc	6005468	0x7fb577f8	0x7fffd890
0x00121cc4	0x00121cc4	arm	0x001222ac		EHABI_unwind_range_start_not_function_extent	compact_inline		.ARM.exidx	1195	0x005ca2e4	6005476	0x7fb579e0	0x808480b0
0x001222ac	0x001222ac	arm	0x00122414		EHABI_unwind_range_start_not_function_extent	extab_pointer	0x005c7b7c	.ARM.exidx	1196	0x005ca2ec	6005484	0x7fb57fc0	0x7fffd88c
0x00122414	0x00122414	arm	0x00122424		EHABI_unwind_range_start_not_function_extent	compact_inline		.ARM.exidx	1197	0x005ca2f4	6005492	0x7fb58120	0x80b0b0b0
0x00122424	0x00122424	arm	0x001224ac		EHABI_unwind_range_start_not_function_extent	extab_pointer	0x005c7b88	.ARM.exidx	1198	0x005ca2fc	6005500	0x7fb58128	0x7fffd888
0x001224ac	0x001224ac	arm	0x00122604		EHABI_unwind_range_start_not_function_extent	extab_pointer	0x005c7b94	.ARM.exidx	1199	0x005ca304	6005508	0x7fb581a8	0x7fffd88c
0x00122604	0x00122604	arm	0x0012283c		EHABI_unwind_range_start_not_function_extent	extab_pointer	0x005c7ba0	.ARM.exidx	1200	0x005ca30c	6005516	0x7fb582f8	0x7fffd890
0x0012283c	0x0012283c	arm	0x00122a60		EHABI_unwind_range_start_not_function_extent	compact_inline		.ARM.exidx	1201	0x005ca314	6005524	0x7fb58528	0x809b46af
0x00122a60	0x00122a60	arm	0x00122c78		EHABI_unwind_range_start_not_function_extent	extab_pointer	0x005c7bac	.ARM.exidx	1202	0x005ca31c	6005532	0x7fb58744	0x7fffd88c
0x00122c78	0x00122c78	arm	0x001230a8		EHABI_unwind_range_start_not_function_extent	compact_inline		.ARM.exidx	1203	0x005ca324	6005540	0x7fb58954	0x808480b0
0x001230a8	0x001230a8	arm	0x001230f8		EHABI_unwind_range_start_not_function_extent	compact_inline		.ARM.exidx	1204	0x005ca32c	6005548	0x7fb58d7c	0x80b0b0b0
0x001230f8	0x001230f8	arm	0x00123498		EHABI_unwind_range_start_not_function_extent	extab_pointer	0x005c7bb8	.ARM.exidx	1205	0x005ca334	6005556	0x7fb58dc4	0x7fffd880
0x00123498	0x00123498	arm	0x0012366c		EHABI_unwind_range_start_not_function_extent	extab_pointer	0x005c7bc4	.ARM.exidx	1206	0x005ca33c	6005564	0x7fb5915c	0x7fffd884
0x0012366c	0x0012366c	arm	0x00123728		EHABI_unwind_range_start_not_function_extent	compact_inline		.ARM.exidx	1207	0x005ca344	6005572	0x7fb59328	0x809b8480
0x00123728	0x00123728	arm	0x00123730		EHABI_unwind_range_start_not_function_extent	compact_inline		.ARM.exidx	1208	0x005ca34c	6005580	0x7fb593dc	0x80b0b0b0
0x00123730	0x00123730	arm	0x001238cc		EHABI_unwind_range_start_not_function_extent	extab_pointer	0x005c7bd0	.ARM.exidx	1209	0x005ca354	6005588	0x7fb593dc	0x7fffd878
0x001238cc	0x001238cc	arm	0x001238d0		EHABI_unwind_range_start_not_function_extent	compact_inline		.ARM.exidx	1210	0x005ca35c	6005596	0x7fb59570	0x80b0b0b0
0x001238d0	0x001238d0	arm	0x00123998		EHABI_unwind_range_start_not_function_extent	extab_pointer	0x005c7bdc	.ARM.exidx	1211	0x005ca364	6005604	0x7fb5956c	0x7fffd874
0x00123998	0x00123998	arm	0x00123a20		EHABI_unwind_range_start_not_function_extent	compact_inline		.ARM.exidx	1212	0x005ca36c	6005612	0x7fb5962c	0x80b0b0b0
0x00123a20	0x00123a20	arm	0x00123c90		EHABI_unwind_range_start_not_function_extent	extab_pointer	0x005c7be8	.ARM.exidx	1213	0x005ca374	6005620	0x7fb596ac	0x7fffd870
0x00123c90	0x00123c90	arm	0x00123f80		EHABI_unwind_range_start_not_function_extent	compact_inline		.ARM.exidx	1214	0x005ca37c	6005628	0x7fb59914	0x808480b0
0x00123f80	0x00123f80	arm	0x00124354		EHABI_unwind_range_start_not_function_extent	extab_pointer	0x005c7bf4	.ARM.exidx	1215	0x005ca384	6005636	0x7fb59bfc	0x7fffd86c
0x00124354	0x00124354	arm	0x0012439c		EHABI_unwind_range_start_not_function_extent	compact_inline		.ARM.exidx	1216	0x005ca38c	6005644	0x7fb59fc8	0x80b0b0b0
0x0012439c	0x0012439c	arm	0x00124430		EHABI_unwind_range_start_not_function_extent	extab_pointer	0x005c7c00	.ARM.exidx	1217	0x005ca394	6005652	0x7fb5a008	0x7fffd868
0x00124430	0x00124430	arm	0x00124550		EHABI_unwind_range_start_not_function_extent	extab_pointer	0x005c7c0c	.ARM.exidx	1218	0x005ca39c	6005660	0x7fb5a094	0x7fffd86c
0x00124550	0x00124550	arm	0x0012460c		EHABI_unwind_range_start_not_function_extent	extab_pointer	0x005c7c18	.ARM.exidx	1219	0x005ca3a4	6005668	0x7fb5a1ac	0x7fffd870
0x0012460c	0x0012460c	arm	0x001248e4		EHABI_unwind_range_start_not_function_extent	compact_inline		.ARM.exidx	1220	0x005ca3ac	6005676	0x7fb5a260	0x808480b0
0x001248e4	0x001248e4	arm	0x00124b5c		EHABI_unwind_range_start_not_function_extent	extab_pointer	0x005c7c24	.ARM.exidx	1221	0x005ca3b4	6005684	0x7fb5a530	0x7fffd86c
0x00124b5c	0x00124b5c	arm	0x00124ba4		EHABI_unwind_range_start_not_function_extent	extab_pointer	0x005c7c30	.ARM.exidx	1222	0x005ca3bc	6005692	0x7fb5a7a0	0x7fffd870
0x00124ba4	0x00124ba4	arm	0x00124d64		EHABI_unwind_range_start_not_function_extent	extab_pointer	0x005c7c3c	.ARM.exidx	1223	0x005ca3c4	6005700	0x7fb5a7e0	0x7fffd874
0x00124d64	0x00124d64	arm	0x00124f70		EHABI_unwind_range_start_not_function_extent	compact_inline		.ARM.exidx	1224	0x005ca3cc	6005708	0x7fb5a998	0x809b46af
0x00124f70	0x00124f70	arm	0x001251b8		EHABI_unwind_range_start_not_function_extent	extab_pointer	0x005c7c48	.ARM.exidx	1225	0x005ca3d4	6005716	0x7fb5ab9c	0x7fffd870
0x001251b8	0x001251b8	arm	0x00125338		EHABI_unwind_range_start_not_function_extent	extab_pointer	0x005c7c54	.ARM.exidx	1226	0x005ca3dc	6005724	0x7fb5addc	0x7fffd874
0x00125338	0x00125338	arm	0x00125a28		EHABI_unwind_range_start_not_function_extent	compact_inline		.ARM.exidx	1227	0x005ca3e4	6005732	0x7fb5af54	0x808480b0
0x00125a28	0x00125a28	arm	0x00125bf4		EHABI_unwind_range_start_not_function_extent	compact_inline		.ARM.exidx	1228	0x005ca3ec	6005740	0x7fb5b63c	0x809b46af
0x00125bf4	0x00125bf4	arm	0x00125c64		EHABI_unwind_range_start_not_function_extent	extab_pointer	0x005c7c60	.ARM.exidx	1229	0x005ca3f4	6005748	0x7fb5b800	0x7fffd868
0x00125c64	0x00125c64	arm	0x00125cf4		EHABI_unwind_range_start_not_function_extent	extab_pointer	0x005c7c6c	.ARM.exidx	1230	0x005ca3fc	6005756	0x7fb5b868	0x7fffd86c
0x00125cf4	0x00125cf4	arm	0x00125e74		EHABI_unwind_range_start_not_function_extent	extab_pointer	0x005c7c78	.ARM.exidx	1231	0x005ca404	6005764	0x7fb5b8f0	0x7fffd870
0x00125e74	0x00125e74	arm	0x00126084		EHABI_unwind_range_start_not_function_extent	compact_inline		.ARM.exidx	1232	0x005ca40c	6005772	0x7fb5ba68	0x808480b0
0x00126084	0x00126084	arm	0x00126d14		EHABI_unwind_range_start_not_function_extent	compact_inline		.ARM.exidx	1233	0x005ca414	6005780	0x7fb5bc70	0x809b46af
0x00126d14	0x00126d14	arm	0x00126e0c		EHABI_unwind_range_start_not_function_extent	extab_pointer	0x005c7c84	.ARM.exidx	1234	0x005ca41c	6005788	0x7fb5c8f8	0x7fffd864
0x00126e0c	0x00126e0c	arm	0x00126fcc		EHABI_unwind_range_start_not_function_extent	extab_pointer	0x005c7c90	.ARM.exidx	1235	0x005ca424	6005796	0x7fb5c9e8	0x7fffd868
0x00126fcc	0x00126fcc	arm	0x00127030		EHABI_unwind_range_start_not_function_extent	extab_pointer	0x005c7c9c	.ARM.exidx	1236	0x005ca42c	6005804	0x7fb5cba0	0x7fffd86c
0x00127030	0x00127030	arm	0x0012728c		EHABI_unwind_range_start_not_function_extent	extab_pointer	0x005c7ca8	.ARM.exidx	1237	0x005ca434	6005812	0x7fb5cbfc	0x7fffd870
0x0012728c	0x0012728c	arm	0x00127e28		EHABI_unwind_range_start_not_function_extent	compact_inline		.ARM.exidx	1238	0x005ca43c	6005820	0x7fb5ce50	0x809b46af
0x00127e28	0x00127e28	arm	0x00128188		EHABI_unwind_range_start_not_function_extent	extab_pointer	0x005c7cb4	.ARM.exidx	1239	0x005ca444	6005828	0x7fb5d9e4	0x7fffd86c
0x00128188	0x00128188	arm	0x001287c4		EHABI_unwind_range_start_not_function_extent	compact_inline		.ARM.exidx	1240	0x005ca44c	6005836	0x7fb5dd3c	0x809b46af
0x001287c4	0x001287c4	arm	0x001289c4		EHABI_unwind_range_start_not_function_extent	extab_pointer	0x005c7cc0	.ARM.exidx	1241	0x005ca454	6005844	0x7fb5e370	0x7fffd868
0x001289c4	0x001289c4	arm	0x00129334		EHABI_unwind_range_start_not_function_extent	compact_inline		.ARM.exidx	1242	0x005ca45c	6005852	0x7fb5e568	0x808480b0
0x00129334	0x00129334	arm	0x0012952c		EHABI_unwind_range_start_not_function_extent	extab_pointer	0x005c7ccc	.ARM.exidx	1243	0x005ca464	6005860	0x7fb5eed0	0x7fffd864
0x0012952c	0x0012952c	arm	0x00129c1c		EHABI_unwind_range_start_not_function_extent	compact_inline		.ARM.exidx	1244	0x005ca46c	6005868	0x7fb5f0c0	0x809b46af
0x00129c1c	0x00129c1c	arm	0x00129c3c		EHABI_unwind_range_start_not_function_extent	compact_inline		.ARM.exidx	1245	0x005ca474	6005876	0x7fb5f7a8	0x809b8480
0x00129c3c	0x00129c3c	arm	0x00129d24		EHABI_unwind_range_start_not_function_extent	extab_pointer	0x005c7cd8	.ARM.exidx	1246	0x005ca47c	6005884	0x7fb5f7c0	0x7fffd858
0x00129d24	0x00129d24	arm	0x0012a144		EHABI_unwind_range_start_not_function_extent	compact_inline		.ARM.exidx	1247	0x005ca484	6005892	0x7fb5f8a0	0x808480b0
0x0012a144	0x0012a144	arm	0x0012f3a4		EHABI_unwind_range_start_not_function_extent	cantunwind		.ARM.exidx	1248	0x005ca48c	6005900	0x7fb5fcb8	0x00000001
0x0012f3a4	0x0012f3a4	arm	0x00130720		EHABI_unwind_range_start_not_function_extent	compact_inline		.ARM.exidx	1249	0x005ca494	6005908	0x7fb64f10	0x809b8480
0x00130720	0x00130720	arm	0x00135b08		EHABI_unwind_range_start_not_function_extent	cantunwind		.ARM.exidx	1250	0x005ca49c	6005916	0x7fb66284	0x00000001
0x00135b08	0x00135b08	arm	0x00135cb8		EHABI_unwind_range_start_not_function_extent	compact_inline		.ARM.exidx	1251	0x005ca4a4	6005924	0x7fb6b664	0x8001b0b0
0x00135cb8	0x00135cb8	arm	0x0013efbc		EHABI_unwind_range_start_not_function_extent	cantunwind		.ARM.exidx	1252	0x005ca4ac	6005932	0x7fb6b80c	0x00000001
0x0013efbc	0x0013efbc	arm	0x00141588		EHABI_unwind_range_start_not_function_extent	compact_inline		.ARM.exidx	1253	0x005ca4b4	6005940	0x7fb74b08	0x809b8480
0x00141588	0x00141588	arm	0x0014b7b0		EHABI_unwind_range_start_not_function_extent	cantunwind		.ARM.exidx	1254	0x005ca4bc	6005948	0x7fb770cc	0x00000001
0x0014b7b0	0x0014b7b0	arm	0x0014dbc8		EHABI_unwind_range_start_not_function_extent	compact_inline		.ARM.exidx	1255	0x005ca4c4	6005956	0x7fb812ec	0x809b8480
0x0014dbc8	0x0014dbc8	arm	0x0014fb34		EHABI_unwind_range_start_not_function_extent	cantunwind		.ARM.exidx	1256	0x005ca4cc	6005964	0x7fb836fc	0x00000001
0x0014fb34	0x0014fb34	arm	0x0014ffdc		EHABI_unwind_range_start_not_function_extent	compact_inline		.ARM.exidx	1257	0x005ca4d4	6005972	0x7fb85660	0x809b8480
0x0014ffdc	0x0014ffdc	arm	0x0015ddec		EHABI_unwind_range_start_not_function_extent	cantunwind		.ARM.exidx	1258	0x005ca4dc	6005980	0x7fb85b00	0x00000001
0x0015ddec	0x0015ddec	arm	0x0015dee0		EHABI_unwind_range_start_not_function_extent	compact_inline		.ARM.exidx	1259	0x005ca4e4	6005988	0x7fb93908	0x8000b0b0
0x0015dee0	0x0015dee0	arm	0x0017f570		EHABI_unwind_range_start_not_function_extent	cantunwind		.ARM.exidx	1260	0x005ca4ec	6005996	0x7fb939f4	0x00000001
0x0017f570	0x0017f570	arm	0x0017f7f0		EHABI_unwind_range_start_not_function_extent	compact_inline		.ARM.exidx	1261	0x005ca4f4	6006004	0x7fbb507c	0x809b8480
0x0017f7f0	0x0017f7f0	arm	0x00180084		EHABI_unwind_range_start_not_function_extent	cantunwind		.ARM.exidx	1262	0x005ca4fc	6006012	0x7fbb52f4	0x00000001
0x00180084	0x00180084	arm	0x001800d4		EHABI_unwind_range_start_not_function_extent	compact_inline		.ARM.exidx	1263	0x005ca504	6006020	0x7fbb5b80	0x8000b0b0
0x001800d4	0x001800d4	arm	0x0018bce8		EHABI_unwind_range_start_not_function_extent	cantunwind		.ARM.exidx	1264	0x005ca50c	6006028	0x7fbb5bc8	0x00000001
0x0018bce8	0x0018bce8	arm	0x0018ee5c		EHABI_unwind_range_start_not_function_extent	compact_inline		.ARM.exidx	1265	0x005ca514	6006036	0x7fbc17d4	0x809b8480
0x0018ee5c	0x0018ee5c	arm	0x00190bf4		EHABI_unwind_range_start_not_function_extent	cantunwind		.ARM.exidx	1266	0x005ca51c	6006044	0x7fbc4940	0x00000001
0x00190bf4	0x00190bf4	arm	0x0019190c		EHABI_unwind_range_start_not_function_extent	compact_inline		.ARM.exidx	1267	0x005ca524	6006052	0x7fbc66d0	0x809b8480
0x0019190c	0x0019190c	arm	0x00192ebc		EHABI_unwind_range_start_not_function_extent	cantunwind		.ARM.exidx	1268	0x005ca52c	6006060	0x7fbc73e0	0x00000001
0x00192ebc	0x00192ebc	arm	0x001933e8		EHABI_unwind_range_start_not_function_extent	compact_inline		.ARM.exidx	1269	0x005ca534	6006068	0x7fbc8988	0x809b8480
0x001933e8	0x001933e8	arm	0x00199a9c		EHABI_unwind_range_start_not_function_extent	cantunwind		.ARM.exidx	1270	0x005ca53c	6006076	0x7fbc8eac	0x00000001
0x00199a9c	0x00199a9c	arm	0x0019d78c		EHABI_unwind_range_start_not_function_extent	compact_inline		.ARM.exidx	1271	0x005ca544	6006084	0x7fbcf558	0x809b8480
0x0019d78c	0x0019d78c	arm	0x0019e64c		EHABI_unwind_range_start_not_function_extent	cantunwind		.ARM.exidx	1272	0x005ca54c	6006092	0x7fbd3240	0x00000001
0x0019e64c	0x0019e64c	arm	0x0019ef48		EHABI_unwind_range_start_not_function_extent	compact_inline		.ARM.exidx	1273	0x005ca554	6006100	0x7fbd40f8	0x809b8480
0x0019ef48	0x0019ef48	arm	0x001a01cc		EHABI_unwind_range_start_not_function_extent	cantunwind		.ARM.exidx	1274	0x005ca55c	6006108	0x7fbd49ec	0x00000001
0x001a01cc	0x001a01cc	arm	0x001a0e44		EHABI_unwind_range_start_not_function_extent	compact_inline		.ARM.exidx	1275	0x005ca564	6006116	0x7fbd5c68	0x809b8480
0x001a0e44	0x001a0e44	arm	0x001a2bf4		EHABI_unwind_range_start_not_function_extent	cantunwind		.ARM.exidx	1276	0x005ca56c	6006124	0x7fbd68d8	0x00000001
0x001a2bf4	0x001a2bf4	arm	0x001a3e70		EHABI_unwind_range_start_not_function_extent	compact_inline		.ARM.exidx	1277	0x005ca574	6006132	0x7fbd8680	0x809b8480
0x001a3e70	0x001a3e70	arm	0x001a5030		EHABI_unwind_range_start_not_function_extent	cantunwind		.ARM.exidx	1278	0x005ca57c	6006140	0x7fbd98f4	0x00000001
0x001a5030	0x001a5030	arm	0x001a5664		EHABI_unwind_range_start_not_function_extent	compact_inline		.ARM.exidx	1279	0x005ca584	6006148	0x7fbdaaac	0x809b8480
0x001a5664	0x001a5664	arm	0x001a609c		EHABI_unwind_range_start_not_function_extent	cantunwind		.ARM.exidx	1280	0x005ca58c	6006156	0x7fbdb0d8	0x00000001
0x001a609c	0x001a609c	arm	0x001a6854		EHABI_unwind_range_start_not_function_extent	compact_inline		.ARM.exidx	1281	0x005ca594	6006164	0x7fbdbb08	0x809b8480
0x001a6854	0x001a6854	arm	0x001a6cdc		EHABI_unwind_range_start_not_function_extent	cantunwind		.ARM.exidx	1282	0x005ca59c	6006172	0x7fbdc2b8	0x00000001
0x001a6cdc	0x001a6cdc	arm	0x001a6fd4		EHABI_unwind_range_start_not_function_extent	compact_inline		.ARM.exidx	1283	0x005ca5a4	6006180	0x7fbdc738	0x809b8480
0x001a6fd4	0x001a6fd4	arm	0x001ac3d4		EHABI_unwind_range_start_not_function_extent	cantunwind		.ARM.exidx	1284	0x005ca5ac	6006188	0x7fbdca28	0x00000001
0x001ac3d4	0x001ac3d4	arm	0x001ae71c		EHABI_unwind_range_start_not_function_extent	compact_inline		.ARM.exidx	1285	0x005ca5b4	6006196	0x7fbe1e20	0x809b8480
0x001ae71c	0x001ae71c	arm	0x001b9f58		EHABI_unwind_range_start_not_function_extent	cantunwind		.ARM.exidx	1286	0x005ca5bc	6006204	0x7fbe4160	0x00000001
0x001b9f58	0x001b9f58	arm	0x001bd634		EHABI_unwind_range_start_not_function_extent	compact_inline		.ARM.exidx	1287	0x005ca5c4	6006212	0x7fbef994	0x809b8480
0x001bd634	0x001bd634	arm	0x001c3484		EHABI_unwind_range_start_not_function_extent	cantunwind		.ARM.exidx	1288	0x005ca5cc	6006220	0x7fbf3068	0x00000001
0x001c3484	0x001c3484	arm	0x001c4db0		EHABI_unwind_range_start_not_function_extent	compact_inline		.ARM.exidx	1289	0x005ca5d4	6006228	0x7fbf8eb0	0x809b8480
0x001c4db0	0x001c4db0	arm	0x001c6740		EHABI_unwind_range_start_not_function_extent	cantunwind		.ARM.exidx	1290	0x005ca5dc	6006236	0x7fbfa7d4	0x00000001
0x001c6740	0x001c6740	arm	0x001c7168		EHABI_unwind_range_start_not_function_extent	compact_inline		.ARM.exidx	1291	0x005ca5e4	6006244	0x7fbfc15c	0x809b8480
0x001c7168	0x001c7168	arm	0x001c8a3c		EHABI_unwind_range_start_not_function_extent	cantunwind		.ARM.exidx	1292	0x005ca5ec	6006252	0x7fbfcb7c	0x00000001
0x001c8a3c	0x001c8a3c	arm	0x001c8ce0		EHABI_unwind_range_start_not_function_extent	compact_inline		.ARM.exidx	1293	0x005ca5f4	6006260	0x7fbfe448	0x809b8480
0x001c8ce0	0x001c8ce0	arm	0x001cbd0c		EHABI_unwind_range_start_not_function_extent	cantunwind		.ARM.exidx	1294	0x005ca5fc	6006268	0x7fbfe6e4	0x00000001
0x001cbd0c	0x001cbd0c	arm	0x001cc250		EHABI_unwind_range_start_not_function_extent	compact_inline		.ARM.exidx	1295	0x005ca604	6006276	0x7fc01708	0x809b8480
0x001cc250	0x001cc250	arm	0x001ccbcc		EHABI_unwind_range_start_not_function_extent	cantunwind		.ARM.exidx	1296	0x005ca60c	6006284	0x7fc01c44	0x00000001
0x001ccbcc	0x001ccbcc	arm	0x001cd1f8		EHABI_unwind_range_start_not_function_extent	compact_inline		.ARM.exidx	1297	0x005ca614	6006292	0x7fc025b8	0x809b8480
0x001cd1f8	0x001cd1f8	arm	0x001cecf0		EHABI_unwind_range_start_not_function_extent	cantunwind		.ARM.exidx	1298	0x005ca61c	6006300	0x7fc02bdc	0x00000001
0x001cecf0	0x001cecf0	arm	0x001cf438		EHABI_unwind_range_start_not_function_extent	compact_inline		.ARM.exidx	1299	0x005ca624	6006308	0x7fc046cc	0x809b8480
0x001cf438	0x001cf438	arm	0x001d4da4		EHABI_unwind_range_start_not_function_extent	cantunwind		.ARM.exidx	1300	0x005ca62c	6006316	0x7fc04e0c	0x00000001
0x001d4da4	0x001d4da4	arm	0x001d5660		EHABI_unwind_range_start_not_function_extent	compact_inline		.ARM.exidx	1301	0x005ca634	6006324	0x7fc0a770	0x809b8480
0x001d5660	0x001d5660	arm	0x001d6f54		EHABI_unwind_range_start_not_function_extent	cantunwind		.ARM.exidx	1302	0x005ca63c	6006332	0x7fc0b024	0x00000001
0x001d6f54	0x001d6f54	arm	0x001d7cf0		EHABI_unwind_range_start_not_function_extent	compact_inline		.ARM.exidx	1303	0x005ca644	6006340	0x7fc0c910	0x809b8480
0x001d7cf0	0x001d7cf0	arm	0x001daba0		EHABI_unwind_range_start_not_function_extent	cantunwind		.ARM.exidx	1304	0x005ca64c	6006348	0x7fc0d6a4	0x00000001
0x001daba0	0x001daba0	arm	0x001dacac		EHABI_unwind_range_start_not_function_extent	compact_inline		.ARM.exidx	1305	0x005ca654	6006356	0x7fc1054c	0x80b0b0b0
0x001dacac	0x001dacac	arm	0x001dd204		EHABI_unwind_range_start_not_function_extent	cantunwind		.ARM.exidx	1306	0x005ca65c	6006364	0x7fc10650	0x00000001
0x001dd204	0x001dd204	arm	0x001dd3f8		EHABI_unwind_range_start_not_function_extent	compact_inline		.ARM.exidx	1307	0x005ca664	6006372	0x7fc12ba0	0x80b0b0b0
0x001dd3f8	0x001dd3f8	arm	0x001e3ac4		EHABI_unwind_range_start_not_function_extent	cantunwind		.ARM.exidx	1308	0x005ca66c	6006380	0x7fc12d8c	0x00000001
0x001e3ac4	0x001e3ac4	arm	0x001e4a08		EHABI_unwind_range_start_not_function_extent	compact_inline		.ARM.exidx	1309	0x005ca674	6006388	0x7fc19450	0x80b0b0b0
0x001e4a08	0x001e4a08	arm	0x001e6880		EHABI_unwind_range_start_not_function_extent	cantunwind		.ARM.exidx	1310	0x005ca67c	6006396	0x7fc1a38c	0x00000001
0x001e6880	0x001e6880	arm	0x001e6d7c		EHABI_unwind_range_start_not_function_extent	compact_inline		.ARM.exidx	1311	0x005ca684	6006404	0x7fc1c1fc	0x80b0b0b0
0x001e6d7c	0x001e6d7c	arm	0x001e71e4		EHABI_unwind_range_start_not_function_extent	cantunwind		.ARM.exidx	1312	0x005ca68c	6006412	0x7fc1c6f0	0x00000001
0x001e71e4	0x001e71e4	arm	0x001e73b0		EHABI_unwind_range_start_not_function_extent	compact_inline		.ARM.exidx	1313	0x005ca694	6006420	0x7fc1cb50	0x80b0b0b0
0x001e73b0	0x001e73b0	arm	0x001ef75c		EHABI_unwind_range_start_not_function_extent	cantunwind		.ARM.exidx	1314	0x005ca69c	6006428	0x7fc1cd14	0x00000001
0x001ef75c	0x001ef75c	arm	0x001f0f08		EHABI_unwind_range_start_not_function_extent	compact_inline		.ARM.exidx	1315	0x005ca6a4	6006436	0x7fc250b8	0x80b0b0b0
0x001f0f08	0x001f0f08	arm	0x001f4cf4		EHABI_unwind_range_start_not_function_extent	cantunwind		.ARM.exidx	1316	0x005ca6ac	6006444	0x7fc2685c	0x00000001
0x001f4cf4	0x001f4cf4	arm	0x001f4f30		EHABI_unwind_range_start_not_function_extent	compact_inline		.ARM.exidx	1317	0x005ca6b4	6006452	0x7fc2a640	0x80b0b0b0
0x001f4f30	0x001f4f30	arm	0x00206914		EHABI_unwind_range_start_not_function_extent	cantunwind		.ARM.exidx	1318	0x005ca6bc	6006460	0x7fc2a874	0x00000001
0x00206914	0x00206914	arm	0x00208470		EHABI_unwind_range_start_not_function_extent	compact_inline		.ARM.exidx	1319	0x005ca6c4	6006468	0x7fc3c250	0x80b0b0b0
0x00208470	0x00208470	arm	0x0020aa54		EHABI_unwind_range_start_not_function_extent	cantunwind		.ARM.exidx	1320	0x005ca6cc	6006476	0x7fc3dda4	0x00000001
0x0020aa54	0x0020aa54	arm	0x0020b050		EHABI_unwind_range_start_not_function_extent	compact_inline		.ARM.exidx	1321	0x005ca6d4	6006484	0x7fc40380	0x80b0b0b0
0x0020b050	0x0020b050	arm	0x0020ba50		EHABI_unwind_range_start_not_function_extent	cantunwind		.ARM.exidx	1322	0x005ca6dc	6006492	0x7fc40974	0x00000001
0x0020ba50	0x0020ba50	arm	0x0020bb2c		EHABI_unwind_range_start_not_function_extent	compact_inline		.ARM.exidx	1323	0x005ca6e4	6006500	0x7fc4136c	0x80b0b0b0
0x0020bb2c	0x0020bb2c	arm	0x0020d0c0		EHABI_unwind_range_start_not_function_extent	cantunwind		.ARM.exidx	1324	0x005ca6ec	6006508	0x7fc41440	0x00000001
0x0020d0c0	0x0020d0c0	arm	0x0020d5a4		EHABI_unwind_range_start_not_function_extent	compact_inline		.ARM.exidx	1325	0x005ca6f4	6006516	0x7fc429cc	0x80b0b0b0
0x0020d5a4	0x0020d5a4	arm	0x0020ea68		EHABI_unwind_range_start_not_function_extent	cantunwind		.ARM.exidx	1326	0x005ca6fc	6006524	0x7fc42ea8	0x00000001
0x0020ea68	0x0020ea68	arm	0x0020f640		EHABI_unwind_range_start_not_function_extent	compact_inline		.ARM.exidx	1327	0x005ca704	6006532	0x7fc44364	0x80b0b0b0
0x0020f640	0x0020f640	arm	0x00211b54		EHABI_unwind_range_start_not_function_extent	cantunwind		.ARM.exidx	1328	0x005ca70c	6006540	0x7fc44f34	0x00000001
0x00211b54	0x00211b54	arm	0x002123a0		EHABI_unwind_range_start_not_function_extent	compact_inline		.ARM.exidx	1329	0x005ca714	6006548	0x7fc47440	0x80b0b0b0
0x002123a0	0x002123a0	arm	0x0021296c		EHABI_unwind_range_start_not_function_extent	cantunwind		.ARM.exidx	1330	0x005ca71c	6006556	0x7fc47c84	0x00000001
0x0021296c	0x0021296c	arm	0x00212a18		EHABI_unwind_range_start_not_function_extent	compact_inline		.ARM.exidx	1331	0x005ca724	6006564	0x7fc48248	0x80b0b0b0
0x00212a18	0x00212a18	arm	0x002153b0		EHABI_unwind_range_start_not_function_extent	cantunwind		.ARM.exidx	1332	0x005ca72c	6006572	0x7fc482ec	0x00000001
0x002153b0	0x002153b0	arm	0x00215714		EHABI_unwind_range_start_not_function_extent	compact_inline		.ARM.exidx	1333	0x005ca734	6006580	0x7fc4ac7c	0x80b0b0b0
0x00215714	0x00215714	arm	0x002176f8		EHABI_unwind_range_start_not_function_extent	cantunwind		.ARM.exidx	1334	0x005ca73c	6006588	0x7fc4afd8	0x00000001
0x002176f8	0x002176f8	arm	0x00217774		EHABI_unwind_range_start_not_function_extent	compact_inline		.ARM.exidx	1335	0x005ca744	6006596	0x7fc4cfb4	0x80b0b0b0
0x00217774	0x00217774	arm	0x0021d200		EHABI_unwind_range_start_not_function_extent	cantunwind		.ARM.exidx	1336	0x005ca74c	6006604	0x7fc4d028	0x00000001
0x0021d200	0x0021d200	arm	0x0021e29c		EHABI_unwind_range_start_not_function_extent	compact_inline		.ARM.exidx	1337	0x005ca754	6006612	0x7fc52aac	0x80b0b0b0
0x0021e29c	0x0021e29c	arm	0x0022631c		EHABI_unwind_range_start_not_function_extent	cantunwind		.ARM.exidx	1338	0x005ca75c	6006620	0x7fc53b40	0x00000001
0x0022631c	0x0022631c	arm	0x002265a8		EHABI_unwind_range_start_not_function_extent	compact_inline		.ARM.exidx	1339	0x005ca764	6006628	0x7fc5bbb8	0x80b0b0b0
0x002265a8	0x002265a8	arm	0x002278fc		EHABI_unwind_range_start_not_function_extent	cantunwind		.ARM.exidx	1340	0x005ca76c	6006636	0x7fc5be3c	0x00000001
0x002278fc	0x002278fc	arm	0x00227958		EHABI_unwind_range_start_not_function_extent	compact_inline		.ARM.exidx	1341	0x005ca774	6006644	0x7fc5d188	0x80b0b0b0
0x00227958	0x00227958	arm	0x0022b184		EHABI_unwind_range_start_not_function_extent	cantunwind		.ARM.exidx	1342	0x005ca77c	6006652	0x7fc5d1dc	0x00000001
0x0022b184	0x0022b184	arm	0x0022bab8		EHABI_unwind_range_start_not_function_extent	compact_inline		.ARM.exidx	1343	0x005ca784	6006660	0x7fc60a00	0x80b0b0b0
0x0022bab8	0x0022bab8	arm	0x002365d0		EHABI_unwind_range_start_not_function_extent	cantunwind		.ARM.exidx	1344	0x005ca78c	6006668	0x7fc6132c	0x00000001
0x002365d0	0x002365d0	arm	0x00237a9c		EHABI_unwind_range_start_not_function_extent	compact_inline		.ARM.exidx	1345	0x005ca794	6006676	0x7fc6be3c	0x80b0b0b0
0x00237a9c	0x00237a9c	arm	0x0023ee54		EHABI_unwind_range_start_not_function_extent	cantunwind		.ARM.exidx	1346	0x005ca79c	6006684	0x7fc6d300	0x00000001
0x0023ee54	0x0023ee54	arm	0x0023fe28		EHABI_unwind_range_start_not_function_extent	compact_inline		.ARM.exidx	1347	0x005ca7a4	6006692	0x7fc746b0	0x80b0b0b0
0x0023fe28	0x0023fe28	arm	0x00246ef8		EHABI_unwind_range_start_not_function_extent	cantunwind		.ARM.exidx	1348	0x005ca7ac	6006700	0x7fc7567c	0x00000001
0x00246ef8	0x00246ef8	arm	0x00249f9c		EHABI_unwind_range_start_not_function_extent	compact_inline		.ARM.exidx	1349	0x005ca7b4	6006708	0x7fc7c744	0x80b0b0b0
0x00249f9c	0x00249f9c	arm	0x002511b4		EHABI_unwind_range_start_not_function_extent	cantunwind		.ARM.exidx	1350	0x005ca7bc	6006716	0x7fc7f7e0	0x00000001
0x002511b4	0x002511b4	arm	0x00251ed8		EHABI_unwind_range_start_not_function_extent	compact_inline		.ARM.exidx	1351	0x005ca7c4	6006724	0x7fc869f0	0x80b0b0b0
0x00251ed8	0x00251ed8	arm	0x002520c4		EHABI_unwind_range_start_not_function_extent	cantunwind		.ARM.exidx	1352	0x005ca7cc	6006732	0x7fc8770c	0x00000001
0x002520c4	0x002520c4	arm	0x00252330		EHABI_unwind_range_start_not_function_extent	compact_inline		.ARM.exidx	1353	0x005ca7d4	6006740	0x7fc878f0	0x80b0b0b0
0x00252330	0x00252330	arm	0x00259ba8		EHABI_unwind_range_start_not_function_extent	cantunwind		.ARM.exidx	1354	0x005ca7dc	6006748	0x7fc87b54	0x00000001
0x00259ba8	0x00259ba8	arm	0x0025acdc		EHABI_unwind_range_start_not_function_extent	compact_inline		.ARM.exidx	1355	0x005ca7e4	6006756	0x7fc8f3c4	0x80b0b0b0
0x0025acdc	0x0025acdc	arm	0x002603a0		EHABI_unwind_range_start_not_function_extent	cantunwind		.ARM.exidx	1356	0x005ca7ec	6006764	0x7fc904f0	0x00000001
0x002603a0	0x002603a0	arm	0x002615ac		EHABI_unwind_range_start_not_function_extent	compact_inline		.ARM.exidx	1357	0x005ca7f4	6006772	0x7fc95bac	0x80b0b0b0
0x002615ac	0x002615ac	arm	0x002689f4		EHABI_unwind_range_start_not_function_extent	cantunwind		.ARM.exidx	1358	0x005ca7fc	6006780	0x7fc96db0	0x00000001
0x002689f4	0x002689f4	arm	0x0026ac60		EHABI_unwind_range_start_not_function_extent	compact_inline		.ARM.exidx	1359	0x005ca804	6006788	0x7fc9e1f0	0x80b0b0b0
0x0026ac60	0x0026ac60	arm	0x0026bf58		EHABI_unwind_range_start_not_function_extent	cantunwind		.ARM.exidx	1360	0x005ca80c	6006796	0x7fca0454	0x00000001
0x0026bf58	0x0026bf58	arm	0x0026c10c		EHABI_unwind_range_start_not_function_extent	compact_inline		.ARM.exidx	1361	0x005ca814	6006804	0x7fca1744	0x80b0b0b0
0x0026c10c	0x0026c10c	arm	0x0026dec8		EHABI_unwind_range_start_not_function_extent	cantunwind		.ARM.exidx	1362	0x005ca81c	6006812	0x7fca18f0	0x00000001
0x0026dec8	0x0026dec8	arm	0x0026df2c		EHABI_unwind_range_start_not_function_extent	compact_inline		.ARM.exidx	1363	0x005ca824	6006820	0x7fca36a4	0x80b0b0b0
0x0026df2c	0x0026df2c	arm	0x002714a4		EHABI_unwind_range_start_not_function_extent	cantunwind		.ARM.exidx	1364	0x005ca82c	6006828	0x7fca3700	0x00000001
0x002714a4	0x002714a4	arm	0x00271a38		EHABI_unwind_range_start_not_function_extent	compact_inline		.ARM.exidx	1365	0x005ca834	6006836	0x7fca6c70	0x80b0b0b0
0x00271a38	0x00271a38	arm	0x00273c74		EHABI_unwind_range_start_not_function_extent	cantunwind		.ARM.exidx	1366	0x005ca83c	6006844	0x7fca71fc	0x00000001
0x00273c74	0x00273c74	arm	0x00274240		EHABI_unwind_range_start_not_function_extent	compact_inline		.ARM.exidx	1367	0x005ca844	6006852	0x7fca9430	0x80b0b0b0
0x00274240	0x00274240	arm	0x0027d384		EHABI_unwind_range_start_not_function_extent	cantunwind		.ARM.exidx	1368	0x005ca84c	6006860	0x7fca99f4	0x00000001
0x0027d384	0x0027d384	arm	0x0027ef60		EHABI_unwind_range_start_not_function_extent	compact_inline		.ARM.exidx	1369	0x005ca854	6006868	0x7fcb2b30	0x80b0b0b0
0x0027ef60	0x0027ef60	arm	0x00284fb0		EHABI_unwind_range_start_not_function_extent	cantunwind		.ARM.exidx	1370	0x005ca85c	6006876	0x7fcb4704	0x00000001
0x00284fb0	0x00284fb0	arm	0x002856c4		EHABI_unwind_range_start_not_function_extent	compact_inline		.ARM.exidx	1371	0x005ca864	6006884	0x7fcba74c	0x80b0b0b0
0x002856c4	0x002856c4	arm	0x002894a0		EHABI_unwind_range_start_not_function_extent	cantunwind		.ARM.exidx	1372	0x005ca86c	6006892	0x7fcbae58	0x00000001
0x002894a0	0x002894a0	arm	0x0028987c		EHABI_unwind_range_start_not_function_extent	compact_inline		.ARM.exidx	1373	0x005ca874	6006900	0x7fcbec2c	0x80b0b0b0
0x0028987c	0x0028987c	arm	0x0028b338		EHABI_unwind_range_start_not_function_extent	cantunwind		.ARM.exidx	1374	0x005ca87c	6006908	0x7fcbf000	0x00000001
0x0028b338	0x0028b338	arm	0x0028b74c		EHABI_unwind_range_start_not_function_extent	compact_inline		.ARM.exidx	1375	0x005ca884	6006916	0x7fcc0ab4	0x80b0b0b0
0x0028b74c	0x0028b74c	arm	0x0028dfbc		EHABI_unwind_range_start_not_function_extent	cantunwind		.ARM.exidx	1376	0x005ca88c	6006924	0x7fcc0ec0	0x00000001
0x0028dfbc	0x0028dfbc	arm	0x0028e8d8		EHABI_unwind_range_start_not_function_extent	compact_inline		.ARM.exidx	1377	0x005ca894	6006932	0x7fcc3728	0x80b0b0b0
0x0028e8d8	0x0028e8d8	arm	0x002914bc		EHABI_unwind_range_start_not_function_extent	cantunwind		.ARM.exidx	1378	0x005ca89c	6006940	0x7fcc403c	0x00000001
0x002914bc	0x002914bc	arm	0x002919b8		EHABI_unwind_range_start_not_function_extent	compact_inline		.ARM.exidx	1379	0x005ca8a4	6006948	0x7fcc6c18	0x80b0b0b0
0x002919b8	0x002919b8	arm	0x002924bc		EHABI_unwind_range_start_not_function_extent	cantunwind		.ARM.exidx	1380	0x005ca8ac	6006956	0x7fcc710c	0x00000001
0x002924bc	0x002924bc	arm	0x00292598		EHABI_unwind_range_start_not_function_extent	compact_inline		.ARM.exidx	1381	0x005ca8b4	6006964	0x7fcc7c08	0x80b0b0b0
0x00292598	0x00292598	arm	0x002926f0		EHABI_unwind_range_start_not_function_extent	cantunwind		.ARM.exidx	1382	0x005ca8bc	6006972	0x7fcc7cdc	0x00000001
0x002926f0	0x002926f0	arm	0x00292754		EHABI_unwind_range_start_not_function_extent	compact_inline		.ARM.exidx	1383	0x005ca8c4	6006980	0x7fcc7e2c	0x80b0b0b0
0x00292754	0x00292754	arm	0x00297320		EHABI_unwind_range_start_not_function_extent	cantunwind		.ARM.exidx	1384	0x005ca8cc	6006988	0x7fcc7e88	0x00000001
0x00297320	0x00297320	arm	0x00298854		EHABI_unwind_range_start_not_function_extent	compact_inline		.ARM.exidx	1385	0x005ca8d4	6006996	0x7fccca4c	0x80b0b0b0
0x00298854	0x00298854	arm	0x0029a1cc		EHABI_unwind_range_start_not_function_extent	cantunwind		.ARM.exidx	1386	0x005ca8dc	6007004	0x7fccdf78	0x00000001
0x0029a1cc	0x0029a1cc	arm	0x0029a788		EHABI_unwind_range_start_not_function_extent	compact_inline		.ARM.exidx	1387	0x005ca8e4	6007012	0x7fccf8e8	0x80b0b0b0
0x0029a788	0x0029a788	arm	0x0029b5b8		EHABI_unwind_range_start_not_function_extent	cantunwind		.ARM.exidx	1388	0x005ca8ec	6007020	0x7fccfe9c	0x00000001
0x0029b5b8	0x0029b5b8	arm	0x0029b8a4		EHABI_unwind_range_start_not_function_extent	compact_inline		.ARM.exidx	1389	0x005ca8f4	6007028	0x7fcd0cc4	0x80b0b0b0
0x0029b8a4	0x0029b8a4	arm	0x0029f0bc		EHABI_unwind_range_start_not_function_extent	cantunwind		.ARM.exidx	1390	0x005ca8fc	6007036	0x7fcd0fa8	0x00000001
0x0029f0bc	0x0029f0bc	arm	0x0029ffa0		EHABI_unwind_range_start_not_function_extent	compact_inline		.ARM.exidx	1391	0x005ca904	6007044	0x7fcd47b8	0x80b0b0b0
0x0029ffa0	0x0029ffa0	arm	0x002a12f8		EHABI_unwind_range_start_not_function_extent	cantunwind		.ARM.exidx	1392	0x005ca90c	6007052	0x7fcd5694	0x00000001
0x002a12f8	0x002a12f8	arm	0x002a14c4		EHABI_unwind_range_start_not_function_extent	compact_inline		.ARM.exidx	1393	0x005ca914	6007060	0x7fcd69e4	0x80b0b0b0
0x002a14c4	0x002a14c4	arm	0x002b1284		EHABI_unwind_range_start_not_function_extent	cantunwind		.ARM.exidx	1394	0x005ca91c	6007068	0x7fcd6ba8	0x00000001
0x002b1284	0x002b1284	arm	0x002b55a8		EHABI_unwind_range_start_not_function_extent	compact_inline		.ARM.exidx	1395	0x005ca924	6007076	0x7fce6960	0x80b0b0b0
0x002b55a8	0x002b55a8	arm	0x002b917c		EHABI_unwind_range_start_not_function_extent	cantunwind		.ARM.exidx	1396	0x005ca92c	6007084	0x7fceac7c	0x00000001
0x002b917c	0x002b917c	arm	0x002ba648		EHABI_unwind_range_start_not_function_extent	compact_inline		.ARM.exidx	1397	0x005ca934	6007092	0x7fcee848	0x80b0b0b0
0x002ba648	0x002ba648	arm	0x002bc848		EHABI_unwind_range_start_not_function_extent	cantunwind		.ARM.exidx	1398	0x005ca93c	6007100	0x7fcefd0c	0x00000001
0x002bc848	0x002bc848	arm	0x002bd33c		EHABI_unwind_range_start_not_function_extent	compact_inline		.ARM.exidx	1399	0x005ca944	6007108	0x7fcf1f04	0x80b0b0b0
0x002bd33c	0x002bd33c	arm	0x002bd5dc		EHABI_unwind_range_start_not_function_extent	cantunwind		.ARM.exidx	1400	0x005ca94c	6007116	0x7fcf29f0	0x00000001
0x002bd5dc	0x002bd5dc	arm	0x002bd6d0		EHABI_unwind_range_start_not_function_extent	compact_inline		.ARM.exidx	1401	0x005ca954	6007124	0x7fcf2c88	0x80b0b0b0
0x002bd6d0	0x002bd6d0	arm	0x002c0c6c		EHABI_unwind_range_start_not_function_extent	cantunwind		.ARM.exidx	1402	0x005ca95c	6007132	0x7fcf2d74	0x00000001
0x002c0c6c	0x002c0c6c	arm	0x002c1458		EHABI_unwind_range_start_not_function_extent	compact_inline		.ARM.exidx	1403	0x005ca964	6007140	0x7fcf6308	0x80b0b0b0
0x002c1458	0x002c1458	arm	0x002c2338		EHABI_unwind_range_start_not_function_extent	cantunwind		.ARM.exidx	1404	0x005ca96c	6007148	0x7fcf6aec	0x00000001
0x002c2338	0x002c2338	arm	0x002c5824		EHABI_unwind_range_start_not_function_extent	compact_inline		.ARM.exidx	1405	0x005ca974	6007156	0x7fcf79c4	0x80b0b0b0
0x002c5824	0x002c5824	arm	0x002c5d80		EHABI_unwind_range_start_not_function_extent	cantunwind		.ARM.exidx	1406	0x005ca97c	6007164	0x7fcfaea8	0x00000001
0x002c5d80	0x002c5d80	arm	0x002c5de4		EHABI_unwind_range_start_not_function_extent	compact_inline		.ARM.exidx	1407	0x005ca984	6007172	0x7fcfb3fc	0x80b0b0b0
0x002c5de4	0x002c5de4	arm	0x002c61bc		EHABI_unwind_range_start_not_function_extent	cantunwind		.ARM.exidx	1408	0x005ca98c	6007180	0x7fcfb458	0x00000001
0x002c61bc	0x002c61bc	arm	0x002c6298		EHABI_unwind_range_start_not_function_extent	compact_inline		.ARM.exidx	1409	0x005ca994	6007188	0x7fcfb828	0x80b0b0b0
0x002c6298	0x002c6298	arm	0x002c9ed0		EHABI_unwind_range_start_not_function_extent	cantunwind		.ARM.exidx	1410	0x005ca99c	6007196	0x7fcfb8fc	0x00000001
0x002c9ed0	0x002c9ed0	arm	0x002ca694		EHABI_unwind_range_start_not_function_extent	compact_inline		.ARM.exidx	1411	0x005ca9a4	6007204	0x7fcff52c	0x80b0b0b0
0x002ca694	0x002ca694	arm	0x002ce6dc		EHABI_unwind_range_start_not_function_extent	cantunwind		.ARM.exidx	1412	0x005ca9ac	6007212	0x7fcffce8	0x00000001
0x002ce6dc	0x002ce6dc	arm	0x002cf230		EHABI_unwind_range_start_not_function_extent	compact_inline		.ARM.exidx	1413	0x005ca9b4	6007220	0x7fd03d28	0x80b0b0b0
0x002cf230	0x002cf230	arm	0x002d0214		EHABI_unwind_range_start_not_function_extent	cantunwind		.ARM.exidx	1414	0x005ca9bc	6007228	0x7fd04874	0x00000001
0x002d0214	0x002d0214	arm	0x002d0278		EHABI_unwind_range_start_not_function_extent	compact_inline		.ARM.exidx	1415	0x005ca9c4	6007236	0x7fd05850	0x80b0b0b0
0x002d0278	0x002d0278	arm	0x002d2bfc		EHABI_unwind_range_start_not_function_extent	cantunwind		.ARM.exidx	1416	0x005ca9cc	6007244	0x7fd058ac	0x00000001
0x002d2bfc	0x002d2bfc	arm	0x002d2e00		EHABI_unwind_range_start_not_function_extent	compact_inline		.ARM.exidx	1417	0x005ca9d4	6007252	0x7fd08228	0x80b0b0b0
0x002d2e00	0x002d2e00	arm	0x002d79ac		EHABI_unwind_range_start_not_function_extent	cantunwind		.ARM.exidx	1418	0x005ca9dc	6007260	0x7fd08424	0x00000001
0x002d79ac	0x002d79ac	arm	0x002d7cf8		EHABI_unwind_range_start_not_function_extent	compact_inline		.ARM.exidx	1419	0x005ca9e4	6007268	0x7fd0cfc8	0x80b0b0b0
0x002d7cf8	0x002d7cf8	arm	0x002e41c0		EHABI_unwind_range_start_not_function_extent	cantunwind		.ARM.exidx	1420	0x005ca9ec	6007276	0x7fd0d30c	0x00000001
0x002e41c0	0x002e41c0	arm	0x002e4224		EHABI_unwind_range_start_not_function_extent	compact_inline		.ARM.exidx	1421	0x005ca9f4	6007284	0x7fd197cc	0x80b0b0b0
0x002e4224	0x002e4224	arm	0x00311014		EHABI_unwind_range_start_not_function_extent	cantunwind		.ARM.exidx	1422	0x005ca9fc	6007292	0x7fd19828	0x00000001
0x00311014	0x00311014	arm	0x00311160		EHABI_unwind_range_start_not_function_extent	compact_inline		.ARM.exidx	1423	0x005caa04	6007300	0x7fd46610	0x80b0b0b0
0x00311160	0x00311160	arm	0x0031b170		EHABI_unwind_range_start_not_function_extent	cantunwind		.ARM.exidx	1424	0x005caa0c	6007308	0x7fd46754	0x00000001
0x0031b170	0x0031b170	arm	0x0031b1a4		EHABI_unwind_range_start_not_function_extent	compact_inline		.ARM.exidx	1425	0x005caa14	6007316	0x7fd5075c	0x80b0b0b0
0x0031b1a4	0x0031b1a4	arm	0x0031b9e4		EHABI_unwind_range_start_not_function_extent	cantunwind		.ARM.exidx	1426	0x005caa1c	6007324	0x7fd50788	0x00000001
0x0031b9e4	0x0031b9e4	arm	0x0031bad8		EHABI_unwind_range_start_not_function_extent	compact_inline		.ARM.exidx	1427	0x005caa24	6007332	0x7fd50fc0	0x80b0b0b0
0x0031bad8	0x0031bad8	arm	0x003587cc		EHABI_unwind_range_start_not_function_extent	cantunwind		.ARM.exidx	1428	0x005caa2c	6007340	0x7fd510ac	0x00000001
0x003587cc	0x003587cc	arm	0x00365298		EHABI_unwind_range_start_not_function_extent	compact_inline		.ARM.exidx	1429	0x005caa34	6007348	0x7fd8dd98	0x80b0b0b0
0x00365298	0x00365298	arm	0x003691f4		EHABI_unwind_range_start_not_function_extent	cantunwind		.ARM.exidx	1430	0x005caa3c	6007356	0x7fd9a85c	0x00000001
0x003691f4	0x003691f4	arm	0x00369420		EHABI_unwind_range_start_not_function_extent	compact_inline		.ARM.exidx	1431	0x005caa44	6007364	0x7fd9e7b0	0x80b0b0b0
0x00369420	0x00369420	arm	0x003811cc		EHABI_unwind_range_start_not_function_extent	cantunwind		.ARM.exidx	1432	0x005caa4c	6007372	0x7fd9e9d4	0x00000001
0x003811cc	0x003811cc	arm	0x00381200		EHABI_unwind_range_start_not_function_extent	compact_inline		.ARM.exidx	1433	0x005caa54	6007380	0x7fdb6778	0x80b0b0b0
0x00381200	0x00381200	arm	0x0039467c		EHABI_unwind_range_start_not_function_extent	cantunwind		.ARM.exidx	1434	0x005caa5c	6007388	0x7fdb67a4	0x00000001
0x0039467c	0x0039467c	arm	0x003953f8		EHABI_unwind_range_start_not_function_extent	compact_inline		.ARM.exidx	1435	0x005caa64	6007396	0x7fdc9c18	0x80b0b0b0
0x003953f8	0x003953f8	arm	0x00399500		EHABI_unwind_range_start_not_function_extent	cantunwind		.ARM.exidx	1436	0x005caa6c	6007404	0x7fdca98c	0x00000001
0x00399500	0x00399500	arm	0x00399e14		EHABI_unwind_range_start_not_function_extent	compact_inline		.ARM.exidx	1437	0x005caa74	6007412	0x7fdcea8c	0x80b0b0b0
0x00399e14	0x00399e14	arm	0x0047bf8c		EHABI_unwind_range_start_not_function_extent	cantunwind		.ARM.exidx	1438	0x005caa7c	6007420	0x7fdcf398	0x00000001
0x0047bf8c	0x0047bf8c	arm	0x0049ef9c		EHABI_unwind_range_start_not_function_extent	compact_inline		.ARM.exidx	1439	0x005caa84	6007428	0x7feb1508	0x80b0b0b0
0x0049ef9c	0x0049ef9c	arm	0x004b8338		EHABI_unwind_range_start_not_function_extent	cantunwind		.ARM.exidx	1440	0x005caa8c	6007436	0x7fed4510	0x00000001
0x004b8338	0x004b8338	arm	0x004b8514		EHABI_unwind_range_start_not_function_extent	compact_inline		.ARM.exidx	1441	0x005caa94	6007444	0x7feed8a4	0x80b0b0b0
0x004b8514	0x004b8514	arm	0x004cc794		EHABI_unwind_range_start_not_function_extent	cantunwind		.ARM.exidx	1442	0x005caa9c	6007452	0x7feeda78	0x00000001
0x004cc794	0x004cc794	arm	0x004cd320		EHABI_unwind_range_start_not_function_extent	compact_inline		.ARM.exidx	1443	0x005caaa4	6007460	0x7ff01cf0	0x80b0b0b0
0x004cd320	0x004cd320	arm	0x004d4178		EHABI_unwind_range_start_not_function_extent	cantunwind		.ARM.exidx	1444	0x005caaac	6007468	0x7ff02874	0x00000001
0x004d4178	0x004d4178	arm	0x004d48f4		EHABI_unwind_range_start_not_function_extent	compact_inline		.ARM.exidx	1445	0x005caab4	6007476	0x7ff096c4	0x80b0b0b0
0x004d48f4	0x004d48f4	arm	0x004edfe4		EHABI_unwind_range_start_not_function_extent	cantunwind		.ARM.exidx	1446	0x005caabc	6007484	0x7ff09e38	0x00000001
0x004edfe4	0x004edfe4	arm	0x004ee244		EHABI_unwind_range_start_not_function_extent	compact_inline		.ARM.exidx	1447	0x005caac4	6007492	0x7ff23520	0x80b0b0b0
0x004ee244	0x004ee244	arm	0x004f0894		EHABI_unwind_range_start_not_function_extent	cantunwind		.ARM.exidx	1448	0x005caacc	6007500	0x7ff23778	0x00000001
0x004f0894	0x004f0894	arm	0x004f0940		EHABI_unwind_range_start_not_function_extent	compact_inline		.ARM.exidx	1449	0x005caad4	6007508	0x7ff25dc0	0x80b0b0b0
0x004f0940	0x004f0940	arm	0x004f6020		EHABI_unwind_range_start_not_function_extent	cantunwind		.ARM.exidx	1450	0x005caadc	6007516	0x7ff25e64	0x00000001
0x004f6020	0x004f6020	arm	0x004f6084		EHABI_unwind_range_start_not_function_extent	compact_inline		.ARM.exidx	1451	0x005caae4	6007524	0x7ff2b53c	0x80b0b0b0
0x004f6084	0x004f6084	arm	0x0050205c		EHABI_unwind_range_start_not_function_extent	cantunwind		.ARM.exidx	1452	0x005caaec	6007532	0x7ff2b598	0x00000001
0x0050205c	0x0050205c	arm	0x00502328		EHABI_unwind_range_start_not_function_extent	compact_inline		.ARM.exidx	1453	0x005caaf4	6007540	0x7ff37568	0x80b0b0b0
0x00502328	0x00502328	arm	0x00554c78		EHABI_unwind_range_start_not_function_extent	cantunwind		.ARM.exidx	1454	0x005caafc	6007548	0x7ff3782c	0x00000001
0x00554c78	0x00554c78	arm	0x0055e82c		EHABI_unwind_range_start_not_function_extent	compact_inline		.ARM.exidx	1455	0x005cab04	6007556	0x7ff8a174	0x80b0b0b0
0x0055e82c	0x0055e82c	arm	0x00563418		EHABI_unwind_range_start_not_function_extent	cantunwind		.ARM.exidx	1456	0x005cab0c	6007564	0x7ff93d20	0x00000001
0x00563418	0x00563418	arm	0x00568f34		EHABI_unwind_range_start_not_function_extent	compact_inline		.ARM.exidx	1457	0x005cab14	6007572	0x7ff98904	0x80b0b0b0
0x00568f34	0x00568f34	arm	0x00569120		EHABI_unwind_range_start_not_function_extent	extab_pointer	0x005c7ce4	.ARM.exidx	1458	0x005cab1c	6007580	0x7ff9e418	0x7fffd1c4
0x00569120	0x00569120	arm	0x00569198		EHABI_unwind_range_start_not_function_extent	compact_inline		.ARM.exidx	1459	0x005cab24	6007588	0x7ff9e5fc	0x8002a9b0
0x00569198	0x00569198	arm	0x00569210		EHABI_unwind_range_start_not_function_extent	cantunwind		.ARM.exidx	1460	0x005cab2c	6007596	0x7ff9e66c	0x00000001
0x00569210	0x00569210	arm	0x00569254		EHABI_unwind_range_start_not_function_extent	compact_inline		.ARM.exidx	1461	0x005cab34	6007604	0x7ff9e6dc	0x80a8b0b0
0x00569254	0x00569254	arm	0x005692dc		EHABI_unwind_range_start_not_function_extent	compact_inline		.ARM.exidx	1462	0x005cab3c	6007612	0x7ff9e718	0x8002abb0
0x005692dc	0x005692dc	arm	0x005693c0		EHABI_unwind_range_start_not_function_extent	compact_inline		.ARM.exidx	1463	0x005cab44	6007620	0x7ff9e798	0x80aab0b0
0x005693c0	0x005693c0	arm	0x0056943c		EHABI_unwind_range_start_not_function_extent	compact_inline		.ARM.exidx	1464	0x005cab4c	6007628	0x7ff9e874	0x8001a8b0
0x0056943c	0x0056943c	arm	0x00569520		EHABI_unwind_range_start_not_function_extent	cantunwind		.ARM.exidx	1465	0x005cab54	6007636	0x7ff9e8e8	0x00000001
0x00569520	0x00569520	arm	0x005697a0		EHABI_unwind_range_start_not_function_extent	compact_inline		.ARM.exidx	1466	0x005cab5c	6007644	0x7ff9e9c4	0x8002abb0
0x005697a0	0x005697a0	arm	0x005697d0		EHABI_unwind_range_start_not_function_extent	cantunwind		.ARM.exidx	1467	0x005cab64	6007652	0x7ff9ec3c	0x00000001
0x005697d0	0x005697d0	arm	0x0056991c		EHABI_unwind_range_start_not_function_extent	compact_inline		.ARM.exidx	1468	0x005cab6c	6007660	0x7ff9ec64	0x8003a8b0
0x0056991c	0x0056991c	arm	0x00569a90		EHABI_unwind_range_start_not_function_extent	compact_inline		.ARM.exidx	1469	0x005cab74	6007668	0x7ff9eda8	0x8006abb0
0x00569a90	0x00569a90	arm	0x00569bb0		EHABI_unwind_range_start_not_function_extent	cantunwind		.ARM.exidx	1470	0x005cab7c	6007676	0x7ff9ef14	0x00000001
0x00569bb0	0x00569bb0	arm	0x00569d14		EHABI_unwind_range_start_not_function_extent	compact_inline		.ARM.exidx	1471	0x005cab84	6007684	0x7ff9f02c	0x8009acb0
0x00569d14	0x00569d14	arm	0x0056a0f8		EHABI_unwind_range_start_not_function_extent	compact_inline		.ARM.exidx	1472	0x005cab8c	6007692	0x7ff9f188	0x8010adb0
0x0056a0f8	0x0056a0f8	arm	0x0056a1b4		EHABI_unwind_range_start_not_function_extent	compact_inline		.ARM.exidx	1473	0x005cab94	6007700	0x7ff9f564	0x8001aab0
0x0056a1b4	0x0056a1b4	arm	0x0056a748		EHABI_unwind_range_start_not_function_extent	extab_pointer	0x005c7cf0	.ARM.exidx	1474	0x005cab9c	6007708	0x7ff9f618	0x7fffd150
0x0056a748	0x0056a748	arm	0x0056bef8		EHABI_unwind_range_start_not_function_extent	compact_inline		.ARM.exidx	1475	0x005caba4	6007716	0x7ff9fba4	0x8012afb0
0x0056bef8	0x0056bef8	arm	0x0056c1ac		EHABI_unwind_range_start_not_function_extent	extab_pointer	0x005c7cfc	.ARM.exidx	1476	0x005cabac	6007724	0x7ffa134c	0x7fffd14c
0x0056c1ac	0x0056c1ac	arm	0x0056c384		EHABI_unwind_range_start_not_function_extent	compact_inline		.ARM.exidx	1477	0x005cabb4	6007732	0x7ffa15f8	0x800aafb0
0x0056c384	0x0056c384	arm	0x0056c5e0		EHABI_unwind_range_start_not_function_extent	compact_inline		.ARM.exidx	1478	0x005cabbc	6007740	0x7ffa17c8	0x8003a8b0
0x0056c5e0	0x0056c5e0	arm	0x0056cb2c		EHABI_unwind_range_start_not_function_extent	extab_pointer	0x005c7d08	.ARM.exidx	1479	0x005cabc4	6007748	0x7ffa1a1c	0x7fffd140
0x0056cb2c	0x0056cb2c	arm	0x0056cc70		EHABI_unwind_range_start_not_function_extent	extab_pointer	0x005c7d14	.ARM.exidx	1480	0x005cabcc	6007756	0x7ffa1f60	0x7fffd144
0x0056cc70	0x0056cc70	arm	0x0056cd6c		EHABI_unwind_range_start_not_function_extent	compact_inline		.ARM.exidx	1481	0x005cabd4	6007764	0x7ffa209c	0x80aeb0b0
0x0056cd6c	0x0056cd6c	arm	0x0056cd70		EHABI_unwind_range_start_not_function_extent	cantunwind		.ARM.exidx	1482	0x005cabdc	6007772	0x7ffa2190	0x00000001
0x0056cd70	0x0056cd70	arm	0x0056d1a4		EHABI_unwind_range_start_not_function_extent	compact_inline		.ARM.exidx	1483	0x005cabe4	6007780	0x7ffa218c	0x8008afb0
0x0056d1a4	0x0056d1a4	arm	0x0056d60c		EHABI_unwind_range_start_not_function_extent	compact_inline		.ARM.exidx	1484	0x005cabec	6007788	0x7ffa25b8	0x8010afb0
0x0056d60c	0x0056d60c	arm	0x0056d644		EHABI_unwind_range_start_not_function_extent	compact_inline		.ARM.exidx	1485	0x005cabf4	6007796	0x7ffa2a18	0x80a8b0b0
0x0056d644	0x0056d644	arm	0x0056d7d8		EHABI_unwind_range_start_not_function_extent	cantunwind		.ARM.exidx	1486	0x005cabfc	6007804	0x7ffa2a48	0x00000001
0x0056d7d8	0x0056d7d8	arm	0x0056dc3c		EHABI_unwind_range_start_not_function_extent	compact_inline		.ARM.exidx	1487	0x005cac04	6007812	0x7ffa2bd4	0x800aafb0
0x0056dc3c	0x0056dc3c	arm	0x0056dd20		EHABI_unwind_range_start_not_function_extent	compact_inline		.ARM.exidx	1488	0x005cac0c	6007820	0x7ffa3030	0x800aabb0
0x0056dd20	0x0056dd20	arm	0x0056ddf0		EHABI_unwind_range_start_not_function_extent	compact_inline		.ARM.exidx	1489	0x005cac14	6007828	0x7ffa310c	0x8009acb0
0x0056ddf0	0x0056ddf0	arm	0x0056dea0		EHABI_unwind_range_start_not_function_extent	compact_inline		.ARM.exidx	1490	0x005cac1c	6007836	0x7ffa31d4	0x8008a9b0
0x0056dea0	0x0056dea0	arm	0x0056dfb4		EHABI_unwind_range_start_not_function_extent	cantunwind		.ARM.exidx	1491	0x005cac24	6007844	0x7ffa327c	0x00000001
0x0056dfb4	0x0056dfb4	arm	0x0056e864		EHABI_unwind_range_start_not_function_extent	extab_pointer	0x005c7d20	.ARM.exidx	1492	0x005cac2c	6007852	0x7ffa3388	0x7fffd0f0
0x0056e864	0x0056e864	arm	0x0056e980		EHABI_unwind_range_start_not_function_extent	extab_pointer	0x005c7d2c	.ARM.exidx	1493	0x005cac34	6007860	0x7ffa3c30	0x7fffd0f4
0x0056e980	0x0056e980	arm	0x0056eacc		EHABI_unwind_range_start_not_function_extent	extab_pointer	0x005c7d38	.ARM.exidx	1494	0x005cac3c	6007868	0x7ffa3d44	0x7fffd0f8
0x0056eacc	0x0056eacc	arm	0x0056f3f8		EHABI_unwind_range_start_not_function_extent	extab_pointer	0x005c7d44	.ARM.exidx	1495	0x005cac44	6007876	0x7ffa3e88	0x7fffd0fc
0x0056f3f8	0x0056f3f8	arm	0x0056f42c		EHABI_unwind_range_start_not_function_extent	cantunwind		.ARM.exidx	1496	0x005cac4c	6007884	0x7ffa47ac	0x00000001
0x0056f42c	0x0056f42c	arm	0x0056f500		EHABI_unwind_range_start_not_function_extent	compact_inline		.ARM.exidx	1497	0x005cac54	6007892	0x7ffa47d8	0x8001a8b0
0x0056f500	0x0056f500	arm	0x0056f590		EHABI_unwind_range_start_not_function_extent	compact_inline		.ARM.exidx	1498	0x005cac5c	6007900	0x7ffa48a4	0x80acb0b0
0x0056f590	0x0056f590	arm	0x0056f6b8		EHABI_unwind_range_start_not_function_extent	compact_inline		.ARM.exidx	1499	0x005cac64	6007908	0x7ffa492c	0x8003acb0
0x0056f6b8	0x0056f6b8	arm	0x0056f6fc		EHABI_unwind_range_start_not_function_extent	cantunwind		.ARM.exidx	1500	0x005cac6c	6007916	0x7ffa4a4c	0x00000001
0x0056f6fc	0x0056f6fc	arm	0x0056f7a8		EHABI_unwind_range_start_not_function_extent	compact_inline		.ARM.exidx	1501	0x005cac74	6007924	0x7ffa4a88	0x80acb0b0
0x0056f7a8	0x0056f7a8	arm	0x0056fa10		EHABI_unwind_range_start_not_function_extent	compact_inline		.ARM.exidx	1502	0x005cac7c	6007932	0x7ffa4b2c	0x8021acb0
0x0056fa10	0x0056fa10	arm	0x0056fa40		EHABI_unwind_range_start_not_function_extent	cantunwind		.ARM.exidx	1503	0x005cac84	6007940	0x7ffa4d8c	0x00000001
0x0056fa40	0x0056fa40	arm	0x0056fb78		EHABI_unwind_range_start_not_function_extent	compact_inline		.ARM.exidx	1504	0x005cac8c	6007948	0x7ffa4db4	0x8004a9b0
0x0056fb78	0x0056fb78	arm	0x0056fe14		EHABI_unwind_range_start_not_function_extent	compact_inline		.ARM.exidx	1505	0x005cac94	6007956	0x7ffa4ee4	0x8003aab0
0x0056fe14	0x0056fe14	arm	0x00570118		EHABI_unwind_range_start_not_function_extent	compact_inline		.ARM.exidx	1506	0x005cac9c	6007964	0x7ffa5178	0x8002afb0
0x00570118	0x00570118	arm	0x005701f4		EHABI_unwind_range_start_not_function_extent	cantunwind		.ARM.exidx	1507	0x005caca4	6007972	0x7ffa5474	0x00000001
0x005701f4	0x005701f4	arm	0x00570570		EHABI_unwind_range_start_not_function_extent	extab_pointer	0x005c7d50	.ARM.exidx	1508	0x005cacac	6007980	0x7ffa5548	0x7fffd0a0
0x00570570	0x00570570	arm	0x00570b08		EHABI_unwind_range_start_not_function_extent	extab_pointer	0x005c7d5c	.ARM.exidx	1509	0x005cacb4	6007988	0x7ffa58bc	0x7fffd0a4
0x00570b08	0x00570b08	arm	0x00570bac		EHABI_unwind_range_start_not_function_extent	cantunwind		.ARM.exidx	1510	0x005cacbc	6007996	0x7ffa5e4c	0x00000001
0x00570bac	0x00570bac	arm	0x00570c84		EHABI_unwind_range_start_not_function_extent	compact_inline		.ARM.exidx	1511	0x005cacc4	6008004	0x7ffa5ee8	0x8004a9b0
0x00570c84	0x00570c84	arm	0x00570d44		EHABI_unwind_range_start_not_function_extent	compact_inline		.ARM.exidx	1512	0x005caccc	6008012	0x7ffa5fb8	0x8001acb0
0x00570d44	0x00570d44	arm	0x00570d8c		EHABI_unwind_range_start_not_function_extent	compact_inline		.ARM.exidx	1513	0x005cacd4	6008020	0x7ffa6070	0x80028400
0x00570d8c	0x00570d8c	arm	0x00570e68		EHABI_unwind_range_start_not_function_extent	cantunwind		.ARM.exidx	1514	0x005cacdc	6008028	0x7ffa60b0	0x00000001
0x00570e68	0x00570e68	arm	0x005710cc		EHABI_unwind_range_start_not_function_extent	compact_inline		.ARM.exidx	1515	0x005cace4	6008036	0x7ffa6184	0x8006afb0
0x005710cc	0x005710cc	arm	0x00571314		EHABI_unwind_range_start_not_function_extent	compact_inline		.ARM.exidx	1516	0x005cacec	6008044	0x7ffa63e0	0x8001aab0
0x00571314	0x00571314	arm	0x00571614		EHABI_unwind_range_start_not_function_extent	compact_inline		.ARM.exidx	1517	0x005cacf4	6008052	0x7ffa6620	0x8004adb0
0x00571614	0x00571614	arm	0x005718e8		EHABI_unwind_range_start_not_function_extent	compact_inline		.ARM.exidx	1518	0x005cacfc	6008060	0x7ffa6918	0x8006afb0
0x005718e8	0x005718e8	arm	0x00571980		EHABI_unwind_range_start_not_function_extent	cantunwind		.ARM.exidx	1519	0x005cad04	6008068	0x7ffa6be4	0x00000001
0x00571980	0x00571980	arm	0x00571b20		EHABI_unwind_range_start_not_function_extent	compact_inline		.ARM.exidx	1520	0x005cad0c	6008076	0x7ffa6c74	0x8032afb0
0x00571b20	0x00571b20	arm	0x00571b44		EHABI_unwind_range_start_not_function_extent	compact_inline		.ARM.exidx	1521	0x005cad14	6008084	0x7ffa6e0c	0x80028400
0x00571b44	0x00571b44	arm	0x00571b48		EHABI_unwind_range_start_not_function_extent	cantunwind		.ARM.exidx	1522	0x005cad1c	6008092	0x7ffa6e28	0x00000001
0x00571b48	0x00571b48	arm	0x00571ce4		EHABI_unwind_range_start_not_function_extent	compact_inline		.ARM.exidx	1523	0x005cad24	6008100	0x7ffa6e24	0x8022abb0
0x00571ce4	0x00571ce4	arm	0x00571e98		EHABI_unwind_range_start_not_function_extent	cantunwind		.ARM.exidx	1524	0x005cad2c	6008108	0x7ffa6fb8	0x00000001
0x00571e98	0x00571e98	arm	0x005723c4		EHABI_unwind_range_start_not_function_extent	compact_inline		.ARM.exidx	1525	0x005cad34	6008116	0x7ffa7164	0x8008afb0
0x005723c4	0x005723c4	arm	0x00572690		EHABI_unwind_range_start_not_function_extent	compact_inline		.ARM.exidx	1526	0x005cad3c	6008124	0x7ffa7688	0x800cafb0
0x00572690	0x00572690	arm	0x00573760		EHABI_unwind_range_start_not_function_extent	compact_inline		.ARM.exidx	1527	0x005cad44	6008132	0x7ffa794c	0x80143faf
0x00573760	0x00573760	arm	0x00573928		EHABI_unwind_range_start_not_function_extent	extab_pointer	0x005c7d68	.ARM.exidx	1528	0x005cad4c	6008140	0x7ffa8a14	0x7fffd018
0x00573928	0x00573928	arm	0x00573b20		EHABI_unwind_range_start_not_function_extent	compact_inline		.ARM.exidx	1529	0x005cad54	6008148	0x7ffa8bd4	0x8008afb0
0x00573b20	0x00573b20	arm	0x00573db8		EHABI_unwind_range_start_not_function_extent	compact_inline		.ARM.exidx	1530	0x005cad5c	6008156	0x7ffa8dc4	0x8016afb0
0x00573db8	0x00573db8	arm	0x0057471c		EHABI_unwind_range_start_not_function_extent	extab_pointer	0x005c7d74	.ARM.exidx	1531	0x005cad64	6008164	0x7ffa9054	0x7fffd00c
0x0057471c	0x0057471c	arm	0x005748f8		EHABI_unwind_range_start_not_function_extent	compact_inline		.ARM.exidx	1532	0x005cad6c	6008172	0x7ffa99b0	0x8006afb0
0x005748f8	0x005748f8	arm	0x0057515c		EHABI_unwind_range_start_not_function_extent	compact_inline		.ARM.exidx	1533	0x005cad74	6008180	0x7ffa9b84	0x8012afb0
0x0057515c	0x0057515c	arm	0x00575300		EHABI_unwind_range_start_not_function_extent	compact_inline		.ARM.exidx	1534	0x005cad7c	6008188	0x7ffaa3e0	0x80023faf
0x00575300	0x00575300	arm	0x00575390		EHABI_unwind_range_start_not_function_extent	cantunwind		.ARM.exidx	1535	0x005cad84	6008196	0x7ffaa57c	0x00000001
0x00575390	0x00575390	arm	0x00575588		EHABI_unwind_range_start_not_function_extent	compact_inline		.ARM.exidx	1536	0x005cad8c	6008204	0x7ffaa604	0x8008afb0
0x00575588	0x00575588	arm	0x00576230		EHABI_unwind_range_start_not_function_extent	extab_pointer	0x005c7d80	.ARM.exidx	1537	0x005cad94	6008212	0x7ffaa7f4	0x7fffcfe8
0x00576230	0x00576230	arm	0x00586a50		EHABI_unwind_range_start_not_function_extent	cantunwind		.ARM.exidx	1538	0x005cad9c	6008220	0x7ffab494	0x00000001
0x00586a50	0x00586a50	arm	0x00587900		EHABI_unwind_range_start_not_function_extent	compact_inline		.ARM.exidx	1539	0x005cada4	6008228	0x7ffbbcac	0x809b8480
0x00587900	0x00587900	arm	0x0058959c		EHABI_unwind_range_start_not_function_extent	cantunwind		.ARM.exidx	1540	0x005cadac	6008236	0x7ffbcb54	0x00000001
0x0058959c	0x0058959c	arm	0x005896a8		EHABI_unwind_range_start_not_function_extent	compact_inline		.ARM.exidx	1541	0x005cadb4	6008244	0x7ffbe7e8	0x8001b0b0
0x005896a8	0x005896a8	arm	0x00589968		EHABI_unwind_range_start_not_function_extent	cantunwind		.ARM.exidx	1542	0x005cadbc	6008252	0x7ffbe8ec	0x00000001
0x00589968	0x00589968	arm	0x0058a150		EHABI_unwind_range_start_not_function_extent	compact_inline		.ARM.exidx	1543	0x005cadc4	6008260	0x7ffbeba4	0x809b8480
0x0058a150	0x0058a150	arm	0x0058abc4		EHABI_unwind_range_start_not_function_extent	cantunwind		.ARM.exidx	1544	0x005cadcc	6008268	0x7ffbf384	0x00000001
0x0058abc4	0x0058abc4	arm	0x0058ad00		EHABI_unwind_range_start_not_function_extent	compact_inline		.ARM.exidx	1545	0x005cadd4	6008276	0x7ffbfdf0	0x809b8480
0x0058ad00	0x0058ad00	arm	0x00590a44		EHABI_unwind_range_start_not_function_extent	cantunwind		.ARM.exidx	1546	0x005caddc	6008284	0x7ffbff24	0x00000001
0x00590a44	0x00590a44	arm	0x00590e28		EHABI_unwind_range_start_not_function_extent	compact_inline		.ARM.exidx	1547	0x005cade4	6008292	0x7ffc5c60	0x809b8480
0x00590e28	0x00590e28	arm	0x00591760		EHABI_unwind_range_start_not_function_extent	cantunwind		.ARM.exidx	1548	0x005cadec	6008300	0x7ffc603c	0x00000001
0x00591760	0x00591760	arm	0x0059186c		EHABI_unwind_range_start_not_function_extent	compact_inline		.ARM.exidx	1549	0x005cadf4	6008308	0x7ffc696c	0x8002a9b0
0x0059186c	0x0059186c	arm	0x005918d8		EHABI_unwind_range_start_not_function_extent	compact_inline		.ARM.exidx	1550	0x005cadfc	6008316	0x7ffc6a70	0x80a8b0b0
0x005918d8	0x005918d8	arm	0x005918f8		EHABI_unwind_range_start_not_function_extent	cantunwind		.ARM.exidx	1551	0x005cae04	6008324	0x7ffc6ad4	0x00000001
0x005918f8	0x005918f8	arm	0x0059195c		EHABI_unwind_range_start_not_function_extent	compact_inline		.ARM.exidx	1552	0x005cae0c	6008332	0x7ffc6aec	0x80aab0b0
0x0059195c	0x0059195c	arm	0x00591a78		EHABI_unwind_range_start_not_function_extent	compact_inline		.ARM.exidx	1553	0x005cae14	6008340	0x7ffc6b48	0x80b272af
0x00591a78	0x00591a78	arm	0x00591a80		EHABI_unwind_range_start_not_function_extent	cantunwind		.ARM.exidx	1554	0x005cae1c	6008348	0x7ffc6c5c	0x00000001
0x00591a80	0x00591a80	arm	0x00591b24		EHABI_unwind_range_start_not_function_extent	compact_inline		.ARM.exidx	1555	0x005cae24	6008356	0x7ffc6c5c	0x80383fab
0x00591b24	0x00591b24	arm	0x00591b40		EHABI_unwind_range_start_not_function_extent	cantunwind		.ARM.exidx	1556	0x005cae2c	6008364	0x7ffc6cf8	0x00000001
0x00591b40	0x00591b40	arm	0x00591bb0		EHABI_unwind_range_start_not_function_extent	compact_inline		.ARM.exidx	1557	0x005cae34	6008372	0x7ffc6d0c	0x80aab0b0
0x00591bb0	0x00591bb0	arm	0x00591cdc		EHABI_unwind_range_start_not_function_extent	cantunwind		.ARM.exidx	1558	0x005cae3c	6008380	0x7ffc6d74	0x00000001
0x00591cdc	0x00591cdc	arm	0x00591da4		EHABI_unwind_range_start_not_function_extent	compact_inline		.ARM.exidx	1559	0x005cae44	6008388	0x7ffc6e98	0x80b20dac
0x00591da4	0x00591da4	arm	0x00592144		EHABI_unwind_range_start_not_function_extent	compact_inline		.ARM.exidx	1560	0x005cae4c	6008396	0x7ffc6f58	0x8008afb0
0x00592144	0x00592144	arm	0x0059215c		EHABI_unwind_range_start_not_function_extent	cantunwind		.ARM.exidx	1561	0x005cae54	6008404	0x7ffc72f0	0x00000001
0x0059215c	0x0059215c	arm	0x00592490		EHABI_unwind_range_start_not_function_extent	compact_inline		.ARM.exidx	1562	0x005cae5c	6008412	0x7ffc7300	0x80013fac
0x00592490	0x00592490	arm	0x0059269c		EHABI_unwind_range_start_not_function_extent	cantunwind		.ARM.exidx	1563	0x005cae64	6008420	0x7ffc762c	0x00000001
0x0059269c	0x0059269c	arm	0x005926c4		EHABI_unwind_range_start_not_function_extent	compact_inline		.ARM.exidx	1564	0x005cae6c	6008428	0x7ffc7830	0x80048400
0x005926c4	0x005926c4	arm	0x005926c8		EHABI_unwind_range_start_not_function_extent	cantunwind		.ARM.exidx	1565	0x005cae74	6008436	0x7ffc7850	0x00000001
0x005926c8	0x005926c8	arm	0x00592a3c		EHABI_unwind_range_start_not_function_extent	compact_inline		.ARM.exidx	1566	0x005cae7c	6008444	0x7ffc784c	0x8004adb0
0x00592a3c	0x00592a3c	arm	0x00592a80		EHABI_unwind_range_start_not_function_extent	compact_inline		.ARM.exidx	1567	0x005cae84	6008452	0x7ffc7bb8	0x80048400
0x00592a80	0x00592a80	arm	0x00592aac		EHABI_unwind_range_start_not_function_extent	compact_inline		.ARM.exidx	1568	0x005cae8c	6008460	0x7ffc7bf4	0x80a8b0b0
0x00592aac	0x00592aac	arm			EHABI_unwind_range_start_not_function_extent	cantunwind		.ARM.exidx	1569	0x005cae94	6008468	0x7ffc7c18	0x00000001
