address	pointer	mode_at_start	coverage_end_exclusive	function_end_exclusive	boundary_evidence	descriptor	extab_address	section	index	table_address	file_offset	word0	word1
0x00010100	0x00010100	arm	0x00010168		EHABI_unwind_range_start_not_function_extent	compact_inline		.ARM.exidx	0	0x00499dc4	4758980	0x7fb7633c	0x8003840d
0x00010168	0x00010168	arm	0x000101f0		EHABI_unwind_range_start_not_function_extent	compact_inline		.ARM.exidx	1	0x00499dcc	4758988	0x7fb7639c	0x808483b0
0x000101f0	0x000101f0	arm	0x00010258		EHABI_unwind_range_start_not_function_extent	compact_inline		.ARM.exidx	2	0x00499dd4	4758996	0x7fb7641c	0x8003840d
0x00010258	0x00010258	arm	0x00010268		EHABI_unwind_range_start_not_function_extent	compact_inline		.ARM.exidx	3	0x00499ddc	4759004	0x7fb7647c	0x808480b0
0x00010268	0x00010268	arm	0x000102d0		EHABI_unwind_range_start_not_function_extent	compact_inline		.ARM.exidx	4	0x00499de4	4759012	0x7fb76484	0x8003840d
0x000102d0	0x000102d0	arm	0x00010358		EHABI_unwind_range_start_not_function_extent	compact_inline		.ARM.exidx	5	0x00499dec	4759020	0x7fb764e4	0x808483b0
0x00010358	0x00010358	arm	0x00010390		EHABI_unwind_range_start_not_function_extent	compact_inline		.ARM.exidx	6	0x00499df4	4759028	0x7fb76564	0x808480b0
0x00010390	0x00010390	arm	0x000104cc		EHABI_unwind_range_start_not_function_extent	compact_inline		.ARM.exidx	7	0x00499dfc	4759036	0x7fb76594	0x80058480
0x000104cc	0x000104cc	arm	0x000104dc		EHABI_unwind_range_start_not_function_extent	compact_inline		.ARM.exidx	8	0x00499e04	4759044	0x7fb766c8	0x808480b0
0x000104dc	0x000104dc	arm	0x000104f0		EHABI_unwind_range_start_not_function_extent	compact_inline		.ARM.exidx	9	0x00499e0c	4759052	0x7fb766d0	0x80018480
0x000104f0	0x000104f0	arm	0x0001050c		EHABI_unwind_range_start_not_function_extent	compact_inline		.ARM.exidx	10	0x00499e14	4759060	0x7fb766dc	0x808480b0
0x0001050c	0x0001050c	arm	0x00010580		EHABI_unwind_range_start_not_function_extent	compact_inline		.ARM.exidx	11	0x00499e1c	4759068	0x7fb766f0	0x80038480
0x00010580	0x00010580	arm	0x000105dc		EHABI_unwind_range_start_not_function_extent	compact_inline		.ARM.exidx	12	0x00499e24	4759076	0x7fb7675c	0x80078483
0x000105dc	0x000105dc	arm	0x000105f8		EHABI_unwind_range_start_not_function_extent	compact_inline		.ARM.exidx	13	0x00499e2c	4759084	0x7fb767b0	0x808480b0
0x000105f8	0x000105f8	arm	0x0001062c		EHABI_unwind_range_start_not_function_extent	extab_pointer	0x0049264c	.ARM.exidx	14	0x00499e34	4759092	0x7fb767c4	0x7fff8814
0x0001062c	0x0001062c	arm	0x000106d4		EHABI_unwind_range_start_not_function_extent	compact_inline		.ARM.exidx	15	0x00499e3c	4759100	0x7fb767f0	0x808480b0
0x000106d4	0x000106d4	arm	0x0001072c		EHABI_unwind_range_start_not_function_extent	compact_inline		.ARM.exidx	16	0x00499e44	4759108	0x7fb76890	0x80058480
0x0001072c	0x0001072c	arm	0x00010788		EHABI_unwind_range_start_not_function_extent	compact_inline		.ARM.exidx	17	0x00499e4c	4759116	0x7fb768e0	0x8003843d
0x00010788	0x00010788	arm	0x00010808		EHABI_unwind_range_start_not_function_extent	compact_inline		.ARM.exidx	18	0x00499e54	4759124	0x7fb76934	0x80aab0b0
0x00010808	0x00010808	arm	0x00010824		EHABI_unwind_range_start_not_function_extent	compact_inline		.ARM.exidx	19	0x00499e5c	4759132	0x7fb769ac	0x808480b0
0x00010824	0x00010824	arm	0x00010890		EHABI_unwind_range_start_not_function_extent	compact_inline		.ARM.exidx	20	0x00499e64	4759140	0x7fb769c0	0x8003843d
0x00010890	0x00010890	arm	0x00010968		EHABI_unwind_range_start_not_function_extent	compact_inline		.ARM.exidx	21	0x00499e6c	4759148	0x7fb76a24	0x8001aab0
0x00010968	0x00010968	arm	0x00010984		EHABI_unwind_range_start_not_function_extent	compact_inline		.ARM.exidx	22	0x00499e74	4759156	0x7fb76af4	0x808480b0
0x00010984	0x00010984	arm	0x000109ec		EHABI_unwind_range_start_not_function_extent	compact_inline		.ARM.exidx	23	0x00499e7c	4759164	0x7fb76b08	0x8003840d
0x000109ec	0x000109ec	arm	0x00010a74		EHABI_unwind_range_start_not_function_extent	compact_inline		.ARM.exidx	24	0x00499e84	4759172	0x7fb76b68	0x808483b0
0x00010a74	0x00010a74	arm	0x00010adc		EHABI_unwind_range_start_not_function_extent	compact_inline		.ARM.exidx	25	0x00499e8c	4759180	0x7fb76be8	0x8003840d
0x00010adc	0x00010adc	arm	0x00010b5c		EHABI_unwind_range_start_not_function_extent	compact_inline		.ARM.exidx	26	0x00499e94	4759188	0x7fb76c48	0x80aab0b0
0x00010b5c	0x00010b5c	arm	0x00010b70		EHABI_unwind_range_start_not_function_extent	extab_pointer	0x00498d54	.ARM.exidx	27	0x00499e9c	4759196	0x7fb76cc0	0x7fffeeb4
0x00010b70	0x00010b70	arm	0x00010bd8		EHABI_unwind_range_start_not_function_extent	compact_inline		.ARM.exidx	28	0x00499ea4	4759204	0x7fb76ccc	0x8003840d
0x00010bd8	0x00010bd8	arm	0x00010d8c		EHABI_unwind_range_start_not_function_extent	compact_inline		.ARM.exidx	29	0x00499eac	4759212	0x7fb76d2c	0x800584bf
0x00010d8c	0x00010d8c	arm	0x00010d94		EHABI_unwind_range_start_not_function_extent	compact_inline		.ARM.exidx	30	0x00499eb4	4759220	0x7fb76ed8	0x808480b0
0x00010d94	0x00010d94	arm	0x00010e9c		EHABI_unwind_range_start_not_function_extent	extab_pointer	0x00498e50	.ARM.exidx	31	0x00499ebc	4759228	0x7fb76ed8	0x7fffef90
0x00010e9c	0x00010e9c	arm	0x00010ebc		EHABI_unwind_range_start_not_function_extent	compact_inline		.ARM.exidx	32	0x00499ec4	4759236	0x7fb76fd8	0x808480b0
0x00010ebc	0x00010ebc	arm	0x00010f3c		EHABI_unwind_range_start_not_function_extent	compact_inline		.ARM.exidx	33	0x00499ecc	4759244	0x7fb76ff0	0x8005840d
0x00010f3c	0x00010f3c	arm	0x0001108c		EHABI_unwind_range_start_not_function_extent	compact_inline		.ARM.exidx	34	0x00499ed4	4759252	0x7fb77068	0x8001aeb0
0x0001108c	0x0001108c	arm	0x000111b4		EHABI_unwind_range_start_not_function_extent	compact_inline		.ARM.exidx	35	0x00499edc	4759260	0x7fb771b0	0x8005acb0
0x000111b4	0x000111b4	arm	0x000111d8		EHABI_unwind_range_start_not_function_extent	compact_inline		.ARM.exidx	36	0x00499ee4	4759268	0x7fb772d0	0x808480b0
0x000111d8	0x000111d8	arm	0x0001129c		EHABI_unwind_range_start_not_function_extent	extab_pointer	0x00499248	.ARM.exidx	37	0x00499eec	4759276	0x7fb772ec	0x7ffff358
0x0001129c	0x0001129c	arm	0x000112fc		EHABI_unwind_range_start_not_function_extent	compact_inline		.ARM.exidx	38	0x00499ef4	4759284	0x7fb773a8	0x8005840d
0x000112fc	0x000112fc	arm	0x00013124		EHABI_unwind_range_start_not_function_extent	extab_pointer	0x004995f8	.ARM.exidx	39	0x00499efc	4759292	0x7fb77400	0x7ffff6f8
0x00013124	0x00013124	arm	0x000131e8		EHABI_unwind_range_start_not_function_extent	compact_inline		.ARM.exidx	40	0x00499f04	4759300	0x7fb79220	0x8005840d
0x000131e8	0x000131e8	arm	0x00014320		EHABI_unwind_range_start_not_function_extent	extab_pointer	0x004996cc	.ARM.exidx	41	0x00499f0c	4759308	0x7fb792dc	0x7ffff7bc
0x00014320	0x00014320	arm	0x00014a30		EHABI_unwind_range_start_not_function_extent	extab_pointer	0x00499710	.ARM.exidx	42	0x00499f14	4759316	0x7fb7a40c	0x7ffff7f8
0x00014a30	0x00014a30	arm	0x00014af8		EHABI_unwind_range_start_not_function_extent	compact_inline		.ARM.exidx	43	0x00499f1c	4759324	0x7fb7ab14	0x8005840d
0x00014af8	0x00014af8	arm	0x00014b5c		EHABI_unwind_range_start_not_function_extent	compact_inline		.ARM.exidx	44	0x00499f24	4759332	0x7fb7abd4	0x80058483
0x00014b5c	0x00014b5c	arm	0x00014c80		EHABI_unwind_range_start_not_function_extent	compact_inline		.ARM.exidx	45	0x00499f2c	4759340	0x7fb7ac30	0x8005840d
0x00014c80	0x00014c80	arm	0x00014ccc		EHABI_unwind_range_start_not_function_extent	compact_inline		.ARM.exidx	46	0x00499f34	4759348	0x7fb7ad4c	0x808480b0
0x00014ccc	0x00014ccc	arm	0x00014d38		EHABI_unwind_range_start_not_function_extent	compact_inline		.ARM.exidx	47	0x00499f3c	4759356	0x7fb7ad90	0x808483b0
0x00014d38	0x00014d38	arm	0x00014e60		EHABI_unwind_range_start_not_function_extent	compact_inline		.ARM.exidx	48	0x00499f44	4759364	0x7fb7adf4	0x8005840d
0x00014e60	0x00014e60	arm	0x00014f80		EHABI_unwind_range_start_not_function_extent	compact_inline		.ARM.exidx	49	0x00499f4c	4759372	0x7fb7af14	0x801d84bf
0x00014f80	0x00014f80	arm	0x00015044		EHABI_unwind_range_start_not_function_extent	extab_pointer	0x0049999c	.ARM.exidx	50	0x00499f54	4759380	0x7fb7b02c	0x7ffffa44
0x00015044	0x00015044	arm	0x000150a4		EHABI_unwind_range_start_not_function_extent	compact_inline		.ARM.exidx	51	0x00499f5c	4759388	0x7fb7b0e8	0x8005840d
0x000150a4	0x000150a4	arm	0x000151cc		EHABI_unwind_range_start_not_function_extent	compact_inline		.ARM.exidx	52	0x00499f64	4759396	0x7fb7b140	0x80a8b0b0
0x000151cc	0x000151cc	arm	0x000151e8		EHABI_unwind_range_start_not_function_extent	compact_inline		.ARM.exidx	53	0x00499f6c	4759404	0x7fb7b260	0x808480b0
0x000151e8	0x000151e8	arm	0x00015228		EHABI_unwind_range_start_not_function_extent	extab_pointer	0x00499b70	.ARM.exidx	54	0x00499f74	4759412	0x7fb7b274	0x7ffffbf8
0x00015228	0x00015228	arm	0x00015268		EHABI_unwind_range_start_not_function_extent	extab_pointer	0x00499b80	.ARM.exidx	55	0x00499f7c	4759420	0x7fb7b2ac	0x7ffffc00
0x00015268	0x00015268	arm	0x000152a8		EHABI_unwind_range_start_not_function_extent	compact_inline		.ARM.exidx	56	0x00499f84	4759428	0x7fb7b2e4	0x808480b0
0x000152a8	0x000152a8	arm	0x000155a8		EHABI_unwind_range_start_not_function_extent	extab_pointer	0x00499bbc	.ARM.exidx	57	0x00499f8c	4759436	0x7fb7b31c	0x7ffffc2c
0x000155a8	0x000155a8	arm	0x00015610		EHABI_unwind_range_start_not_function_extent	compact_inline		.ARM.exidx	58	0x00499f94	4759444	0x7fb7b614	0x80058480
0x00015610	0x00015610	arm	0x00015700		EHABI_unwind_range_start_not_function_extent	compact_inline		.ARM.exidx	59	0x00499f9c	4759452	0x7fb7b674	0x8001848f
0x00015700	0x00015700	arm	0x000157a0		EHABI_unwind_range_start_not_function_extent	compact_inline		.ARM.exidx	60	0x00499fa4	4759460	0x7fb7b75c	0x808483b0
0x000157a0	0x000157a0	arm	0x00015820		EHABI_unwind_range_start_not_function_extent	compact_inline		.ARM.exidx	61	0x00499fac	4759468	0x7fb7b7f4	0x80038480
0x00015820	0x00015820	arm	0x0001588c		EHABI_unwind_range_start_not_function_extent	compact_inline		.ARM.exidx	62	0x00499fb4	4759476	0x7fb7b86c	0x80058480
0x0001588c	0x0001588c	arm	0x00015a18		EHABI_unwind_range_start_not_function_extent	cantunwind		.ARM.exidx	63	0x00499fbc	4759484	0x7fb7b8d0	0x00000001
0x00015a18	0x00015a18	arm	0x0001c46c		EHABI_unwind_range_start_not_function_extent	extab_pointer	0x00491e28	.ARM.exidx	64	0x00499fc4	4759492	0x7fb7ba54	0x7fff7e60
0x0001c46c	0x0001c46c	arm	0x0001c538		EHABI_unwind_range_start_not_function_extent	compact_inline		.ARM.exidx	65	0x00499fcc	4759500	0x7fb824a0	0x80848fb0
0x0001c538	0x0001c538	arm	0x0001c544		EHABI_unwind_range_start_not_function_extent	compact_inline		.ARM.exidx	66	0x00499fd4	4759508	0x7fb82564	0x80b0b0b0
0x0001c544	0x0001c544	arm	0x0001c6a8		EHABI_unwind_range_start_not_function_extent	compact_inline		.ARM.exidx	67	0x00499fdc	4759516	0x7fb82568	0x80848fb0
0x0001c6a8	0x0001c6a8	arm	0x0001c71c		EHABI_unwind_range_start_not_function_extent	extab_pointer	0x0049229c	.ARM.exidx	68	0x00499fe4	4759524	0x7fb826c4	0x7fff82b4
0x0001c71c	0x0001c71c	arm	0x0001c734		EHABI_unwind_range_start_not_function_extent	compact_inline		.ARM.exidx	69	0x00499fec	4759532	0x7fb82730	0x80b0b0b0
0x0001c734	0x0001c734	arm	0x0001c740		EHABI_unwind_range_start_not_function_extent	compact_inline		.ARM.exidx	70	0x00499ff4	4759540	0x7fb82740	0x808480b0
0x0001c740	0x0001c740	arm	0x0001c864		EHABI_unwind_range_start_not_function_extent	compact_inline		.ARM.exidx	71	0x00499ffc	4759548	0x7fb82744	0x8000afb0
0x0001c864	0x0001c864	arm	0x0001c9d8		EHABI_unwind_range_start_not_function_extent	compact_inline		.ARM.exidx	72	0x0049a004	4759556	0x7fb82860	0x800984bf
0x0001c9d8	0x0001c9d8	arm	0x0001cb18		EHABI_unwind_range_start_not_function_extent	compact_inline		.ARM.exidx	73	0x0049a00c	4759564	0x7fb829cc	0x8009acb0
0x0001cb18	0x0001cb18	arm	0x00020914		EHABI_unwind_range_start_not_function_extent	compact_inline		.ARM.exidx	74	0x0049a014	4759572	0x7fb82b04	0x8024afb0
0x00020914	0x00020914	arm	0x00020a88		EHABI_unwind_range_start_not_function_extent	compact_inline		.ARM.exidx	75	0x0049a01c	4759580	0x7fb868f8	0x800984bf
0x00020a88	0x00020a88	arm	0x00021490		EHABI_unwind_range_start_not_function_extent	extab_pointer	0x004922b0	.ARM.exidx	76	0x0049a024	4759588	0x7fb86a64	0x7fff8288
0x00021490	0x00021490	arm	0x00021bfc		EHABI_unwind_range_start_not_function_extent	extab_pointer	0x004922bc	.ARM.exidx	77	0x0049a02c	4759596	0x7fb87464	0x7fff828c
0x00021bfc	0x00021bfc	arm	0x00021d3c		EHABI_unwind_range_start_not_function_extent	compact_inline		.ARM.exidx	78	0x0049a034	4759604	0x7fb87bc8	0x8009acb0
0x00021d3c	0x00021d3c	arm	0x00021f0c		EHABI_unwind_range_start_not_function_extent	compact_inline		.ARM.exidx	79	0x0049a03c	4759612	0x7fb87d00	0x800984bf
0x00021f0c	0x00021f0c	arm	0x000220a4		EHABI_unwind_range_start_not_function_extent	compact_inline		.ARM.exidx	80	0x0049a044	4759620	0x7fb87ec8	0x8009acb0
0x000220a4	0x000220a4	arm	0x00022424		EHABI_unwind_range_start_not_function_extent	extab_pointer	0x004922c8	.ARM.exidx	81	0x0049a04c	4759628	0x7fb88058	0x7fff8278
0x00022424	0x00022424	arm	0x000227fc		EHABI_unwind_range_start_not_function_extent	extab_pointer	0x004922ec	.ARM.exidx	82	0x0049a054	4759636	0x7fb883d0	0x7fff8294
0x000227fc	0x000227fc	arm	0x00022a78		EHABI_unwind_range_start_not_function_extent	compact_inline		.ARM.exidx	83	0x0049a05c	4759644	0x7fb887a0	0x8000afb0
0x00022a78	0x00022a78	arm	0x00022c04		EHABI_unwind_range_start_not_function_extent	compact_inline		.ARM.exidx	84	0x0049a064	4759652	0x7fb88a14	0x800784bf
0x00022c04	0x00022c04	arm	0x00022d20		EHABI_unwind_range_start_not_function_extent	compact_inline		.ARM.exidx	85	0x0049a06c	4759660	0x7fb88b98	0x80038483
0x00022d20	0x00022d20	arm	0x00022e04		EHABI_unwind_range_start_not_function_extent	compact_inline		.ARM.exidx	86	0x0049a074	4759668	0x7fb88cac	0x80058483
0x00022e04	0x00022e04	arm	0x00022e24		EHABI_unwind_range_start_not_function_extent	compact_inline		.ARM.exidx	87	0x0049a07c	4759676	0x7fb88d88	0x80b0b0b0
0x00022e24	0x00022e24	arm	0x00023d5c		EHABI_unwind_range_start_not_function_extent	extab_pointer	0x0049232c	.ARM.exidx	88	0x0049a084	4759684	0x7fb88da0	0x7fff82a4
0x00023d5c	0x00023d5c	arm	0x00023fc8		EHABI_unwind_range_start_not_function_extent	extab_pointer	0x004923f4	.ARM.exidx	89	0x0049a08c	4759692	0x7fb89cd0	0x7fff8364
0x00023fc8	0x00023fc8	arm	0x00024328		EHABI_unwind_range_start_not_function_extent	extab_pointer	0x0049243c	.ARM.exidx	90	0x0049a094	4759700	0x7fb89f34	0x7fff83a4
0x00024328	0x00024328	arm	0x00024448		EHABI_unwind_range_start_not_function_extent	extab_pointer	0x00492484	.ARM.exidx	91	0x0049a09c	4759708	0x7fb8a28c	0x7fff83e4
0x00024448	0x00024448	arm	0x00025224		EHABI_unwind_range_start_not_function_extent	extab_pointer	0x004924a4	.ARM.exidx	92	0x0049a0a4	4759716	0x7fb8a3a4	0x7fff83fc
0x00025224	0x00025224	arm	0x00025338		EHABI_unwind_range_start_not_function_extent	extab_pointer	0x00492560	.ARM.exidx	93	0x0049a0ac	4759724	0x7fb8b178	0x7fff84b0
0x00025338	0x00025338	arm	0x00025428		EHABI_unwind_range_start_not_function_extent	extab_pointer	0x00492580	.ARM.exidx	94	0x0049a0b4	4759732	0x7fb8b284	0x7fff84c8
0x00025428	0x00025428	arm	0x00025970		EHABI_unwind_range_start_not_function_extent	extab_pointer	0x004925a0	.ARM.exidx	95	0x0049a0bc	4759740	0x7fb8b36c	0x7fff84e0
0x00025970	0x00025970	arm	0x00025b78		EHABI_unwind_range_start_not_function_extent	compact_inline		.ARM.exidx	96	0x0049a0c4	4759748	0x7fb8b8ac	0x8084bfb0
0x00025b78	0x00025b78	arm	0x00025db0		EHABI_unwind_range_start_not_function_extent	extab_pointer	0x004925e0	.ARM.exidx	97	0x0049a0cc	4759756	0x7fb8baac	0x7fff8510
0x00025db0	0x00025db0	arm	0x00025ea0		EHABI_unwind_range_start_not_function_extent	extab_pointer	0x00492604	.ARM.exidx	98	0x0049a0d4	4759764	0x7fb8bcdc	0x7fff852c
0x00025ea0	0x00025ea0	arm	0x00025efc		EHABI_unwind_range_start_not_function_extent	extab_pointer	0x00492624	.ARM.exidx	99	0x0049a0dc	4759772	0x7fb8bdc4	0x7fff8544
0x00025efc	0x00025efc	arm	0x00025f30		EHABI_unwind_range_start_not_function_extent	extab_pointer	0x00492638	.ARM.exidx	100	0x0049a0e4	4759780	0x7fb8be18	0x7fff8550
0x00025f30	0x00025f30	arm	0x00025f60		EHABI_unwind_range_start_not_function_extent	compact_inline		.ARM.exidx	101	0x0049a0ec	4759788	0x7fb8be44	0x80b0b0b0
0x00025f60	0x00025f60	arm	0x00026158		EHABI_unwind_range_start_not_function_extent	compact_inline		.ARM.exidx	102	0x0049a0f4	4759796	0x7fb8be6c	0x80848fb0
0x00026158	0x00026158	arm	0x00026164		EHABI_unwind_range_start_not_function_extent	compact_inline		.ARM.exidx	103	0x0049a0fc	4759804	0x7fb8c05c	0x80b0b0b0
0x00026164	0x00026164	arm	0x000262a8		EHABI_unwind_range_start_not_function_extent	compact_inline		.ARM.exidx	104	0x0049a104	4759812	0x7fb8c060	0x8002afb0
0x000262a8	0x000262a8	arm	0x000262bc		EHABI_unwind_range_start_not_function_extent	compact_inline		.ARM.exidx	105	0x0049a10c	4759820	0x7fb8c19c	0x80b0b0b0
0x000262bc	0x000262bc	arm	0x00026308		EHABI_unwind_range_start_not_function_extent	compact_inline		.ARM.exidx	106	0x0049a114	4759828	0x7fb8c1a8	0x8001a8b0
0x00026308	0x00026308	arm	0x00026390		EHABI_unwind_range_start_not_function_extent	compact_inline		.ARM.exidx	107	0x0049a11c	4759836	0x7fb8c1ec	0x8001acb0
0x00026390	0x00026390	arm	0x000263c8		EHABI_unwind_range_start_not_function_extent	compact_inline		.ARM.exidx	108	0x0049a124	4759844	0x7fb8c26c	0x80b0b0b0
0x000263c8	0x000263c8	arm	0x00026560		EHABI_unwind_range_start_not_function_extent	compact_inline		.ARM.exidx	109	0x0049a12c	4759852	0x7fb8c29c	0x8004afb0
0x00026560	0x00026560	arm	0x00026764		EHABI_unwind_range_start_not_function_extent	compact_inline		.ARM.exidx	110	0x0049a134	4759860	0x7fb8c42c	0x8000afb0
0x00026764	0x00026764	arm	0x00026948		EHABI_unwind_range_start_not_function_extent	compact_inline		.ARM.exidx	111	0x0049a13c	4759868	0x7fb8c628	0x80afb0b0
0x00026948	0x00026948	arm	0x00026a34		EHABI_unwind_range_start_not_function_extent	compact_inline		.ARM.exidx	112	0x0049a144	4759876	0x7fb8c804	0x80058483
0x00026a34	0x00026a34	arm	0x00026c9c		EHABI_unwind_range_start_not_function_extent	compact_inline		.ARM.exidx	113	0x0049a14c	4759884	0x7fb8c8e8	0x8004afb0
0x00026c9c	0x00026c9c	arm	0x00026d0c		EHABI_unwind_range_start_not_function_extent	compact_inline		.ARM.exidx	114	0x0049a154	4759892	0x7fb8cb48	0x80848fb0
0x00026d0c	0x00026d0c	arm	0x00026d38		EHABI_unwind_range_start_not_function_extent	compact_inline		.ARM.exidx	115	0x0049a15c	4759900	0x7fb8cbb0	0x80b0b0b0
0x00026d38	0x00026d38	arm	0x00027000		EHABI_unwind_range_start_not_function_extent	compact_inline		.ARM.exidx	116	0x0049a164	4759908	0x7fb8cbd4	0x8004afb0
0x00027000	0x00027000	arm	0x00027064		EHABI_unwind_range_start_not_function_extent	compact_inline		.ARM.exidx	117	0x0049a16c	4759916	0x7fb8ce94	0x80848fb0
0x00027064	0x00027064	arm	0x00027394		EHABI_unwind_range_start_not_function_extent	compact_inline		.ARM.exidx	118	0x0049a174	4759924	0x7fb8cef0	0x8003aab0
0x00027394	0x00027394	arm	0x0002742c		EHABI_unwind_range_start_not_function_extent	compact_inline		.ARM.exidx	119	0x0049a17c	4759932	0x7fb8d218	0x80b0b0b0
0x0002742c	0x0002742c	arm	0x00027634		EHABI_unwind_range_start_not_function_extent	compact_inline		.ARM.exidx	120	0x0049a184	4759940	0x7fb8d2a8	0x80a8b0b0
0x00027634	0x00027634	arm	0x000276b8		EHABI_unwind_range_start_not_function_extent	compact_inline		.ARM.exidx	121	0x0049a18c	4759948	0x7fb8d4a8	0x808480b0
0x000276b8	0x000276b8	arm	0x000278c8		EHABI_unwind_range_start_not_function_extent	compact_inline		.ARM.exidx	122	0x0049a194	4759956	0x7fb8d524	0x80a8b0b0
0x000278c8	0x000278c8	arm	0x00027b28		EHABI_unwind_range_start_not_function_extent	compact_inline		.ARM.exidx	123	0x0049a19c	4759964	0x7fb8d72c	0x80aeb0b0
0x00027b28	0x00027b28	arm	0x00027d10		EHABI_unwind_range_start_not_function_extent	compact_inline		.ARM.exidx	124	0x0049a1a4	4759972	0x7fb8d984	0x8008afb0
0x00027d10	0x00027d10	arm	0x00027ee8		EHABI_unwind_range_start_not_function_extent	compact_inline		.ARM.exidx	125	0x0049a1ac	4759980	0x7fb8db64	0x80843bb0
0x00027ee8	0x00027ee8	arm	0x0002803c		EHABI_unwind_range_start_not_function_extent	compact_inline		.ARM.exidx	126	0x0049a1b4	4759988	0x7fb8dd34	0x80aab0b0
0x0002803c	0x0002803c	arm	0x00028494		EHABI_unwind_range_start_not_function_extent	compact_inline		.ARM.exidx	127	0x0049a1bc	4759996	0x7fb8de80	0x8002afb0
0x00028494	0x00028494	arm	0x000284d8		EHABI_unwind_range_start_not_function_extent	compact_inline		.ARM.exidx	128	0x0049a1c4	4760004	0x7fb8e2d0	0x80058483
0x000284d8	0x000284d8	arm	0x000288cc		EHABI_unwind_range_start_not_function_extent	compact_inline		.ARM.exidx	129	0x0049a1cc	4760012	0x7fb8e30c	0x800d8480
0x000288cc	0x000288cc	arm	0x00028978		EHABI_unwind_range_start_not_function_extent	compact_inline		.ARM.exidx	130	0x0049a1d4	4760020	0x7fb8e6f8	0x8003848f
0x00028978	0x00028978	arm	0x000289d0		EHABI_unwind_range_start_not_function_extent	compact_inline		.ARM.exidx	131	0x0049a1dc	4760028	0x7fb8e79c	0x808483b0
0x000289d0	0x000289d0	arm	0x000289e8		EHABI_unwind_range_start_not_function_extent	compact_inline		.ARM.exidx	132	0x0049a1e4	4760036	0x7fb8e7ec	0x80b0b0b0
0x000289e8	0x000289e8	arm	0x00028ae0		EHABI_unwind_range_start_not_function_extent	compact_inline		.ARM.exidx	133	0x0049a1ec	4760044	0x7fb8e7fc	0x80acb0b0
0x00028ae0	0x00028ae0	arm	0x000295b8		EHABI_unwind_range_start_not_function_extent	compact_inline		.ARM.exidx	134	0x0049a1f4	4760052	0x7fb8e8ec	0x800b84bf
0x000295b8	0x000295b8	arm	0x00029930		EHABI_unwind_range_start_not_function_extent	compact_inline		.ARM.exidx	135	0x0049a1fc	4760060	0x7fb8f3bc	0x800aafb0
0x00029930	0x00029930	arm	0x0002997c		EHABI_unwind_range_start_not_function_extent	compact_inline		.ARM.exidx	136	0x0049a204	4760068	0x7fb8f72c	0x80038480
0x0002997c	0x0002997c	arm	0x0002999c		EHABI_unwind_range_start_not_function_extent	compact_inline		.ARM.exidx	137	0x0049a20c	4760076	0x7fb8f770	0x80b0b0b0
0x0002999c	0x0002999c	arm	0x000299dc		EHABI_unwind_range_start_not_function_extent	compact_inline		.ARM.exidx	138	0x0049a214	4760084	0x7fb8f788	0x808480b0
0x000299dc	0x000299dc	arm	0x00029ae4		EHABI_unwind_range_start_not_function_extent	compact_inline		.ARM.exidx	139	0x0049a21c	4760092	0x7fb8f7c0	0x8005aab0
0x00029ae4	0x00029ae4	arm	0x00029ea0		EHABI_unwind_range_start_not_function_extent	compact_inline		.ARM.exidx	140	0x0049a224	4760100	0x7fb8f8c0	0x8016afb0
0x00029ea0	0x00029ea0	arm	0x0002a084		EHABI_unwind_range_start_not_function_extent	compact_inline		.ARM.exidx	141	0x0049a22c	4760108	0x7fb8fc74	0x80acb0b0
0x0002a084	0x0002a084	arm	0x0002a0f8		EHABI_unwind_range_start_not_function_extent	compact_inline		.ARM.exidx	142	0x0049a234	4760116	0x7fb8fe50	0x80038480
0x0002a0f8	0x0002a0f8	arm	0x0002a1f8		EHABI_unwind_range_start_not_function_extent	compact_inline		.ARM.exidx	143	0x0049a23c	4760124	0x7fb8febc	0x80058483
0x0002a1f8	0x0002a1f8	arm	0x0002a24c		EHABI_unwind_range_start_not_function_extent	compact_inline		.ARM.exidx	144	0x0049a244	4760132	0x7fb8ffb4	0x8005aab0
0x0002a24c	0x0002a24c	arm	0x0002a2c8		EHABI_unwind_range_start_not_function_extent	compact_inline		.ARM.exidx	145	0x0049a24c	4760140	0x7fb90000	0x8005a8b0
0x0002a2c8	0x0002a2c8	arm	0x0002a5d0		EHABI_unwind_range_start_not_function_extent	compact_inline		.ARM.exidx	146	0x0049a254	4760148	0x7fb90074	0x8006afb0
0x0002a5d0	0x0002a5d0	arm	0x0002a6a0		EHABI_unwind_range_start_not_function_extent	compact_inline		.ARM.exidx	147	0x0049a25c	4760156	0x7fb90374	0x8001a8b0
0x0002a6a0	0x0002a6a0	arm	0x0002a970		EHABI_unwind_range_start_not_function_extent	extab_pointer	0x00492664	.ARM.exidx	148	0x0049a264	4760164	0x7fb9043c	0x7fff83fc
0x0002a970	0x0002a970	arm	0x0002a9e0		EHABI_unwind_range_start_not_function_extent	compact_inline		.ARM.exidx	149	0x0049a26c	4760172	0x7fb90704	0x80aab0b0
0x0002a9e0	0x0002a9e0	arm	0x0002a9f4		EHABI_unwind_range_start_not_function_extent	compact_inline		.ARM.exidx	150	0x0049a274	4760180	0x7fb9076c	0x80b0b0b0
0x0002a9f4	0x0002a9f4	arm	0x0002ae64		EHABI_unwind_range_start_not_function_extent	compact_inline		.ARM.exidx	151	0x0049a27c	4760188	0x7fb90778	0x8008afb0
0x0002ae64	0x0002ae64	arm	0x0002af50		EHABI_unwind_range_start_not_function_extent	compact_inline		.ARM.exidx	152	0x0049a284	4760196	0x7fb90be0	0x80058483
0x0002af50	0x0002af50	arm	0x0002bc30		EHABI_unwind_range_start_not_function_extent	extab_pointer	0x00492688	.ARM.exidx	153	0x0049a28c	4760204	0x7fb90cc4	0x7fff83f8
0x0002bc30	0x0002bc30	arm	0x0002bc6c		EHABI_unwind_range_start_not_function_extent	compact_inline		.ARM.exidx	154	0x0049a294	4760212	0x7fb9199c	0x808480b0
0x0002bc6c	0x0002bc6c	arm	0x0002bdb8		EHABI_unwind_range_start_not_function_extent	compact_inline		.ARM.exidx	155	0x0049a29c	4760220	0x7fb919d0	0x80aab0b0
0x0002bdb8	0x0002bdb8	arm	0x0002c020		EHABI_unwind_range_start_not_function_extent	compact_inline		.ARM.exidx	156	0x0049a2a4	4760228	0x7fb91b14	0x8000afb0
0x0002c020	0x0002c020	arm	0x0002e3a0		EHABI_unwind_range_start_not_function_extent	compact_inline		.ARM.exidx	157	0x0049a2ac	4760236	0x7fb91d74	0x801eafb0
0x0002e3a0	0x0002e3a0	arm	0x0002e9bc		EHABI_unwind_range_start_not_function_extent	compact_inline		.ARM.exidx	158	0x0049a2b4	4760244	0x7fb940ec	0x8030afb0
0x0002e9bc	0x0002e9bc	arm	0x0002ee38		EHABI_unwind_range_start_not_function_extent	compact_inline		.ARM.exidx	159	0x0049a2bc	4760252	0x7fb94700	0x80aeb0b0
0x0002ee38	0x0002ee38	arm	0x0002eeac		EHABI_unwind_range_start_not_function_extent	compact_inline		.ARM.exidx	160	0x0049a2c4	4760260	0x7fb94b74	0x808480b0
0x0002eeac	0x0002eeac	arm	0x0002ef40		EHABI_unwind_range_start_not_function_extent	compact_inline		.ARM.exidx	161	0x0049a2cc	4760268	0x7fb94be0	0x80aab0b0
0x0002ef40	0x0002ef40	arm	0x0002f20c		EHABI_unwind_range_start_not_function_extent	extab_pointer	0x004926e4	.ARM.exidx	162	0x0049a2d4	4760276	0x7fb94c6c	0x7fff840c
0x0002f20c	0x0002f20c	arm	0x0002f384		EHABI_unwind_range_start_not_function_extent	extab_pointer	0x00492704	.ARM.exidx	163	0x0049a2dc	4760284	0x7fb94f30	0x7fff8424
0x0002f384	0x0002f384	arm	0x0002fdc8		EHABI_unwind_range_start_not_function_extent	extab_pointer	0x0049272c	.ARM.exidx	164	0x0049a2e4	4760292	0x7fb950a0	0x7fff8444
0x0002fdc8	0x0002fdc8	arm	0x0002ff3c		EHABI_unwind_range_start_not_function_extent	compact_inline		.ARM.exidx	165	0x0049a2ec	4760300	0x7fb95adc	0x80848fb0
0x0002ff3c	0x0002ff3c	arm	0x0003148c		EHABI_unwind_range_start_not_function_extent	extab_pointer	0x00492760	.ARM.exidx	166	0x0049a2f4	4760308	0x7fb95c48	0x7fff8468
0x0003148c	0x0003148c	arm	0x000315d4		EHABI_unwind_range_start_not_function_extent	extab_pointer	0x00492864	.ARM.exidx	167	0x0049a2fc	4760316	0x7fb97190	0x7fff8564
0x000315d4	0x000315d4	arm	0x00032b30		EHABI_unwind_range_start_not_function_extent	extab_pointer	0x0049287c	.ARM.exidx	168	0x0049a304	4760324	0x7fb972d0	0x7fff8574
0x00032b30	0x00032b30	arm	0x00032c78		EHABI_unwind_range_start_not_function_extent	extab_pointer	0x00492980	.ARM.exidx	169	0x0049a30c	4760332	0x7fb98824	0x7fff8670
0x00032c78	0x00032c78	arm	0x00034e20		EHABI_unwind_range_start_not_function_extent	extab_pointer	0x00492998	.ARM.exidx	170	0x0049a314	4760340	0x7fb98964	0x7fff8680
0x00034e20	0x00034e20	arm	0x00034f64		EHABI_unwind_range_start_not_function_extent	extab_pointer	0x00492b44	.ARM.exidx	171	0x0049a31c	4760348	0x7fb9ab04	0x7fff8824
0x00034f64	0x00034f64	arm	0x000350a0		EHABI_unwind_range_start_not_function_extent	compact_inline		.ARM.exidx	172	0x0049a324	4760356	0x7fb9ac40	0x80848fb0
0x000350a0	0x000350a0	arm	0x00036490		EHABI_unwind_range_start_not_function_extent	extab_pointer	0x00492b5c	.ARM.exidx	173	0x0049a32c	4760364	0x7fb9ad74	0x7fff882c
0x00036490	0x00036490	arm	0x000378b0		EHABI_unwind_range_start_not_function_extent	extab_pointer	0x00492c40	.ARM.exidx	174	0x0049a334	4760372	0x7fb9c15c	0x7fff8908
0x000378b0	0x000378b0	arm	0x000379f8		EHABI_unwind_range_start_not_function_extent	extab_pointer	0x00492d38	.ARM.exidx	175	0x0049a33c	4760380	0x7fb9d574	0x7fff89f8
0x000379f8	0x000379f8	arm	0x00038d40		EHABI_unwind_range_start_not_function_extent	extab_pointer	0x00492d50	.ARM.exidx	176	0x0049a344	4760388	0x7fb9d6b4	0x7fff8a08
0x00038d40	0x00038d40	arm	0x0003a088		EHABI_unwind_range_start_not_function_extent	extab_pointer	0x00492e3c	.ARM.exidx	177	0x0049a34c	4760396	0x7fb9e9f4	0x7fff8aec
0x0003a088	0x0003a088	arm	0x0003bc10		EHABI_unwind_range_start_not_function_extent	extab_pointer	0x00492f28	.ARM.exidx	178	0x0049a354	4760404	0x7fb9fd34	0x7fff8bd0
0x0003bc10	0x0003bc10	arm	0x0003bd6c		EHABI_unwind_range_start_not_function_extent	extab_pointer	0x00493080	.ARM.exidx	179	0x0049a35c	4760412	0x7fba18b4	0x7fff8d20
0x0003bd6c	0x0003bd6c	arm	0x0003d134		EHABI_unwind_range_start_not_function_extent	extab_pointer	0x00493098	.ARM.exidx	180	0x0049a364	4760420	0x7fba1a08	0x7fff8d30
0x0003d134	0x0003d134	arm	0x0003d27c		EHABI_unwind_range_start_not_function_extent	extab_pointer	0x00493190	.ARM.exidx	181	0x0049a36c	4760428	0x7fba2dc8	0x7fff8e20
0x0003d27c	0x0003d27c	arm	0x0003e4e8		EHABI_unwind_range_start_not_function_extent	extab_pointer	0x004931a8	.ARM.exidx	182	0x0049a374	4760436	0x7fba2f08	0x7fff8e30
0x0003e4e8	0x0003e4e8	arm	0x0003e630		EHABI_unwind_range_start_not_function_extent	extab_pointer	0x00493288	.ARM.exidx	183	0x0049a37c	4760444	0x7fba416c	0x7fff8f08
0x0003e630	0x0003e630	arm	0x0003f9e8		EHABI_unwind_range_start_not_function_extent	extab_pointer	0x004932a0	.ARM.exidx	184	0x0049a384	4760452	0x7fba42ac	0x7fff8f18
0x0003f9e8	0x0003f9e8	arm	0x0003fb30		EHABI_unwind_range_start_not_function_extent	extab_pointer	0x0049338c	.ARM.exidx	185	0x0049a38c	4760460	0x7fba565c	0x7fff8ffc
0x0003fb30	0x0003fb30	arm	0x00040c9c		EHABI_unwind_range_start_not_function_extent	extab_pointer	0x004933a4	.ARM.exidx	186	0x0049a394	4760468	0x7fba579c	0x7fff900c
0x00040c9c	0x00040c9c	arm	0x00040de4		EHABI_unwind_range_start_not_function_extent	extab_pointer	0x00493478	.ARM.exidx	187	0x0049a39c	4760476	0x7fba6900	0x7fff90d8
0x00040de4	0x00040de4	arm	0x00042650		EHABI_unwind_range_start_not_function_extent	extab_pointer	0x00493490	.ARM.exidx	188	0x0049a3a4	4760484	0x7fba6a40	0x7fff90e8
0x00042650	0x00042650	arm	0x00043830		EHABI_unwind_range_start_not_function_extent	extab_pointer	0x004935bc	.ARM.exidx	189	0x0049a3ac	4760492	0x7fba82a4	0x7fff920c
0x00043830	0x00043830	arm	0x00043978		EHABI_unwind_range_start_not_function_extent	extab_pointer	0x00493684	.ARM.exidx	190	0x0049a3b4	4760500	0x7fba947c	0x7fff92cc
0x00043978	0x00043978	arm	0x00044f88		EHABI_unwind_range_start_not_function_extent	extab_pointer	0x0049369c	.ARM.exidx	191	0x0049a3bc	4760508	0x7fba95bc	0x7fff92dc
0x00044f88	0x00044f88	arm	0x00046900		EHABI_unwind_range_start_not_function_extent	extab_pointer	0x004937a0	.ARM.exidx	192	0x0049a3c4	4760516	0x7fbaabc4	0x7fff93d8
0x00046900	0x00046900	arm	0x000481c0		EHABI_unwind_range_start_not_function_extent	extab_pointer	0x004938d4	.ARM.exidx	193	0x0049a3cc	4760524	0x7fbac534	0x7fff9504
0x000481c0	0x000481c0	arm	0x00049b38		EHABI_unwind_range_start_not_function_extent	extab_pointer	0x004939fc	.ARM.exidx	194	0x0049a3d4	4760532	0x7fbaddec	0x7fff9624
0x00049b38	0x00049b38	arm	0x0004b3f8		EHABI_unwind_range_start_not_function_extent	extab_pointer	0x00493b30	.ARM.exidx	195	0x0049a3dc	4760540	0x7fbaf75c	0x7fff9750
0x0004b3f8	0x0004b3f8	arm	0x0004ccb8		EHABI_unwind_range_start_not_function_extent	extab_pointer	0x00493c58	.ARM.exidx	196	0x0049a3e4	4760548	0x7fbb1014	0x7fff9870
0x0004ccb8	0x0004ccb8	arm	0x0004e578		EHABI_unwind_range_start_not_function_extent	extab_pointer	0x00493d80	.ARM.exidx	197	0x0049a3ec	4760556	0x7fbb28cc	0x7fff9990
0x0004e578	0x0004e578	arm	0x0004feec		EHABI_unwind_range_start_not_function_extent	extab_pointer	0x00493ea8	.ARM.exidx	198	0x0049a3f4	4760564	0x7fbb4184	0x7fff9ab0
0x0004feec	0x0004feec	arm	0x00051534		EHABI_unwind_range_start_not_function_extent	extab_pointer	0x00493fdc	.ARM.exidx	199	0x0049a3fc	4760572	0x7fbb5af0	0x7fff9bdc
0x00051534	0x00051534	arm	0x0005167c		EHABI_unwind_range_start_not_function_extent	extab_pointer	0x004940e4	.ARM.exidx	200	0x0049a404	4760580	0x7fbb7130	0x7fff9cdc
0x0005167c	0x0005167c	arm	0x00052be8		EHABI_unwind_range_start_not_function_extent	extab_pointer	0x004940fc	.ARM.exidx	201	0x0049a40c	4760588	0x7fbb7270	0x7fff9cec
0x00052be8	0x00052be8	arm	0x00052d30		EHABI_unwind_range_start_not_function_extent	extab_pointer	0x004941f8	.ARM.exidx	202	0x0049a414	4760596	0x7fbb87d4	0x7fff9de0
0x00052d30	0x00052d30	arm	0x000542a0		EHABI_unwind_range_start_not_function_extent	extab_pointer	0x00494210	.ARM.exidx	203	0x0049a41c	4760604	0x7fbb8914	0x7fff9df0
0x000542a0	0x000542a0	arm	0x0005580c		EHABI_unwind_range_start_not_function_extent	extab_pointer	0x0049430c	.ARM.exidx	204	0x0049a424	4760612	0x7fbb9e7c	0x7fff9ee4
0x0005580c	0x0005580c	arm	0x00056d7c		EHABI_unwind_range_start_not_function_extent	extab_pointer	0x00494408	.ARM.exidx	205	0x0049a42c	4760620	0x7fbbb3e0	0x7fff9fd8
0x00056d7c	0x00056d7c	arm	0x000582e8		EHABI_unwind_range_start_not_function_extent	extab_pointer	0x00494504	.ARM.exidx	206	0x0049a434	4760628	0x7fbbc948	0x7fffa0cc
0x000582e8	0x000582e8	arm	0x00059484		EHABI_unwind_range_start_not_function_extent	extab_pointer	0x00494600	.ARM.exidx	207	0x0049a43c	4760636	0x7fbbdeac	0x7fffa1c0
0x00059484	0x00059484	arm	0x000595cc		EHABI_unwind_range_start_not_function_extent	extab_pointer	0x004946d4	.ARM.exidx	208	0x0049a444	4760644	0x7fbbf040	0x7fffa28c
0x000595cc	0x000595cc	arm	0x0005af00		EHABI_unwind_range_start_not_function_extent	extab_pointer	0x004946ec	.ARM.exidx	209	0x0049a44c	4760652	0x7fbbf180	0x7fffa29c
0x0005af00	0x0005af00	arm	0x0005c9dc		EHABI_unwind_range_start_not_function_extent	extab_pointer	0x00494818	.ARM.exidx	210	0x0049a454	4760660	0x7fbc0aac	0x7fffa3c0
0x0005c9dc	0x0005c9dc	arm	0x0005cb38		EHABI_unwind_range_start_not_function_extent	extab_pointer	0x00494958	.ARM.exidx	211	0x0049a45c	4760668	0x7fbc2580	0x7fffa4f8
0x0005cb38	0x0005cb38	arm	0x0005e614		EHABI_unwind_range_start_not_function_extent	extab_pointer	0x00494970	.ARM.exidx	212	0x0049a464	4760676	0x7fbc26d4	0x7fffa508
0x0005e614	0x0005e614	arm	0x0005fef8		EHABI_unwind_range_start_not_function_extent	extab_pointer	0x00494ab0	.ARM.exidx	213	0x0049a46c	4760684	0x7fbc41a8	0x7fffa640
0x0005fef8	0x0005fef8	arm	0x00060040		EHABI_unwind_range_start_not_function_extent	extab_pointer	0x00494bdc	.ARM.exidx	214	0x0049a474	4760692	0x7fbc5a84	0x7fffa764
0x00060040	0x00060040	arm	0x00061968		EHABI_unwind_range_start_not_function_extent	extab_pointer	0x00494bf4	.ARM.exidx	215	0x0049a47c	4760700	0x7fbc5bc4	0x7fffa774
0x00061968	0x00061968	arm	0x00061ac4		EHABI_unwind_range_start_not_function_extent	extab_pointer	0x00494d20	.ARM.exidx	216	0x0049a484	4760708	0x7fbc74e4	0x7fffa898
0x00061ac4	0x00061ac4	arm	0x000631c8		EHABI_unwind_range_start_not_function_extent	extab_pointer	0x00494d38	.ARM.exidx	217	0x0049a48c	4760716	0x7fbc7638	0x7fffa8a8
0x000631c8	0x000631c8	arm	0x00063310		EHABI_unwind_range_start_not_function_extent	extab_pointer	0x00494e48	.ARM.exidx	218	0x0049a494	4760724	0x7fbc8d34	0x7fffa9b0
0x00063310	0x00063310	arm	0x0006492c		EHABI_unwind_range_start_not_function_extent	extab_pointer	0x00494e60	.ARM.exidx	219	0x0049a49c	4760732	0x7fbc8e74	0x7fffa9c0
0x0006492c	0x0006492c	arm	0x00065f48		EHABI_unwind_range_start_not_function_extent	extab_pointer	0x00494f64	.ARM.exidx	220	0x0049a4a4	4760740	0x7fbca488	0x7fffaabc
0x00065f48	0x00065f48	arm	0x00067564		EHABI_unwind_range_start_not_function_extent	extab_pointer	0x00495068	.ARM.exidx	221	0x0049a4ac	4760748	0x7fbcba9c	0x7fffabb8
0x00067564	0x00067564	arm	0x00068e38		EHABI_unwind_range_start_not_function_extent	extab_pointer	0x0049516c	.ARM.exidx	222	0x0049a4b4	4760756	0x7fbcd0b0	0x7fffacb4
0x00068e38	0x00068e38	arm	0x00068f80		EHABI_unwind_range_start_not_function_extent	extab_pointer	0x00495298	.ARM.exidx	223	0x0049a4bc	4760764	0x7fbce97c	0x7fffadd8
0x00068f80	0x00068f80	arm	0x0006a854		EHABI_unwind_range_start_not_function_extent	extab_pointer	0x004952b0	.ARM.exidx	224	0x0049a4c4	4760772	0x7fbceabc	0x7fffade8
0x0006a854	0x0006a854	arm	0x0006be50		EHABI_unwind_range_start_not_function_extent	extab_pointer	0x004953dc	.ARM.exidx	225	0x0049a4cc	4760780	0x7fbd0388	0x7fffaf0c
0x0006be50	0x0006be50	arm	0x0006bf98		EHABI_unwind_range_start_not_function_extent	extab_pointer	0x004954e0	.ARM.exidx	226	0x0049a4d4	4760788	0x7fbd197c	0x7fffb008
0x0006bf98	0x0006bf98	arm	0x0006d59c		EHABI_unwind_range_start_not_function_extent	extab_pointer	0x004954f8	.ARM.exidx	227	0x0049a4dc	4760796	0x7fbd1abc	0x7fffb018
0x0006d59c	0x0006d59c	arm	0x0006ed34		EHABI_unwind_range_start_not_function_extent	extab_pointer	0x004955fc	.ARM.exidx	228	0x0049a4e4	4760804	0x7fbd30b8	0x7fffb114
0x0006ed34	0x0006ed34	arm	0x0006ee90		EHABI_unwind_range_start_not_function_extent	extab_pointer	0x0049570c	.ARM.exidx	229	0x0049a4ec	4760812	0x7fbd4848	0x7fffb21c
0x0006ee90	0x0006ee90	arm	0x00070620		EHABI_unwind_range_start_not_function_extent	extab_pointer	0x00495724	.ARM.exidx	230	0x0049a4f4	4760820	0x7fbd499c	0x7fffb22c
0x00070620	0x00070620	arm	0x00071f80		EHABI_unwind_range_start_not_function_extent	extab_pointer	0x00495834	.ARM.exidx	231	0x0049a4fc	4760828	0x7fbd6124	0x7fffb334
0x00071f80	0x00071f80	arm	0x000720dc		EHABI_unwind_range_start_not_function_extent	extab_pointer	0x0049596c	.ARM.exidx	232	0x0049a504	4760836	0x7fbd7a7c	0x7fffb464
0x000720dc	0x000720dc	arm	0x00073770		EHABI_unwind_range_start_not_function_extent	extab_pointer	0x00495984	.ARM.exidx	233	0x0049a50c	4760844	0x7fbd7bd0	0x7fffb474
0x00073770	0x00073770	arm	0x000738cc		EHABI_unwind_range_start_not_function_extent	extab_pointer	0x00495a88	.ARM.exidx	234	0x0049a514	4760852	0x7fbd925c	0x7fffb570
0x000738cc	0x000738cc	arm	0x000749bc		EHABI_unwind_range_start_not_function_extent	extab_pointer	0x00495aa0	.ARM.exidx	235	0x0049a51c	4760860	0x7fbd93b0	0x7fffb580
0x000749bc	0x000749bc	arm	0x00074b04		EHABI_unwind_range_start_not_function_extent	extab_pointer	0x00495b6c	.ARM.exidx	236	0x0049a524	4760868	0x7fbda498	0x7fffb644
0x00074b04	0x00074b04	arm	0x00076488		EHABI_unwind_range_start_not_function_extent	extab_pointer	0x00495b84	.ARM.exidx	237	0x0049a52c	4760876	0x7fbda5d8	0x7fffb654
0x00076488	0x00076488	arm	0x000765e4		EHABI_unwind_range_start_not_function_extent	extab_pointer	0x00495cbc	.ARM.exidx	238	0x0049a534	4760884	0x7fbdbf54	0x7fffb784
0x000765e4	0x000765e4	arm	0x00077f70		EHABI_unwind_range_start_not_function_extent	extab_pointer	0x00495cd4	.ARM.exidx	239	0x0049a53c	4760892	0x7fbdc0a8	0x7fffb794
0x00077f70	0x00077f70	arm	0x000798fc		EHABI_unwind_range_start_not_function_extent	extab_pointer	0x00495e0c	.ARM.exidx	240	0x0049a544	4760900	0x7fbdda2c	0x7fffb8c4
0x000798fc	0x000798fc	arm	0x0007af08		EHABI_unwind_range_start_not_function_extent	extab_pointer	0x00495f44	.ARM.exidx	241	0x0049a54c	4760908	0x7fbdf3b0	0x7fffb9f4
0x0007af08	0x0007af08	arm	0x0007b064		EHABI_unwind_range_start_not_function_extent	extab_pointer	0x0049604c	.ARM.exidx	242	0x0049a554	4760916	0x7fbe09b4	0x7fffbaf4
0x0007b064	0x0007b064	arm	0x0007c7e0		EHABI_unwind_range_start_not_function_extent	extab_pointer	0x00496064	.ARM.exidx	243	0x0049a55c	4760924	0x7fbe0b08	0x7fffbb04
0x0007c7e0	0x0007c7e0	arm	0x0007c928		EHABI_unwind_range_start_not_function_extent	extab_pointer	0x00496180	.ARM.exidx	244	0x0049a564	4760932	0x7fbe227c	0x7fffbc18
0x0007c928	0x0007c928	arm	0x0007e0ac		EHABI_unwind_range_start_not_function_extent	extab_pointer	0x00496198	.ARM.exidx	245	0x0049a56c	4760940	0x7fbe23bc	0x7fffbc28
0x0007e0ac	0x0007e0ac	arm	0x0007f830		EHABI_unwind_range_start_not_function_extent	extab_pointer	0x004962b4	.ARM.exidx	246	0x0049a574	4760948	0x7fbe3b38	0x7fffbd3c
0x0007f830	0x0007f830	arm	0x00080fac		EHABI_unwind_range_start_not_function_extent	extab_pointer	0x004963d0	.ARM.exidx	247	0x0049a57c	4760956	0x7fbe52b4	0x7fffbe50
0x00080fac	0x00080fac	arm	0x00082730		EHABI_unwind_range_start_not_function_extent	extab_pointer	0x004964ec	.ARM.exidx	248	0x0049a584	4760964	0x7fbe6a28	0x7fffbf64
0x00082730	0x00082730	arm	0x0008404c		EHABI_unwind_range_start_not_function_extent	extab_pointer	0x00496608	.ARM.exidx	249	0x0049a58c	4760972	0x7fbe81a4	0x7fffc078
0x0008404c	0x0008404c	arm	0x000841a8		EHABI_unwind_range_start_not_function_extent	extab_pointer	0x00496730	.ARM.exidx	250	0x0049a594	4760980	0x7fbe9ab8	0x7fffc198
0x000841a8	0x000841a8	arm	0x00085ac4		EHABI_unwind_range_start_not_function_extent	extab_pointer	0x00496748	.ARM.exidx	251	0x0049a59c	4760988	0x7fbe9c0c	0x7fffc1a8
0x00085ac4	0x00085ac4	arm	0x000873e0		EHABI_unwind_range_start_not_function_extent	extab_pointer	0x00496870	.ARM.exidx	252	0x0049a5a4	4760996	0x7fbeb520	0x7fffc2c8
0x000873e0	0x000873e0	arm	0x00088cfc		EHABI_unwind_range_start_not_function_extent	extab_pointer	0x00496998	.ARM.exidx	253	0x0049a5ac	4761004	0x7fbece34	0x7fffc3e8
0x00088cfc	0x00088cfc	arm	0x0008a968		EHABI_unwind_range_start_not_function_extent	extab_pointer	0x00496ac0	.ARM.exidx	254	0x0049a5b4	4761012	0x7fbee748	0x7fffc508
0x0008a968	0x0008a968	arm	0x0008aac4		EHABI_unwind_range_start_not_function_extent	extab_pointer	0x00496c18	.ARM.exidx	255	0x0049a5bc	4761020	0x7fbf03ac	0x7fffc658
0x0008aac4	0x0008aac4	arm	0x0008c3bc		EHABI_unwind_range_start_not_function_extent	extab_pointer	0x00496c30	.ARM.exidx	256	0x0049a5c4	4761028	0x7fbf0500	0x7fffc668
0x0008c3bc	0x0008c3bc	arm	0x0008c504		EHABI_unwind_range_start_not_function_extent	extab_pointer	0x00496d5c	.ARM.exidx	257	0x0049a5cc	4761036	0x7fbf1df0	0x7fffc78c
0x0008c504	0x0008c504	arm	0x0008de04		EHABI_unwind_range_start_not_function_extent	extab_pointer	0x00496d74	.ARM.exidx	258	0x0049a5d4	4761044	0x7fbf1f30	0x7fffc79c
0x0008de04	0x0008de04	arm	0x0008f6fc		EHABI_unwind_range_start_not_function_extent	extab_pointer	0x00496ea0	.ARM.exidx	259	0x0049a5dc	4761052	0x7fbf3828	0x7fffc8c0
0x0008f6fc	0x0008f6fc	arm	0x00090fd8		EHABI_unwind_range_start_not_function_extent	extab_pointer	0x00496fcc	.ARM.exidx	260	0x0049a5e4	4761060	0x7fbf5118	0x7fffc9e4
0x00090fd8	0x00090fd8	arm	0x00091120		EHABI_unwind_range_start_not_function_extent	extab_pointer	0x0049710c	.ARM.exidx	261	0x0049a5ec	4761068	0x7fbf69ec	0x7fffcb1c
0x00091120	0x00091120	arm	0x000929fc		EHABI_unwind_range_start_not_function_extent	extab_pointer	0x00497124	.ARM.exidx	262	0x0049a5f4	4761076	0x7fbf6b2c	0x7fffcb2c
0x000929fc	0x000929fc	arm	0x000942d8		EHABI_unwind_range_start_not_function_extent	extab_pointer	0x00497264	.ARM.exidx	263	0x0049a5fc	4761084	0x7fbf8400	0x7fffcc64
0x000942d8	0x000942d8	arm	0x00095b88		EHABI_unwind_range_start_not_function_extent	extab_pointer	0x004973a4	.ARM.exidx	264	0x0049a604	4761092	0x7fbf9cd4	0x7fffcd9c
0x00095b88	0x00095b88	arm	0x00095cd0		EHABI_unwind_range_start_not_function_extent	extab_pointer	0x004974e4	.ARM.exidx	265	0x0049a60c	4761100	0x7fbfb57c	0x7fffced4
0x00095cd0	0x00095cd0	arm	0x00097790		EHABI_unwind_range_start_not_function_extent	extab_pointer	0x004974fc	.ARM.exidx	266	0x0049a614	4761108	0x7fbfb6bc	0x7fffcee4
0x00097790	0x00097790	arm	0x000978d8		EHABI_unwind_range_start_not_function_extent	extab_pointer	0x0049764c	.ARM.exidx	267	0x0049a61c	4761116	0x7fbfd174	0x7fffd02c
0x000978d8	0x000978d8	arm	0x00099398		EHABI_unwind_range_start_not_function_extent	extab_pointer	0x00497664	.ARM.exidx	268	0x0049a624	4761124	0x7fbfd2b4	0x7fffd03c
0x00099398	0x00099398	arm	0x0009ae58		EHABI_unwind_range_start_not_function_extent	extab_pointer	0x004977b4	.ARM.exidx	269	0x0049a62c	4761132	0x7fbfed6c	0x7fffd184
0x0009ae58	0x0009ae58	arm	0x0009c588		EHABI_unwind_range_start_not_function_extent	extab_pointer	0x00497904	.ARM.exidx	270	0x0049a634	4761140	0x7fc00824	0x7fffd2cc
0x0009c588	0x0009c588	arm	0x0009c6e4		EHABI_unwind_range_start_not_function_extent	extab_pointer	0x00497a24	.ARM.exidx	271	0x0049a63c	4761148	0x7fc01f4c	0x7fffd3e4
0x0009c6e4	0x0009c6e4	arm	0x0009de14		EHABI_unwind_range_start_not_function_extent	extab_pointer	0x00497a3c	.ARM.exidx	272	0x0049a644	4761156	0x7fc020a0	0x7fffd3f4
0x0009de14	0x0009de14	arm	0x0009f618		EHABI_unwind_range_start_not_function_extent	extab_pointer	0x00497b5c	.ARM.exidx	273	0x0049a64c	4761164	0x7fc037c8	0x7fffd50c
0x0009f618	0x0009f618	arm	0x0009f774		EHABI_unwind_range_start_not_function_extent	extab_pointer	0x00497c90	.ARM.exidx	274	0x0049a654	4761172	0x7fc04fc4	0x7fffd638
0x0009f774	0x0009f774	arm	0x000a0f78		EHABI_unwind_range_start_not_function_extent	extab_pointer	0x00497ca8	.ARM.exidx	275	0x0049a65c	4761180	0x7fc05118	0x7fffd648
0x000a0f78	0x000a0f78	arm	0x000a242c		EHABI_unwind_range_start_not_function_extent	extab_pointer	0x00497ddc	.ARM.exidx	276	0x0049a664	4761188	0x7fc06914	0x7fffd774
0x000a242c	0x000a242c	arm	0x000a2574		EHABI_unwind_range_start_not_function_extent	extab_pointer	0x00497ed8	.ARM.exidx	277	0x0049a66c	4761196	0x7fc07dc0	0x7fffd868
0x000a2574	0x000a2574	arm	0x000a3a28		EHABI_unwind_range_start_not_function_extent	extab_pointer	0x00497ef0	.ARM.exidx	278	0x0049a674	4761204	0x7fc07f00	0x7fffd878
0x000a3a28	0x000a3a28	arm	0x000a4edc		EHABI_unwind_range_start_not_function_extent	extab_pointer	0x00497fec	.ARM.exidx	279	0x0049a67c	4761212	0x7fc093ac	0x7fffd96c
0x000a4edc	0x000a4edc	arm	0x000a639c		EHABI_unwind_range_start_not_function_extent	extab_pointer	0x004980e8	.ARM.exidx	280	0x0049a684	4761220	0x7fc0a858	0x7fffda60
0x000a639c	0x000a639c	arm	0x000a64e4		EHABI_unwind_range_start_not_function_extent	extab_pointer	0x004981e4	.ARM.exidx	281	0x0049a68c	4761228	0x7fc0bd10	0x7fffdb54
0x000a64e4	0x000a64e4	arm	0x000a7dc8		EHABI_unwind_range_start_not_function_extent	extab_pointer	0x004981fc	.ARM.exidx	282	0x0049a694	4761236	0x7fc0be50	0x7fffdb64
0x000a7dc8	0x000a7dc8	arm	0x000a7f24		EHABI_unwind_range_start_not_function_extent	extab_pointer	0x00498328	.ARM.exidx	283	0x0049a69c	4761244	0x7fc0d72c	0x7fffdc88
0x000a7f24	0x000a7f24	arm	0x000a9808		EHABI_unwind_range_start_not_function_extent	extab_pointer	0x00498340	.ARM.exidx	284	0x0049a6a4	4761252	0x7fc0d880	0x7fffdc98
0x000a9808	0x000a9808	arm	0x000ab0ec		EHABI_unwind_range_start_not_function_extent	extab_pointer	0x0049846c	.ARM.exidx	285	0x0049a6ac	4761260	0x7fc0f15c	0x7fffddbc
0x000ab0ec	0x000ab0ec	arm	0x000accb4		EHABI_unwind_range_start_not_function_extent	extab_pointer	0x00498598	.ARM.exidx	286	0x0049a6b4	4761268	0x7fc10a38	0x7fffdee0
0x000accb4	0x000accb4	arm	0x000ace10		EHABI_unwind_range_start_not_function_extent	extab_pointer	0x004986f0	.ARM.exidx	287	0x0049a6bc	4761276	0x7fc125f8	0x7fffe030
0x000ace10	0x000ace10	arm	0x000ae9d8		EHABI_unwind_range_start_not_function_extent	extab_pointer	0x00498708	.ARM.exidx	288	0x0049a6c4	4761284	0x7fc1274c	0x7fffe040
0x000ae9d8	0x000ae9d8	arm	0x000b0244		EHABI_unwind_range_start_not_function_extent	extab_pointer	0x00498860	.ARM.exidx	289	0x0049a6cc	4761292	0x7fc1430c	0x7fffe190
0x000b0244	0x000b0244	arm	0x000b03a0		EHABI_unwind_range_start_not_function_extent	extab_pointer	0x0049898c	.ARM.exidx	290	0x0049a6d4	4761300	0x7fc15b70	0x7fffe2b4
0x000b03a0	0x000b03a0	arm	0x000b1c0c		EHABI_unwind_range_start_not_function_extent	extab_pointer	0x004989a4	.ARM.exidx	291	0x0049a6dc	4761308	0x7fc15cc4	0x7fffe2c4
0x000b1c0c	0x000b1c0c	arm	0x000b3498		EHABI_unwind_range_start_not_function_extent	extab_pointer	0x00498ad0	.ARM.exidx	292	0x0049a6e4	4761316	0x7fc17528	0x7fffe3e8
0x000b3498	0x000b3498	arm	0x000b35f4		EHABI_unwind_range_start_not_function_extent	extab_pointer	0x00498bfc	.ARM.exidx	293	0x0049a6ec	4761324	0x7fc18dac	0x7fffe50c
0x000b35f4	0x000b35f4	arm	0x000b4e80		EHABI_unwind_range_start_not_function_extent	extab_pointer	0x00498c14	.ARM.exidx	294	0x0049a6f4	4761332	0x7fc18f00	0x7fffe51c
0x000b4e80	0x000b4e80	arm	0x000b5010		EHABI_unwind_range_start_not_function_extent	compact_inline		.ARM.exidx	295	0x0049a6fc	4761340	0x7fc1a784	0x80848fb0
0x000b5010	0x000b5010	arm	0x000b506c		EHABI_unwind_range_start_not_function_extent	extab_pointer	0x00498d40	.ARM.exidx	296	0x0049a704	4761348	0x7fc1a90c	0x7fffe638
0x000b506c	0x000b506c	arm	0x000b50d4		EHABI_unwind_range_start_not_function_extent	extab_pointer	0x00498d64	.ARM.exidx	297	0x0049a70c	4761356	0x7fc1a960	0x7fffe654
0x000b50d4	0x000b50d4	arm	0x000b5d40		EHABI_unwind_range_start_not_function_extent	compact_inline		.ARM.exidx	298	0x0049a714	4761364	0x7fc1a9c0	0x801cafb0
0x000b5d40	0x000b5d40	arm	0x000b61dc		EHABI_unwind_range_start_not_function_extent	compact_inline		.ARM.exidx	299	0x0049a71c	4761372	0x7fc1b624	0x800aafb0
0x000b61dc	0x000b61dc	arm	0x000b6aa8		EHABI_unwind_range_start_not_function_extent	compact_inline		.ARM.exidx	300	0x0049a724	4761380	0x7fc1bab8	0x800faeb0
0x000b6aa8	0x000b6aa8	arm	0x000b6cc8		EHABI_unwind_range_start_not_function_extent	compact_inline		.ARM.exidx	301	0x0049a72c	4761388	0x7fc1c37c	0x8003aeb0
0x000b6cc8	0x000b6cc8	arm	0x000b6e2c		EHABI_unwind_range_start_not_function_extent	compact_inline		.ARM.exidx	302	0x0049a734	4761396	0x7fc1c594	0x8084dfb0
0x000b6e2c	0x000b6e2c	arm	0x000b7094		EHABI_unwind_range_start_not_function_extent	compact_inline		.ARM.exidx	303	0x0049a73c	4761404	0x7fc1c6f0	0x8001848f
0x000b7094	0x000b7094	arm	0x000b76cc		EHABI_unwind_range_start_not_function_extent	compact_inline		.ARM.exidx	304	0x0049a744	4761412	0x7fc1c950	0x80b20eaf
0x000b76cc	0x000b76cc	arm	0x000b7dc4		EHABI_unwind_range_start_not_function_extent	compact_inline		.ARM.exidx	305	0x0049a74c	4761420	0x7fc1cf80	0x8003acb0
0x000b7dc4	0x000b7dc4	arm	0x000b7e68		EHABI_unwind_range_start_not_function_extent	compact_inline		.ARM.exidx	306	0x0049a754	4761428	0x7fc1d670	0x80aab0b0
0x000b7e68	0x000b7e68	arm	0x000b7ffc		EHABI_unwind_range_start_not_function_extent	compact_inline		.ARM.exidx	307	0x0049a75c	4761436	0x7fc1d70c	0x80acb0b0
0x000b7ffc	0x000b7ffc	arm	0x000b8890		EHABI_unwind_range_start_not_function_extent	compact_inline		.ARM.exidx	308	0x0049a764	4761444	0x7fc1d898	0x8005acb0
0x000b8890	0x000b8890	arm	0x000b89f8		EHABI_unwind_range_start_not_function_extent	compact_inline		.ARM.exidx	309	0x0049a76c	4761452	0x7fc1e124	0x8003acb0
0x000b89f8	0x000b89f8	arm	0x000b8c30		EHABI_unwind_range_start_not_function_extent	compact_inline		.ARM.exidx	310	0x0049a774	4761460	0x7fc1e284	0x800784bf
0x000b8c30	0x000b8c30	arm	0x000b8e50		EHABI_unwind_range_start_not_function_extent	compact_inline		.ARM.exidx	311	0x0049a77c	4761468	0x7fc1e4b4	0x8003aeb0
0x000b8e50	0x000b8e50	arm	0x000b8f0c		EHABI_unwind_range_start_not_function_extent	compact_inline		.ARM.exidx	312	0x0049a784	4761476	0x7fc1e6cc	0x8001848f
0x000b8f0c	0x000b8f0c	arm	0x000b9060		EHABI_unwind_range_start_not_function_extent	compact_inline		.ARM.exidx	313	0x0049a78c	4761484	0x7fc1e780	0x8015acb0
0x000b9060	0x000b9060	arm	0x000b918c		EHABI_unwind_range_start_not_function_extent	compact_inline		.ARM.exidx	314	0x0049a794	4761492	0x7fc1e8cc	0x8003acb0
0x000b918c	0x000b918c	arm	0x000b9450		EHABI_unwind_range_start_not_function_extent	compact_inline		.ARM.exidx	315	0x0049a79c	4761500	0x7fc1e9f0	0x800b84bf
0x000b9450	0x000b9450	arm	0x000b95b4		EHABI_unwind_range_start_not_function_extent	compact_inline		.ARM.exidx	316	0x0049a7a4	4761508	0x7fc1ecac	0x80848fb0
0x000b95b4	0x000b95b4	arm	0x000b98c8		EHABI_unwind_range_start_not_function_extent	compact_inline		.ARM.exidx	317	0x0049a7ac	4761516	0x7fc1ee08	0x8008afb0
0x000b98c8	0x000b98c8	arm	0x000b9c6c		EHABI_unwind_range_start_not_function_extent	compact_inline		.ARM.exidx	318	0x0049a7b4	4761524	0x7fc1f114	0x800b84bf
0x000b9c6c	0x000b9c6c	arm	0x000b9f88		EHABI_unwind_range_start_not_function_extent	compact_inline		.ARM.exidx	319	0x0049a7bc	4761532	0x7fc1f4b0	0x8003aab0
0x000b9f88	0x000b9f88	arm	0x000ba07c		EHABI_unwind_range_start_not_function_extent	compact_inline		.ARM.exidx	320	0x0049a7c4	4761540	0x7fc1f7c4	0x80b0b0b0
0x000ba07c	0x000ba07c	arm	0x000ba2a8		EHABI_unwind_range_start_not_function_extent	compact_inline		.ARM.exidx	321	0x0049a7cc	4761548	0x7fc1f8b0	0x8008afb0
0x000ba2a8	0x000ba2a8	arm	0x000ba2b4		EHABI_unwind_range_start_not_function_extent	compact_inline		.ARM.exidx	322	0x0049a7d4	4761556	0x7fc1fad4	0x80b0b0b0
0x000ba2b4	0x000ba2b4	arm	0x000ba41c		EHABI_unwind_range_start_not_function_extent	compact_inline		.ARM.exidx	323	0x0049a7dc	4761564	0x7fc1fad8	0x80038480
0x000ba41c	0x000ba41c	arm	0x000ba6e4		EHABI_unwind_range_start_not_function_extent	compact_inline		.ARM.exidx	324	0x0049a7e4	4761572	0x7fc1fc38	0x80aeb0b0
0x000ba6e4	0x000ba6e4	arm	0x000ba8fc		EHABI_unwind_range_start_not_function_extent	compact_inline		.ARM.exidx	325	0x0049a7ec	4761580	0x7fc1fef8	0x800384bf
0x000ba8fc	0x000ba8fc	arm	0x000baa20		EHABI_unwind_range_start_not_function_extent	compact_inline		.ARM.exidx	326	0x0049a7f4	4761588	0x7fc20108	0x80aeb0b0
0x000baa20	0x000baa20	arm	0x000baad0		EHABI_unwind_range_start_not_function_extent	compact_inline		.ARM.exidx	327	0x0049a7fc	4761596	0x7fc20224	0x80aab0b0
0x000baad0	0x000baad0	arm	0x000bae94		EHABI_unwind_range_start_not_function_extent	compact_inline		.ARM.exidx	328	0x0049a804	4761604	0x7fc202cc	0x80aeb0b0
0x000bae94	0x000bae94	arm	0x000bb0e0		EHABI_unwind_range_start_not_function_extent	compact_inline		.ARM.exidx	329	0x0049a80c	4761612	0x7fc20688	0x808483b0
0x000bb0e0	0x000bb0e0	arm	0x000bb468		EHABI_unwind_range_start_not_function_extent	compact_inline		.ARM.exidx	330	0x0049a814	4761620	0x7fc208cc	0x8007acb0
0x000bb468	0x000bb468	arm	0x000bb798		EHABI_unwind_range_start_not_function_extent	compact_inline		.ARM.exidx	331	0x0049a81c	4761628	0x7fc20c4c	0x8003aeb0
0x000bb798	0x000bb798	arm	0x000bbd34		EHABI_unwind_range_start_not_function_extent	compact_inline		.ARM.exidx	332	0x0049a824	4761636	0x7fc20f74	0x8016afb0
0x000bbd34	0x000bbd34	arm	0x000bc108		EHABI_unwind_range_start_not_function_extent	compact_inline		.ARM.exidx	333	0x0049a82c	4761644	0x7fc21508	0x8004afb0
0x000bc108	0x000bc108	arm	0x000bc1f4		EHABI_unwind_range_start_not_function_extent	compact_inline		.ARM.exidx	334	0x0049a834	4761652	0x7fc218d4	0x8003a8b0
0x000bc1f4	0x000bc1f4	arm	0x000bc234		EHABI_unwind_range_start_not_function_extent	compact_inline		.ARM.exidx	335	0x0049a83c	4761660	0x7fc219b8	0x808483b0
0x000bc234	0x000bc234	arm	0x000bcfb4		EHABI_unwind_range_start_not_function_extent	compact_inline		.ARM.exidx	336	0x0049a844	4761668	0x7fc219f0	0x8010afb0
0x000bcfb4	0x000bcfb4	arm	0x000bcfd0		EHABI_unwind_range_start_not_function_extent	compact_inline		.ARM.exidx	337	0x0049a84c	4761676	0x7fc22768	0x80b0b0b0
0x000bcfd0	0x000bcfd0	arm	0x000bd010		EHABI_unwind_range_start_not_function_extent	compact_inline		.ARM.exidx	338	0x0049a854	4761684	0x7fc2277c	0x808483b0
0x000bd010	0x000bd010	arm	0x000bd0ec		EHABI_unwind_range_start_not_function_extent	compact_inline		.ARM.exidx	339	0x0049a85c	4761692	0x7fc227b4	0x80018483
0x000bd0ec	0x000bd0ec	arm	0x000bd160		EHABI_unwind_range_start_not_function_extent	compact_inline		.ARM.exidx	340	0x0049a864	4761700	0x7fc22888	0x808483b0
0x000bd160	0x000bd160	arm	0x000bd50c		EHABI_unwind_range_start_not_function_extent	extab_pointer	0x00498d78	.ARM.exidx	341	0x0049a86c	4761708	0x7fc228f4	0x7fffe508
0x000bd50c	0x000bd50c	arm	0x000bd704		EHABI_unwind_range_start_not_function_extent	compact_inline		.ARM.exidx	342	0x0049a874	4761716	0x7fc22c98	0x80848fb0
0x000bd704	0x000bd704	arm	0x000bd8dc		EHABI_unwind_range_start_not_function_extent	extab_pointer	0x00498da0	.ARM.exidx	343	0x0049a87c	4761724	0x7fc22e88	0x7fffe520
0x000bd8dc	0x000bd8dc	arm	0x000be060		EHABI_unwind_range_start_not_function_extent	extab_pointer	0x00498dbc	.ARM.exidx	344	0x0049a884	4761732	0x7fc23058	0x7fffe534
0x000be060	0x000be060	arm	0x000be0d8		EHABI_unwind_range_start_not_function_extent	compact_inline		.ARM.exidx	345	0x0049a88c	4761740	0x7fc237d4	0x8007848f
0x000be0d8	0x000be0d8	arm	0x000be1b8		EHABI_unwind_range_start_not_function_extent	extab_pointer	0x00498e20	.ARM.exidx	346	0x0049a894	4761748	0x7fc23844	0x7fffe588
0x000be1b8	0x000be1b8	arm	0x000be1f0		EHABI_unwind_range_start_not_function_extent	compact_inline		.ARM.exidx	347	0x0049a89c	4761756	0x7fc2391c	0x80b0b0b0
0x000be1f0	0x000be1f0	arm	0x000be528		EHABI_unwind_range_start_not_function_extent	extab_pointer	0x00498e7c	.ARM.exidx	348	0x0049a8a4	4761764	0x7fc2394c	0x7fffe5d4
0x000be528	0x000be528	arm	0x000be614		EHABI_unwind_range_start_not_function_extent	compact_inline		.ARM.exidx	349	0x0049a8ac	4761772	0x7fc23c7c	0x80a8b0b0
0x000be614	0x000be614	arm	0x000be8f8		EHABI_unwind_range_start_not_function_extent	extab_pointer	0x00498eac	.ARM.exidx	350	0x0049a8b4	4761780	0x7fc23d60	0x7fffe5f4
0x000be8f8	0x000be8f8	arm	0x000be944		EHABI_unwind_range_start_not_function_extent	extab_pointer	0x00498edc	.ARM.exidx	351	0x0049a8bc	4761788	0x7fc2403c	0x7fffe61c
0x000be944	0x000be944	arm	0x000be948		EHABI_unwind_range_start_not_function_extent	compact_inline		.ARM.exidx	352	0x0049a8c4	4761796	0x7fc24080	0x80b0b0b0
0x000be948	0x000be948	arm	0x000beacc		EHABI_unwind_range_start_not_function_extent	extab_pointer	0x00498ef8	.ARM.exidx	353	0x0049a8cc	4761804	0x7fc2407c	0x7fffe628
0x000beacc	0x000beacc	arm	0x000c33f8		EHABI_unwind_range_start_not_function_extent	extab_pointer	0x00498f14	.ARM.exidx	354	0x0049a8d4	4761812	0x7fc241f8	0x7fffe63c
0x000c33f8	0x000c33f8	arm	0x000c37fc		EHABI_unwind_range_start_not_function_extent	compact_inline		.ARM.exidx	355	0x0049a8dc	4761820	0x7fc28b1c	0x800f84bf
0x000c37fc	0x000c37fc	arm	0x000c38ac		EHABI_unwind_range_start_not_function_extent	compact_inline		.ARM.exidx	356	0x0049a8e4	4761828	0x7fc28f18	0x8003842f
0x000c38ac	0x000c38ac	arm	0x000c3b00		EHABI_unwind_range_start_not_function_extent	compact_inline		.ARM.exidx	357	0x0049a8ec	4761836	0x7fc28fc0	0x8008afb0
0x000c3b00	0x000c3b00	arm	0x000c3d74		EHABI_unwind_range_start_not_function_extent	compact_inline		.ARM.exidx	358	0x0049a8f4	4761844	0x7fc2920c	0x8002afb0
0x000c3d74	0x000c3d74	arm	0x000c403c		EHABI_unwind_range_start_not_function_extent	extab_pointer	0x0049910c	.ARM.exidx	359	0x0049a8fc	4761852	0x7fc29478	0x7fffe80c
0x000c403c	0x000c403c	arm	0x000c43a8		EHABI_unwind_range_start_not_function_extent	extab_pointer	0x00499148	.ARM.exidx	360	0x0049a904	4761860	0x7fc29738	0x7fffe840
0x000c43a8	0x000c43a8	arm	0x000c4af4		EHABI_unwind_range_start_not_function_extent	extab_pointer	0x00499154	.ARM.exidx	361	0x0049a90c	4761868	0x7fc29a9c	0x7fffe844
0x000c4af4	0x000c4af4	arm	0x000c4b88		EHABI_unwind_range_start_not_function_extent	compact_inline		.ARM.exidx	362	0x0049a914	4761876	0x7fc2a1e0	0x80848fb0
0x000c4b88	0x000c4b88	arm	0x000c4d40		EHABI_unwind_range_start_not_function_extent	compact_inline		.ARM.exidx	363	0x0049a91c	4761884	0x7fc2a26c	0x8006afb0
0x000c4d40	0x000c4d40	arm	0x000c5060		EHABI_unwind_range_start_not_function_extent	extab_pointer	0x00499178	.ARM.exidx	364	0x0049a924	4761892	0x7fc2a41c	0x7fffe850
0x000c5060	0x000c5060	arm	0x000c5b80		EHABI_unwind_range_start_not_function_extent	extab_pointer	0x004991a8	.ARM.exidx	365	0x0049a92c	4761900	0x7fc2a734	0x7fffe878
0x000c5b80	0x000c5b80	arm	0x000c5c3c		EHABI_unwind_range_start_not_function_extent	compact_inline		.ARM.exidx	366	0x0049a934	4761908	0x7fc2b24c	0x80848fb0
0x000c5c3c	0x000c5c3c	arm	0x000c6094		EHABI_unwind_range_start_not_function_extent	compact_inline		.ARM.exidx	367	0x0049a93c	4761916	0x7fc2b300	0x8008afb0
0x000c6094	0x000c6094	arm	0x000c6320		EHABI_unwind_range_start_not_function_extent	compact_inline		.ARM.exidx	368	0x0049a944	4761924	0x7fc2b750	0x800faeb0
0x000c6320	0x000c6320	arm	0x000c65c0		EHABI_unwind_range_start_not_function_extent	compact_inline		.ARM.exidx	369	0x0049a94c	4761932	0x7fc2b9d4	0x803b3fae
0x000c65c0	0x000c65c0	arm	0x000c6768		EHABI_unwind_range_start_not_function_extent	extab_pointer	0x00499264	.ARM.exidx	370	0x0049a954	4761940	0x7fc2bc6c	0x7fffe90c
0x000c6768	0x000c6768	arm	0x000c6988		EHABI_unwind_range_start_not_function_extent	compact_inline		.ARM.exidx	371	0x0049a95c	4761948	0x7fc2be0c	0x803eafb0
0x000c6988	0x000c6988	arm	0x000c6fbc		EHABI_unwind_range_start_not_function_extent	extab_pointer	0x00499270	.ARM.exidx	372	0x0049a964	4761956	0x7fc2c024	0x7fffe908
0x000c6fbc	0x000c6fbc	arm	0x000c9ce0		EHABI_unwind_range_start_not_function_extent	extab_pointer	0x004992dc	.ARM.exidx	373	0x0049a96c	4761964	0x7fc2c650	0x7fffe96c
0x000c9ce0	0x000c9ce0	arm	0x000c9da8		EHABI_unwind_range_start_not_function_extent	extab_pointer	0x00499440	.ARM.exidx	374	0x0049a974	4761972	0x7fc2f36c	0x7fffeac8
0x000c9da8	0x000c9da8	arm	0x000ca3f4		EHABI_unwind_range_start_not_function_extent	extab_pointer	0x0049946c	.ARM.exidx	375	0x0049a97c	4761980	0x7fc2f42c	0x7fffeaec
0x000ca3f4	0x000ca3f4	arm	0x000ca9bc		EHABI_unwind_range_start_not_function_extent	extab_pointer	0x00499484	.ARM.exidx	376	0x0049a984	4761988	0x7fc2fa70	0x7fffeafc
0x000ca9bc	0x000ca9bc	arm	0x000caa9c		EHABI_unwind_range_start_not_function_extent	extab_pointer	0x004994c0	.ARM.exidx	377	0x0049a98c	4761996	0x7fc30030	0x7fffeb30
0x000caa9c	0x000caa9c	arm	0x000caafc		EHABI_unwind_range_start_not_function_extent	extab_pointer	0x004994e8	.ARM.exidx	378	0x0049a994	4762004	0x7fc30108	0x7fffeb50
0x000caafc	0x000caafc	arm	0x000caeec		EHABI_unwind_range_start_not_function_extent	extab_pointer	0x0049950c	.ARM.exidx	379	0x0049a99c	4762012	0x7fc30160	0x7fffeb6c
0x000caeec	0x000caeec	arm	0x000cb444		EHABI_unwind_range_start_not_function_extent	compact_inline		.ARM.exidx	380	0x0049a9a4	4762020	0x7fc30548	0x800eafb0
0x000cb444	0x000cb444	arm	0x000cd7b0		EHABI_unwind_range_start_not_function_extent	extab_pointer	0x00499518	.ARM.exidx	381	0x0049a9ac	4762028	0x7fc30a98	0x7fffeb68
0x000cd7b0	0x000cd7b0	arm	0x000cd86c		EHABI_unwind_range_start_not_function_extent	extab_pointer	0x004995c8	.ARM.exidx	382	0x0049a9b4	4762036	0x7fc32dfc	0x7fffec10
0x000cd86c	0x000cd86c	arm	0x000cd900		EHABI_unwind_range_start_not_function_extent	extab_pointer	0x004995e0	.ARM.exidx	383	0x0049a9bc	4762044	0x7fc32eb0	0x7fffec20
0x000cd900	0x000cd900	arm	0x000cd978		EHABI_unwind_range_start_not_function_extent	compact_inline		.ARM.exidx	384	0x0049a9c4	4762052	0x7fc32f3c	0x80a8b0b0
0x000cd978	0x000cd978	arm	0x000cd97c		EHABI_unwind_range_start_not_function_extent	compact_inline		.ARM.exidx	385	0x0049a9cc	4762060	0x7fc32fac	0x80b0b0b0
0x000cd97c	0x000cd97c	arm	0x000cdeb4		EHABI_unwind_range_start_not_function_extent	compact_inline		.ARM.exidx	386	0x0049a9d4	4762068	0x7fc32fa8	0x800cafb0
0x000cdeb4	0x000cdeb4	arm	0x000cdffc		EHABI_unwind_range_start_not_function_extent	compact_inline		.ARM.exidx	387	0x0049a9dc	4762076	0x7fc334d8	0x8001848f
0x000cdffc	0x000cdffc	arm	0x000ce540		EHABI_unwind_range_start_not_function_extent	compact_inline		.ARM.exidx	388	0x0049a9e4	4762084	0x7fc33618	0x80b0b0b0
0x000ce540	0x000ce540	arm	0x000ce790		EHABI_unwind_range_start_not_function_extent	compact_inline		.ARM.exidx	389	0x0049a9ec	4762092	0x7fc33b54	0x8084bfb0
0x000ce790	0x000ce790	arm	0x000ce7ec		EHABI_unwind_range_start_not_function_extent	compact_inline		.ARM.exidx	390	0x0049a9f4	4762100	0x7fc33d9c	0x80a8b0b0
0x000ce7ec	0x000ce7ec	arm	0x000ce848		EHABI_unwind_range_start_not_function_extent	compact_inline		.ARM.exidx	391	0x0049a9fc	4762108	0x7fc33df0	0x80848fb0
0x000ce848	0x000ce848	arm	0x000ce89c		EHABI_unwind_range_start_not_function_extent	compact_inline		.ARM.exidx	392	0x0049aa04	4762116	0x7fc33e44	0x80aab0b0
0x000ce89c	0x000ce89c	arm	0x000ce9ec		EHABI_unwind_range_start_not_function_extent	compact_inline		.ARM.exidx	393	0x0049aa0c	4762124	0x7fc33e90	0x8000afb0
0x000ce9ec	0x000ce9ec	arm	0x000ceadc		EHABI_unwind_range_start_not_function_extent	compact_inline		.ARM.exidx	394	0x0049aa14	4762132	0x7fc33fd8	0x8006afb0
0x000ceadc	0x000ceadc	arm	0x000ceb38		EHABI_unwind_range_start_not_function_extent	compact_inline		.ARM.exidx	395	0x0049aa1c	4762140	0x7fc340c0	0x80848fb0
0x000ceb38	0x000ceb38	arm	0x000cedf4		EHABI_unwind_range_start_not_function_extent	extab_pointer	0x0049967c	.ARM.exidx	396	0x0049aa24	4762148	0x7fc34114	0x7fffec54
0x000cedf4	0x000cedf4	arm	0x000cef44		EHABI_unwind_range_start_not_function_extent	compact_inline		.ARM.exidx	397	0x0049aa2c	4762156	0x7fc343c8	0x80848fb0
0x000cef44	0x000cef44	arm	0x000cf16c		EHABI_unwind_range_start_not_function_extent	compact_inline		.ARM.exidx	398	0x0049aa34	4762164	0x7fc34510	0x80840db0
0x000cf16c	0x000cf16c	arm	0x000cfce8		EHABI_unwind_range_start_not_function_extent	extab_pointer	0x004996ac	.ARM.exidx	399	0x0049aa3c	4762172	0x7fc34730	0x7fffec6c
0x000cfce8	0x000cfce8	arm	0x000cfe6c		EHABI_unwind_range_start_not_function_extent	compact_inline		.ARM.exidx	400	0x0049aa44	4762180	0x7fc352a4	0x800aafb0
0x000cfe6c	0x000cfe6c	arm	0x000cff28		EHABI_unwind_range_start_not_function_extent	compact_inline		.ARM.exidx	401	0x0049aa4c	4762188	0x7fc35420	0x80aeb0b0
0x000cff28	0x000cff28	arm	0x000d1618		EHABI_unwind_range_start_not_function_extent	compact_inline		.ARM.exidx	402	0x0049aa54	4762196	0x7fc354d4	0x8010afb0
0x000d1618	0x000d1618	arm	0x000d2b78		EHABI_unwind_range_start_not_function_extent	compact_inline		.ARM.exidx	403	0x0049aa5c	4762204	0x7fc36bbc	0x80123faf
0x000d2b78	0x000d2b78	arm	0x000d36c4		EHABI_unwind_range_start_not_function_extent	compact_inline		.ARM.exidx	404	0x0049aa64	4762212	0x7fc38114	0x808483b0
0x000d36c4	0x000d36c4	arm	0x000d3980		EHABI_unwind_range_start_not_function_extent	compact_inline		.ARM.exidx	405	0x0049aa6c	4762220	0x7fc38c58	0x8084bfb0
0x000d3980	0x000d3980	arm	0x000d3b20		EHABI_unwind_range_start_not_function_extent	compact_inline		.ARM.exidx	406	0x0049aa74	4762228	0x7fc38f0c	0x8000afb0
0x000d3b20	0x000d3b20	arm	0x000d3c54		EHABI_unwind_range_start_not_function_extent	compact_inline		.ARM.exidx	407	0x0049aa7c	4762236	0x7fc390a4	0x8006afb0
0x000d3c54	0x000d3c54	arm	0x000d3ca0		EHABI_unwind_range_start_not_function_extent	compact_inline		.ARM.exidx	408	0x0049aa84	4762244	0x7fc391d0	0x80a8b0b0
0x000d3ca0	0x000d3ca0	arm	0x000d486c		EHABI_unwind_range_start_not_function_extent	extab_pointer	0x00499744	.ARM.exidx	409	0x0049aa8c	4762252	0x7fc39214	0x7fffecb4
0x000d486c	0x000d486c	arm	0x000d4a6c		EHABI_unwind_range_start_not_function_extent	compact_inline		.ARM.exidx	410	0x0049aa94	4762260	0x7fc39dd8	0x80aeb0b0
0x000d4a6c	0x000d4a6c	arm	0x000d4c1c		EHABI_unwind_range_start_not_function_extent	compact_inline		.ARM.exidx	411	0x0049aa9c	4762268	0x7fc39fd0	0x8008afb0
0x000d4c1c	0x000d4c1c	arm	0x000d4dac		EHABI_unwind_range_start_not_function_extent	compact_inline		.ARM.exidx	412	0x0049aaa4	4762276	0x7fc3a178	0x8002afb0
0x000d4dac	0x000d4dac	arm	0x000d5264		EHABI_unwind_range_start_not_function_extent	compact_inline		.ARM.exidx	413	0x0049aaac	4762284	0x7fc3a300	0x8028afb0
0x000d5264	0x000d5264	arm	0x000d53a4		EHABI_unwind_range_start_not_function_extent	compact_inline		.ARM.exidx	414	0x0049aab4	4762292	0x7fc3a7b0	0x80a8b0b0
0x000d53a4	0x000d53a4	arm	0x000d5bfc		EHABI_unwind_range_start_not_function_extent	compact_inline		.ARM.exidx	415	0x0049aabc	4762300	0x7fc3a8e8	0x800cafb0
0x000d5bfc	0x000d5bfc	arm	0x000d6b98		EHABI_unwind_range_start_not_function_extent	compact_inline		.ARM.exidx	416	0x0049aac4	4762308	0x7fc3b138	0x8010afb0
0x000d6b98	0x000d6b98	arm	0x000d6c08		EHABI_unwind_range_start_not_function_extent	compact_inline		.ARM.exidx	417	0x0049aacc	4762316	0x7fc3c0cc	0x808485b0
0x000d6c08	0x000d6c08	arm	0x000d6d14		EHABI_unwind_range_start_not_function_extent	compact_inline		.ARM.exidx	418	0x0049aad4	4762324	0x7fc3c134	0x808483b0
0x000d6d14	0x000d6d14	arm	0x000d6e74		EHABI_unwind_range_start_not_function_extent	compact_inline		.ARM.exidx	419	0x0049aadc	4762332	0x7fc3c238	0x8000afb0
0x000d6e74	0x000d6e74	arm	0x000d6ec0		EHABI_unwind_range_start_not_function_extent	compact_inline		.ARM.exidx	420	0x0049aae4	4762340	0x7fc3c390	0x80a8b0b0
0x000d6ec0	0x000d6ec0	arm	0x000d70e0		EHABI_unwind_range_start_not_function_extent	compact_inline		.ARM.exidx	421	0x0049aaec	4762348	0x7fc3c3d4	0x80848fb0
0x000d70e0	0x000d70e0	arm	0x000d7c54		EHABI_unwind_range_start_not_function_extent	extab_pointer	0x00499764	.ARM.exidx	422	0x0049aaf4	4762356	0x7fc3c5ec	0x7fffec6c
0x000d7c54	0x000d7c54	arm	0x000d7dbc		EHABI_unwind_range_start_not_function_extent	compact_inline		.ARM.exidx	423	0x0049aafc	4762364	0x7fc3d158	0x8008afb0
0x000d7dbc	0x000d7dbc	arm	0x000d7e78		EHABI_unwind_range_start_not_function_extent	compact_inline		.ARM.exidx	424	0x0049ab04	4762372	0x7fc3d2b8	0x80aeb0b0
0x000d7e78	0x000d7e78	arm	0x000d7fa8		EHABI_unwind_range_start_not_function_extent	extab_pointer	0x00499784	.ARM.exidx	425	0x0049ab0c	4762380	0x7fc3d36c	0x7fffec74
0x000d7fa8	0x000d7fa8	arm	0x000d81d8		EHABI_unwind_range_start_not_function_extent	extab_pointer	0x004997b4	.ARM.exidx	426	0x0049ab14	4762388	0x7fc3d494	0x7fffec9c
0x000d81d8	0x000d81d8	arm	0x000d9d50		EHABI_unwind_range_start_not_function_extent	compact_inline		.ARM.exidx	427	0x0049ab1c	4762396	0x7fc3d6bc	0x8036afb0
0x000d9d50	0x000d9d50	arm	0x000d9df8		EHABI_unwind_range_start_not_function_extent	compact_inline		.ARM.exidx	428	0x0049ab24	4762404	0x7fc3f22c	0x808483b0
0x000d9df8	0x000d9df8	arm	0x000da0d4		EHABI_unwind_range_start_not_function_extent	extab_pointer	0x004997cc	.ARM.exidx	429	0x0049ab2c	4762412	0x7fc3f2cc	0x7fffec9c
0x000da0d4	0x000da0d4	arm	0x000da20c		EHABI_unwind_range_start_not_function_extent	compact_inline		.ARM.exidx	430	0x0049ab34	4762420	0x7fc3f5a0	0x8016afb0
0x000da20c	0x000da20c	arm	0x000da610		EHABI_unwind_range_start_not_function_extent	compact_inline		.ARM.exidx	431	0x0049ab3c	4762428	0x7fc3f6d0	0x8022afb0
0x000da610	0x000da610	arm	0x000db040		EHABI_unwind_range_start_not_function_extent	compact_inline		.ARM.exidx	432	0x0049ab44	4762436	0x7fc3facc	0x8006afb0
0x000db040	0x000db040	arm	0x000db0f8		EHABI_unwind_range_start_not_function_extent	extab_pointer	0x004997e4	.ARM.exidx	433	0x0049ab4c	4762444	0x7fc404f4	0x7fffec94
0x000db0f8	0x000db0f8	arm	0x000db174		EHABI_unwind_range_start_not_function_extent	extab_pointer	0x00499800	.ARM.exidx	434	0x0049ab54	4762452	0x7fc405a4	0x7fffeca8
0x000db174	0x000db174	arm	0x000db248		EHABI_unwind_range_start_not_function_extent	extab_pointer	0x0049980c	.ARM.exidx	435	0x0049ab5c	4762460	0x7fc40618	0x7fffecac
0x000db248	0x000db248	arm	0x000db3f8		EHABI_unwind_range_start_not_function_extent	extab_pointer	0x00499838	.ARM.exidx	436	0x0049ab64	4762468	0x7fc406e4	0x7fffecd0
0x000db3f8	0x000db3f8	arm	0x000db46c		EHABI_unwind_range_start_not_function_extent	compact_inline		.ARM.exidx	437	0x0049ab6c	4762476	0x7fc4088c	0x8003aab0
0x000db46c	0x000db46c	arm	0x000db4fc		EHABI_unwind_range_start_not_function_extent	extab_pointer	0x00499850	.ARM.exidx	438	0x0049ab74	4762484	0x7fc408f8	0x7fffecd8
0x000db4fc	0x000db4fc	arm	0x000db630		EHABI_unwind_range_start_not_function_extent	extab_pointer	0x00499870	.ARM.exidx	439	0x0049ab7c	4762492	0x7fc40980	0x7fffecf0
0x000db630	0x000db630	arm	0x000db6ec		EHABI_unwind_range_start_not_function_extent	extab_pointer	0x00499894	.ARM.exidx	440	0x0049ab84	4762500	0x7fc40aac	0x7fffed0c
0x000db6ec	0x000db6ec	arm	0x000db91c		EHABI_unwind_range_start_not_function_extent	extab_pointer	0x004998ac	.ARM.exidx	441	0x0049ab8c	4762508	0x7fc40b60	0x7fffed1c
0x000db91c	0x000db91c	arm	0x000db92c		EHABI_unwind_range_start_not_function_extent	compact_inline		.ARM.exidx	442	0x0049ab94	4762516	0x7fc40d88	0x80b0b0b0
0x000db92c	0x000db92c	arm	0x000dbc64		EHABI_unwind_range_start_not_function_extent	compact_inline		.ARM.exidx	443	0x0049ab9c	4762524	0x7fc40d90	0x8004afb0
0x000dbc64	0x000dbc64	arm	0x000dbd1c		EHABI_unwind_range_start_not_function_extent	compact_inline		.ARM.exidx	444	0x0049aba4	4762532	0x7fc410c0	0x80848fb0
0x000dbd1c	0x000dbd1c	arm	0x000dbf10		EHABI_unwind_range_start_not_function_extent	compact_inline		.ARM.exidx	445	0x0049abac	4762540	0x7fc41170	0x8000afb0
0x000dbf10	0x000dbf10	arm	0x000dbf98		EHABI_unwind_range_start_not_function_extent	extab_pointer	0x004998d4	.ARM.exidx	446	0x0049abb4	4762548	0x7fc4135c	0x7fffed1c
0x000dbf98	0x000dbf98	arm	0x000dc0ec		EHABI_unwind_range_start_not_function_extent	extab_pointer	0x004998f4	.ARM.exidx	447	0x0049abbc	4762556	0x7fc413dc	0x7fffed34
0x000dc0ec	0x000dc0ec	arm	0x000dc974		EHABI_unwind_range_start_not_function_extent	compact_inline		.ARM.exidx	448	0x0049abc4	4762564	0x7fc41528	0x8009afb0
0x000dc974	0x000dc974	arm	0x000dc9e8		EHABI_unwind_range_start_not_function_extent	extab_pointer	0x00499918	.ARM.exidx	449	0x0049abcc	4762572	0x7fc41da8	0x7fffed48
0x000dc9e8	0x000dc9e8	arm	0x000ddae8		EHABI_unwind_range_start_not_function_extent	extab_pointer	0x00499940	.ARM.exidx	450	0x0049abd4	4762580	0x7fc41e14	0x7fffed68
0x000ddae8	0x000ddae8	arm	0x000ddcec		EHABI_unwind_range_start_not_function_extent	compact_inline		.ARM.exidx	451	0x0049abdc	4762588	0x7fc42f0c	0x800eafb0
0x000ddcec	0x000ddcec	arm	0x000dde30		EHABI_unwind_range_start_not_function_extent	compact_inline		.ARM.exidx	452	0x0049abe4	4762596	0x7fc43108	0x8002afb0
0x000dde30	0x000dde30	arm	0x000df648		EHABI_unwind_range_start_not_function_extent	compact_inline		.ARM.exidx	453	0x0049abec	4762604	0x7fc43244	0x80203faf
0x000df648	0x000df648	arm	0x000df7c8		EHABI_unwind_range_start_not_function_extent	compact_inline		.ARM.exidx	454	0x0049abf4	4762612	0x7fc44a54	0x80acb0b0
0x000df7c8	0x000df7c8	arm	0x000df7d4		EHABI_unwind_range_start_not_function_extent	compact_inline		.ARM.exidx	455	0x0049abfc	4762620	0x7fc44bcc	0x80b0b0b0
0x000df7d4	0x000df7d4	arm	0x000df8bc		EHABI_unwind_range_start_not_function_extent	compact_inline		.ARM.exidx	456	0x0049ac04	4762628	0x7fc44bd0	0x80038483
0x000df8bc	0x000df8bc	arm	0x000dfa18		EHABI_unwind_range_start_not_function_extent	compact_inline		.ARM.exidx	457	0x0049ac0c	4762636	0x7fc44cb0	0x80078437
0x000dfa18	0x000dfa18	arm	0x000dfd78		EHABI_unwind_range_start_not_function_extent	compact_inline		.ARM.exidx	458	0x0049ac14	4762644	0x7fc44e04	0x8084dfb0
0x000dfd78	0x000dfd78	arm	0x000dfecc		EHABI_unwind_range_start_not_function_extent	compact_inline		.ARM.exidx	459	0x0049ac1c	4762652	0x7fc4515c	0x808483b0
0x000dfecc	0x000dfecc	arm	0x000dfff8		EHABI_unwind_range_start_not_function_extent	extab_pointer	0x00499960	.ARM.exidx	460	0x0049ac24	4762660	0x7fc452a8	0x7fffed38
0x000dfff8	0x000dfff8	arm	0x000e0344		EHABI_unwind_range_start_not_function_extent	compact_inline		.ARM.exidx	461	0x0049ac2c	4762668	0x7fc453cc	0x80b0b0b0
0x000e0344	0x000e0344	arm	0x000e04c0		EHABI_unwind_range_start_not_function_extent	compact_inline		.ARM.exidx	462	0x0049ac34	4762676	0x7fc45710	0x80aab0b0
0x000e04c0	0x000e04c0	arm	0x000e0620		EHABI_unwind_range_start_not_function_extent	compact_inline		.ARM.exidx	463	0x0049ac3c	4762684	0x7fc45884	0x8000afb0
0x000e0620	0x000e0620	arm	0x000e1194		EHABI_unwind_range_start_not_function_extent	extab_pointer	0x0049997c	.ARM.exidx	464	0x0049ac44	4762692	0x7fc459dc	0x7fffed34
0x000e1194	0x000e1194	arm	0x000e12fc		EHABI_unwind_range_start_not_function_extent	compact_inline		.ARM.exidx	465	0x0049ac4c	4762700	0x7fc46548	0x8008afb0
0x000e12fc	0x000e12fc	arm	0x000e13b8		EHABI_unwind_range_start_not_function_extent	compact_inline		.ARM.exidx	466	0x0049ac54	4762708	0x7fc466a8	0x80aeb0b0
0x000e13b8	0x000e13b8	arm	0x000e170c		EHABI_unwind_range_start_not_function_extent	extab_pointer	0x004999b8	.ARM.exidx	467	0x0049ac5c	4762716	0x7fc4675c	0x7fffed58
0x000e170c	0x000e170c	arm	0x000e1720		EHABI_unwind_range_start_not_function_extent	compact_inline		.ARM.exidx	468	0x0049ac64	4762724	0x7fc46aa8	0x80b0b0b0
0x000e1720	0x000e1720	arm	0x000e1754		EHABI_unwind_range_start_not_function_extent	compact_inline		.ARM.exidx	469	0x0049ac6c	4762732	0x7fc46ab4	0x80a8b0b0
0x000e1754	0x000e1754	arm	0x000e178c		EHABI_unwind_range_start_not_function_extent	compact_inline		.ARM.exidx	470	0x0049ac74	4762740	0x7fc46ae0	0x80b0b0b0
0x000e178c	0x000e178c	arm	0x000e18dc		EHABI_unwind_range_start_not_function_extent	compact_inline		.ARM.exidx	471	0x0049ac7c	4762748	0x7fc46b10	0x800aafb0
0x000e18dc	0x000e18dc	arm	0x000e19e4		EHABI_unwind_range_start_not_function_extent	extab_pointer	0x004999f4	.ARM.exidx	472	0x0049ac84	4762756	0x7fc46c58	0x7fffed6c
0x000e19e4	0x000e19e4	arm	0x000e1a48		EHABI_unwind_range_start_not_function_extent	compact_inline		.ARM.exidx	473	0x0049ac8c	4762764	0x7fc46d58	0x80b0b0b0
0x000e1a48	0x000e1a48	arm	0x000e1d1c		EHABI_unwind_range_start_not_function_extent	extab_pointer	0x00499a28	.ARM.exidx	474	0x0049ac94	4762772	0x7fc46db4	0x7fffed90
0x000e1d1c	0x000e1d1c	arm	0x000e1e6c		EHABI_unwind_range_start_not_function_extent	compact_inline		.ARM.exidx	475	0x0049ac9c	4762780	0x7fc47080	0x800f84bf
0x000e1e6c	0x000e1e6c	arm	0x000e2344		EHABI_unwind_range_start_not_function_extent	compact_inline		.ARM.exidx	476	0x0049aca4	4762788	0x7fc471c8	0x8018afb0
0x000e2344	0x000e2344	arm	0x000e2358		EHABI_unwind_range_start_not_function_extent	compact_inline		.ARM.exidx	477	0x0049acac	4762796	0x7fc47698	0x80b0b0b0
0x000e2358	0x000e2358	arm	0x000e23d8		EHABI_unwind_range_start_not_function_extent	extab_pointer	0x00499a54	.ARM.exidx	478	0x0049acb4	4762804	0x7fc476a4	0x7fffed9c
0x000e23d8	0x000e23d8	arm	0x000e2404		EHABI_unwind_range_start_not_function_extent	compact_inline		.ARM.exidx	479	0x0049acbc	4762812	0x7fc4771c	0x808480b0
0x000e2404	0x000e2404	arm	0x000e2914		EHABI_unwind_range_start_not_function_extent	compact_inline		.ARM.exidx	480	0x0049acc4	4762820	0x7fc47740	0x800cafb0
0x000e2914	0x000e2914	arm	0x000e292c		EHABI_unwind_range_start_not_function_extent	compact_inline		.ARM.exidx	481	0x0049accc	4762828	0x7fc47c48	0x80b0b0b0
0x000e292c	0x000e292c	arm	0x000e29f0		EHABI_unwind_range_start_not_function_extent	extab_pointer	0x00499a68	.ARM.exidx	482	0x0049acd4	4762836	0x7fc47c58	0x7fffed90
0x000e29f0	0x000e29f0	arm	0x000e2b44		EHABI_unwind_range_start_not_function_extent	extab_pointer	0x00499a84	.ARM.exidx	483	0x0049acdc	4762844	0x7fc47d14	0x7fffeda4
0x000e2b44	0x000e2b44	arm	0x000e2c3c		EHABI_unwind_range_start_not_function_extent	extab_pointer	0x00499aa0	.ARM.exidx	484	0x0049ace4	4762852	0x7fc47e60	0x7fffedb8
0x000e2c3c	0x000e2c3c	arm	0x000e2d5c		EHABI_unwind_range_start_not_function_extent	compact_inline		.ARM.exidx	485	0x0049acec	4762860	0x7fc47f50	0x8002afb0
0x000e2d5c	0x000e2d5c	arm	0x000e2dc0		EHABI_unwind_range_start_not_function_extent	extab_pointer	0x00499abc	.ARM.exidx	486	0x0049acf4	4762868	0x7fc48068	0x7fffedc4
0x000e2dc0	0x000e2dc0	arm	0x000e2eb8		EHABI_unwind_range_start_not_function_extent	extab_pointer	0x00499ad4	.ARM.exidx	487	0x0049acfc	4762876	0x7fc480c4	0x7fffedd4
0x000e2eb8	0x000e2eb8	arm	0x000e2f44		EHABI_unwind_range_start_not_function_extent	extab_pointer	0x00499af0	.ARM.exidx	488	0x0049ad04	4762884	0x7fc481b4	0x7fffede8
0x000e2f44	0x000e2f44	arm	0x000e2f7c		EHABI_unwind_range_start_not_function_extent	compact_inline		.ARM.exidx	489	0x0049ad0c	4762892	0x7fc48238	0x80b0b0b0
0x000e2f7c	0x000e2f7c	arm	0x000e3690		EHABI_unwind_range_start_not_function_extent	compact_inline		.ARM.exidx	490	0x0049ad14	4762900	0x7fc48268	0x8008afb0
0x000e3690	0x000e3690	arm	0x000e36c0		EHABI_unwind_range_start_not_function_extent	compact_inline		.ARM.exidx	491	0x0049ad1c	4762908	0x7fc48974	0x80b0b0b0
0x000e36c0	0x000e36c0	arm	0x000e38c8		EHABI_unwind_range_start_not_function_extent	extab_pointer	0x00499b08	.ARM.exidx	492	0x0049ad24	4762916	0x7fc4899c	0x7fffede0
0x000e38c8	0x000e38c8	arm	0x000e38d0		EHABI_unwind_range_start_not_function_extent	compact_inline		.ARM.exidx	493	0x0049ad2c	4762924	0x7fc48b9c	0x808480b0
0x000e38d0	0x000e38d0	arm	0x000e397c		EHABI_unwind_range_start_not_function_extent	extab_pointer	0x00499b28	.ARM.exidx	494	0x0049ad34	4762932	0x7fc48b9c	0x7fffedf0
0x000e397c	0x000e397c	arm	0x000e39e8		EHABI_unwind_range_start_not_function_extent	compact_inline		.ARM.exidx	495	0x0049ad3c	4762940	0x7fc48c40	0x808483b0
0x000e39e8	0x000e39e8	arm	0x000e3a58		EHABI_unwind_range_start_not_function_extent	extab_pointer	0x00499b40	.ARM.exidx	496	0x0049ad44	4762948	0x7fc48ca4	0x7fffedf8
0x000e3a58	0x000e3a58	arm	0x000e3a70		EHABI_unwind_range_start_not_function_extent	compact_inline		.ARM.exidx	497	0x0049ad4c	4762956	0x7fc48d0c	0x808480b0
0x000e3a70	0x000e3a70	arm	0x000e3b64		EHABI_unwind_range_start_not_function_extent	extab_pointer	0x00499b58	.ARM.exidx	498	0x0049ad54	4762964	0x7fc48d1c	0x7fffee00
0x000e3b64	0x000e3b64	arm	0x000e3ba8		EHABI_unwind_range_start_not_function_extent	compact_inline		.ARM.exidx	499	0x0049ad5c	4762972	0x7fc48e08	0x80b0b0b0
0x000e3ba8	0x000e3ba8	arm	0x000e3de0		EHABI_unwind_range_start_not_function_extent	compact_inline		.ARM.exidx	500	0x0049ad64	4762980	0x7fc48e44	0x8001848f
0x000e3de0	0x000e3de0	arm	0x000e3e38		EHABI_unwind_range_start_not_function_extent	compact_inline		.ARM.exidx	501	0x0049ad6c	4762988	0x7fc49074	0x808483b0
0x000e3e38	0x000e3e38	arm	0x000e3e50		EHABI_unwind_range_start_not_function_extent	compact_inline		.ARM.exidx	502	0x0049ad74	4762996	0x7fc490c4	0x80b0b0b0
0x000e3e50	0x000e3e50	arm	0x000e3e6c		EHABI_unwind_range_start_not_function_extent	compact_inline		.ARM.exidx	503	0x0049ad7c	4763004	0x7fc490d4	0x80038480
0x000e3e6c	0x000e3e6c	arm	0x000e4088		EHABI_unwind_range_start_not_function_extent	extab_pointer	0x00499b90	.ARM.exidx	504	0x0049ad84	4763012	0x7fc490e8	0x7fffee08
0x000e4088	0x000e4088	arm	0x000e4160		EHABI_unwind_range_start_not_function_extent	compact_inline		.ARM.exidx	505	0x0049ad8c	4763020	0x7fc492fc	0x808483b0
0x000e4160	0x000e4160	arm	0x000e4180		EHABI_unwind_range_start_not_function_extent	compact_inline		.ARM.exidx	506	0x0049ad94	4763028	0x7fc493cc	0x80018480
0x000e4180	0x000e4180	arm	0x000e4688		EHABI_unwind_range_start_not_function_extent	extab_pointer	0x00499bd4	.ARM.exidx	507	0x0049ad9c	4763036	0x7fc493e4	0x7fffee34
0x000e4688	0x000e4688	arm	0x000e46fc		EHABI_unwind_range_start_not_function_extent	compact_inline		.ARM.exidx	508	0x0049ada4	4763044	0x7fc498e4	0x808483b0
0x000e46fc	0x000e46fc	arm	0x000e48bc		EHABI_unwind_range_start_not_function_extent	extab_pointer	0x00499c1c	.ARM.exidx	509	0x0049adac	4763052	0x7fc49950	0x7fffee6c
0x000e48bc	0x000e48bc	arm	0x000e493c		EHABI_unwind_range_start_not_function_extent	extab_pointer	0x00499c48	.ARM.exidx	510	0x0049adb4	4763060	0x7fc49b08	0x7fffee90
0x000e493c	0x000e493c	arm	0x000e4990		EHABI_unwind_range_start_not_function_extent	compact_inline		.ARM.exidx	511	0x0049adbc	4763068	0x7fc49b80	0x808483b0
0x000e4990	0x000e4990	arm	0x000e4a48		EHABI_unwind_range_start_not_function_extent	compact_inline		.ARM.exidx	512	0x0049adc4	4763076	0x7fc49bcc	0x808480b0
0x000e4a48	0x000e4a48	arm	0x000e4b68		EHABI_unwind_range_start_not_function_extent	compact_inline		.ARM.exidx	513	0x0049adcc	4763084	0x7fc49c7c	0x8002afb0
0x000e4b68	0x000e4b68	arm	0x000e4c7c		EHABI_unwind_range_start_not_function_extent	extab_pointer	0x00499c5c	.ARM.exidx	514	0x0049add4	4763092	0x7fc49d94	0x7fffee84
0x000e4c7c	0x000e4c7c	arm	0x000e4cd8		EHABI_unwind_range_start_not_function_extent	compact_inline		.ARM.exidx	515	0x0049addc	4763100	0x7fc49ea0	0x80848fb0
0x000e4cd8	0x000e4cd8	arm	0x000e4d40		EHABI_unwind_range_start_not_function_extent	compact_inline		.ARM.exidx	516	0x0049ade4	4763108	0x7fc49ef4	0x808483b0
0x000e4d40	0x000e4d40	arm	0x000e4e10		EHABI_unwind_range_start_not_function_extent	extab_pointer	0x00499c80	.ARM.exidx	517	0x0049adec	4763116	0x7fc49f54	0x7fffee90
0x000e4e10	0x000e4e10	arm	0x000e4f70		EHABI_unwind_range_start_not_function_extent	extab_pointer	0x00499c9c	.ARM.exidx	518	0x0049adf4	4763124	0x7fc4a01c	0x7fffeea4
0x000e4f70	0x000e4f70	arm	0x000e5064		EHABI_unwind_range_start_not_function_extent	extab_pointer	0x00499cbc	.ARM.exidx	519	0x0049adfc	4763132	0x7fc4a174	0x7fffeebc
0x000e5064	0x000e5064	arm	0x000e5394		EHABI_unwind_range_start_not_function_extent	extab_pointer	0x00499cdc	.ARM.exidx	520	0x0049ae04	4763140	0x7fc4a260	0x7fffeed4
0x000e5394	0x000e5394	arm	0x000e5400		EHABI_unwind_range_start_not_function_extent	extab_pointer	0x00499d10	.ARM.exidx	521	0x0049ae0c	4763148	0x7fc4a588	0x7fffef00
0x000e5400	0x000e5400	arm	0x000e5500		EHABI_unwind_range_start_not_function_extent	extab_pointer	0x00499d28	.ARM.exidx	522	0x0049ae14	4763156	0x7fc4a5ec	0x7fffef10
0x000e5500	0x000e5500	arm	0x000e5594		EHABI_unwind_range_start_not_function_extent	extab_pointer	0x00499d44	.ARM.exidx	523	0x0049ae1c	4763164	0x7fc4a6e4	0x7fffef24
0x000e5594	0x000e5594	arm	0x000e567c		EHABI_unwind_range_start_not_function_extent	compact_inline		.ARM.exidx	524	0x0049ae24	4763172	0x7fc4a770	0x808483b0
0x000e567c	0x000e567c	arm	0x000e5a78		EHABI_unwind_range_start_not_function_extent	extab_pointer	0x00499d60	.ARM.exidx	525	0x0049ae2c	4763180	0x7fc4a850	0x7fffef30
0x000e5a78	0x000e5a78	arm	0x000e5a88		EHABI_unwind_range_start_not_function_extent	compact_inline		.ARM.exidx	526	0x0049ae34	4763188	0x7fc4ac44	0x80b0b0b0
0x000e5a88	0x000e5a88	arm	0x001f72c8		EHABI_unwind_range_start_not_function_extent	cantunwind		.ARM.exidx	527	0x0049ae3c	4763196	0x7fc4ac4c	0x00000001
0x001f72c8	0x001f72c8	arm	0x0021a000		EHABI_unwind_range_start_not_function_extent	compact_inline		.ARM.exidx	528	0x0049ae44	4763204	0x7fd5c484	0x80b0b0b0
0x0021a000	0x0021a000	arm	0x00232070		EHABI_unwind_range_start_not_function_extent	cantunwind		.ARM.exidx	529	0x0049ae4c	4763212	0x7fd7f1b4	0x00000001
0x00232070	0x00232070	arm	0x0023230c		EHABI_unwind_range_start_not_function_extent	compact_inline		.ARM.exidx	530	0x0049ae54	4763220	0x7fd9721c	0x80b0b0b0
0x0023230c	0x0023230c	arm	0x0024753c		EHABI_unwind_range_start_not_function_extent	cantunwind		.ARM.exidx	531	0x0049ae5c	4763228	0x7fd974b0	0x00000001
0x0024753c	0x0024753c	arm	0x00247f60		EHABI_unwind_range_start_not_function_extent	compact_inline		.ARM.exidx	532	0x0049ae64	4763236	0x7fdac6d8	0x80b0b0b0
0x00247f60	0x00247f60	arm	0x0024ecfc		EHABI_unwind_range_start_not_function_extent	cantunwind		.ARM.exidx	533	0x0049ae6c	4763244	0x7fdad0f4	0x00000001
0x0024ecfc	0x0024ecfc	arm	0x0024f4d0		EHABI_unwind_range_start_not_function_extent	compact_inline		.ARM.exidx	534	0x0049ae74	4763252	0x7fdb3e88	0x80b0b0b0
0x0024f4d0	0x0024f4d0	arm	0x0025ba7c		EHABI_unwind_range_start_not_function_extent	cantunwind		.ARM.exidx	535	0x0049ae7c	4763260	0x7fdb4654	0x00000001
0x0025ba7c	0x0025ba7c	arm	0x0025bd20		EHABI_unwind_range_start_not_function_extent	compact_inline		.ARM.exidx	536	0x0049ae84	4763268	0x7fdc0bf8	0x80b0b0b0
0x0025bd20	0x0025bd20	arm	0x002686d0		EHABI_unwind_range_start_not_function_extent	cantunwind		.ARM.exidx	537	0x0049ae8c	4763276	0x7fdc0e94	0x00000001
0x002686d0	0x002686d0	arm	0x00268824		EHABI_unwind_range_start_not_function_extent	compact_inline		.ARM.exidx	538	0x0049ae94	4763284	0x7fdcd83c	0x80b0b0b0
0x00268824	0x00268824	arm	0x00296418		EHABI_unwind_range_start_not_function_extent	cantunwind		.ARM.exidx	539	0x0049ae9c	4763292	0x7fdcd988	0x00000001
0x00296418	0x00296418	arm	0x0029656c		EHABI_unwind_range_start_not_function_extent	compact_inline		.ARM.exidx	540	0x0049aea4	4763300	0x7fdfb574	0x80b0b0b0
0x0029656c	0x0029656c	arm	0x0029f624		EHABI_unwind_range_start_not_function_extent	cantunwind		.ARM.exidx	541	0x0049aeac	4763308	0x7fdfb6c0	0x00000001
0x0029f624	0x0029f624	arm	0x0029f658		EHABI_unwind_range_start_not_function_extent	compact_inline		.ARM.exidx	542	0x0049aeb4	4763316	0x7fe04770	0x80b0b0b0
0x0029f658	0x0029f658	arm	0x002afb00		EHABI_unwind_range_start_not_function_extent	cantunwind		.ARM.exidx	543	0x0049aebc	4763324	0x7fe0479c	0x00000001
0x002afb00	0x002afb00	arm	0x002afce8		EHABI_unwind_range_start_not_function_extent	compact_inline		.ARM.exidx	544	0x0049aec4	4763332	0x7fe14c3c	0x80b0b0b0
0x002afce8	0x002afce8	arm	0x002b206c		EHABI_unwind_range_start_not_function_extent	cantunwind		.ARM.exidx	545	0x0049aecc	4763340	0x7fe14e1c	0x00000001
0x002b206c	0x002b206c	arm	0x002b2148		EHABI_unwind_range_start_not_function_extent	compact_inline		.ARM.exidx	546	0x0049aed4	4763348	0x7fe17198	0x80b0b0b0
0x002b2148	0x002b2148	arm	0x002b3ce0		EHABI_unwind_range_start_not_function_extent	cantunwind		.ARM.exidx	547	0x0049aedc	4763356	0x7fe1726c	0x00000001
0x002b3ce0	0x002b3ce0	arm	0x002b3d14		EHABI_unwind_range_start_not_function_extent	compact_inline		.ARM.exidx	548	0x0049aee4	4763364	0x7fe18dfc	0x80b0b0b0
0x002b3d14	0x002b3d14	arm	0x002b8eec		EHABI_unwind_range_start_not_function_extent	cantunwind		.ARM.exidx	549	0x0049aeec	4763372	0x7fe18e28	0x00000001
0x002b8eec	0x002b8eec	arm	0x002b9040		EHABI_unwind_range_start_not_function_extent	compact_inline		.ARM.exidx	550	0x0049aef4	4763380	0x7fe1dff8	0x80b0b0b0
0x002b9040	0x002b9040	arm	0x002f4034		EHABI_unwind_range_start_not_function_extent	cantunwind		.ARM.exidx	551	0x0049aefc	4763388	0x7fe1e144	0x00000001
0x002f4034	0x002f4034	arm	0x00301550		EHABI_unwind_range_start_not_function_extent	compact_inline		.ARM.exidx	552	0x0049af04	4763396	0x7fe59130	0x80b0b0b0
0x00301550	0x00301550	arm	0x00305598		EHABI_unwind_range_start_not_function_extent	cantunwind		.ARM.exidx	553	0x0049af0c	4763404	0x7fe66644	0x00000001
0x00305598	0x00305598	arm	0x003056d4		EHABI_unwind_range_start_not_function_extent	compact_inline		.ARM.exidx	554	0x0049af14	4763412	0x7fe6a684	0x80b0b0b0
0x003056d4	0x003056d4	arm	0x00311918		EHABI_unwind_range_start_not_function_extent	cantunwind		.ARM.exidx	555	0x0049af1c	4763420	0x7fe6a7b8	0x00000001
0x00311918	0x00311918	arm	0x00311af4		EHABI_unwind_range_start_not_function_extent	compact_inline		.ARM.exidx	556	0x0049af24	4763428	0x7fe769f4	0x80b0b0b0
0x00311af4	0x00311af4	arm	0x0032d344		EHABI_unwind_range_start_not_function_extent	cantunwind		.ARM.exidx	557	0x0049af2c	4763436	0x7fe76bc8	0x00000001
0x0032d344	0x0032d344	arm	0x0032d378		EHABI_unwind_range_start_not_function_extent	compact_inline		.ARM.exidx	558	0x0049af34	4763444	0x7fe92410	0x80b0b0b0
0x0032d378	0x0032d378	arm	0x00341b54		EHABI_unwind_range_start_not_function_extent	cantunwind		.ARM.exidx	559	0x0049af3c	4763452	0x7fe9243c	0x00000001
0x00341b54	0x00341b54	arm	0x00342818		EHABI_unwind_range_start_not_function_extent	compact_inline		.ARM.exidx	560	0x0049af44	4763460	0x7fea6c10	0x80b0b0b0
0x00342818	0x00342818	arm	0x00392ed8		EHABI_unwind_range_start_not_function_extent	cantunwind		.ARM.exidx	561	0x0049af4c	4763468	0x7fea78cc	0x00000001
0x00392ed8	0x00392ed8	arm	0x0039ca14		EHABI_unwind_range_start_not_function_extent	compact_inline		.ARM.exidx	562	0x0049af54	4763476	0x7fef7f84	0x80b0b0b0
0x0039ca14	0x0039ca14	arm	0x003a08fc		EHABI_unwind_range_start_not_function_extent	cantunwind		.ARM.exidx	563	0x0049af5c	4763484	0x7ff01ab8	0x00000001
0x003a08fc	0x003a08fc	arm	0x003a1200		EHABI_unwind_range_start_not_function_extent	compact_inline		.ARM.exidx	564	0x0049af64	4763492	0x7ff05998	0x80b0b0b0
0x003a1200	0x003a1200	arm	0x003a5db4		EHABI_unwind_range_start_not_function_extent	cantunwind		.ARM.exidx	565	0x0049af6c	4763500	0x7ff06294	0x00000001
0x003a5db4	0x003a5db4	arm	0x003ab328		EHABI_unwind_range_start_not_function_extent	compact_inline		.ARM.exidx	566	0x0049af74	4763508	0x7ff0ae40	0x80b0b0b0
0x003ab328	0x003ab328	arm	0x003b90a0		EHABI_unwind_range_start_not_function_extent	cantunwind		.ARM.exidx	567	0x0049af7c	4763516	0x7ff103ac	0x00000001
0x003b90a0	0x003b90a0	arm	0x003bc730		EHABI_unwind_range_start_not_function_extent	compact_inline		.ARM.exidx	568	0x0049af84	4763524	0x7ff1e11c	0x809b8480
0x003bc730	0x003bc730	arm	0x003bf5e4		EHABI_unwind_range_start_not_function_extent	cantunwind		.ARM.exidx	569	0x0049af8c	4763532	0x7ff217a4	0x00000001
0x003bf5e4	0x003bf5e4	arm	0x003c04c8		EHABI_unwind_range_start_not_function_extent	compact_inline		.ARM.exidx	570	0x0049af94	4763540	0x7ff24650	0x809b8480
0x003c04c8	0x003c04c8	arm	0x003c14e0		EHABI_unwind_range_start_not_function_extent	cantunwind		.ARM.exidx	571	0x0049af9c	4763548	0x7ff2552c	0x00000001
0x003c14e0	0x003c14e0	arm	0x003c1a58		EHABI_unwind_range_start_not_function_extent	compact_inline		.ARM.exidx	572	0x0049afa4	4763556	0x7ff2653c	0x809b8480
0x003c1a58	0x003c1a58	arm	0x003c6f58		EHABI_unwind_range_start_not_function_extent	cantunwind		.ARM.exidx	573	0x0049afac	4763564	0x7ff26aac	0x00000001
0x003c6f58	0x003c6f58	arm	0x003cac58		EHABI_unwind_range_start_not_function_extent	compact_inline		.ARM.exidx	574	0x0049afb4	4763572	0x7ff2bfa4	0x809b8480
0x003cac58	0x003cac58	arm	0x003cb878		EHABI_unwind_range_start_not_function_extent	cantunwind		.ARM.exidx	575	0x0049afbc	4763580	0x7ff2fc9c	0x00000001
0x003cb878	0x003cb878	arm	0x003cc07c		EHABI_unwind_range_start_not_function_extent	compact_inline		.ARM.exidx	576	0x0049afc4	4763588	0x7ff308b4	0x809b8480
0x003cc07c	0x003cc07c	arm	0x003cdadc		EHABI_unwind_range_start_not_function_extent	cantunwind		.ARM.exidx	577	0x0049afcc	4763596	0x7ff310b0	0x00000001
0x003cdadc	0x003cdadc	arm	0x003ce9dc		EHABI_unwind_range_start_not_function_extent	compact_inline		.ARM.exidx	578	0x0049afd4	4763604	0x7ff32b08	0x809b8480
0x003ce9dc	0x003ce9dc	arm	0x003cfddc		EHABI_unwind_range_start_not_function_extent	cantunwind		.ARM.exidx	579	0x0049afdc	4763612	0x7ff33a00	0x00000001
0x003cfddc	0x003cfddc	arm	0x003d10e8		EHABI_unwind_range_start_not_function_extent	compact_inline		.ARM.exidx	580	0x0049afe4	4763620	0x7ff34df8	0x809b8480
0x003d10e8	0x003d10e8	arm	0x003d21ac		EHABI_unwind_range_start_not_function_extent	cantunwind		.ARM.exidx	581	0x0049afec	4763628	0x7ff360fc	0x00000001
0x003d21ac	0x003d21ac	arm	0x003d2b70		EHABI_unwind_range_start_not_function_extent	compact_inline		.ARM.exidx	582	0x0049aff4	4763636	0x7ff371b8	0x809b8480
0x003d2b70	0x003d2b70	arm	0x003d3234		EHABI_unwind_range_start_not_function_extent	cantunwind		.ARM.exidx	583	0x0049affc	4763644	0x7ff37b74	0x00000001
0x003d3234	0x003d3234	arm	0x003d3874		EHABI_unwind_range_start_not_function_extent	compact_inline		.ARM.exidx	584	0x0049b004	4763652	0x7ff38230	0x809b8480
0x003d3874	0x003d3874	arm	0x003d40c8		EHABI_unwind_range_start_not_function_extent	cantunwind		.ARM.exidx	585	0x0049b00c	4763660	0x7ff38868	0x00000001
0x003d40c8	0x003d40c8	arm	0x003d4548		EHABI_unwind_range_start_not_function_extent	compact_inline		.ARM.exidx	586	0x0049b014	4763668	0x7ff390b4	0x809b8480
0x003d4548	0x003d4548	arm	0x003d9620		EHABI_unwind_range_start_not_function_extent	cantunwind		.ARM.exidx	587	0x0049b01c	4763676	0x7ff3952c	0x00000001
0x003d9620	0x003d9620	arm	0x003db810		EHABI_unwind_range_start_not_function_extent	compact_inline		.ARM.exidx	588	0x0049b024	4763684	0x7ff3e5fc	0x809b8480
0x003db810	0x003db810	arm	0x003e7050		EHABI_unwind_range_start_not_function_extent	cantunwind		.ARM.exidx	589	0x0049b02c	4763692	0x7ff407e4	0x00000001
0x003e7050	0x003e7050	arm	0x003eaddc		EHABI_unwind_range_start_not_function_extent	compact_inline		.ARM.exidx	590	0x0049b034	4763700	0x7ff4c01c	0x809b8480
0x003eaddc	0x003eaddc	arm	0x003efc8c		EHABI_unwind_range_start_not_function_extent	cantunwind		.ARM.exidx	591	0x0049b03c	4763708	0x7ff4fda0	0x00000001
0x003efc8c	0x003efc8c	arm	0x003f1b18		EHABI_unwind_range_start_not_function_extent	compact_inline		.ARM.exidx	592	0x0049b044	4763716	0x7ff54c48	0x809b8480
0x003f1b18	0x003f1b18	arm	0x003f359c		EHABI_unwind_range_start_not_function_extent	cantunwind		.ARM.exidx	593	0x0049b04c	4763724	0x7ff56acc	0x00000001
0x003f359c	0x003f359c	arm	0x003f3c68		EHABI_unwind_range_start_not_function_extent	compact_inline		.ARM.exidx	594	0x0049b054	4763732	0x7ff58548	0x809b8480
0x003f3c68	0x003f3c68	arm	0x003f5660		EHABI_unwind_range_start_not_function_extent	cantunwind		.ARM.exidx	595	0x0049b05c	4763740	0x7ff58c0c	0x00000001
0x003f5660	0x003f5660	arm	0x003f5818		EHABI_unwind_range_start_not_function_extent	compact_inline		.ARM.exidx	596	0x0049b064	4763748	0x7ff5a5fc	0x8003b0b0
0x003f5818	0x003f5818	arm	0x003f9134		EHABI_unwind_range_start_not_function_extent	cantunwind		.ARM.exidx	597	0x0049b06c	4763756	0x7ff5a7ac	0x00000001
0x003f9134	0x003f9134	arm	0x003f95dc		EHABI_unwind_range_start_not_function_extent	compact_inline		.ARM.exidx	598	0x0049b074	4763764	0x7ff5e0c0	0x809b8480
0x003f95dc	0x003f95dc	arm	0x003fa1e4		EHABI_unwind_range_start_not_function_extent	cantunwind		.ARM.exidx	599	0x0049b07c	4763772	0x7ff5e560	0x00000001
0x003fa1e4	0x003fa1e4	arm	0x003fa950		EHABI_unwind_range_start_not_function_extent	compact_inline		.ARM.exidx	600	0x0049b084	4763780	0x7ff5f160	0x809b8480
0x003fa950	0x003fa950	arm	0x003fbcd0		EHABI_unwind_range_start_not_function_extent	cantunwind		.ARM.exidx	601	0x0049b08c	4763788	0x7ff5f8c4	0x00000001
0x003fbcd0	0x003fbcd0	arm	0x003fc690		EHABI_unwind_range_start_not_function_extent	compact_inline		.ARM.exidx	602	0x0049b094	4763796	0x7ff60c3c	0x809b8480
0x003fc690	0x003fc690	arm	0x00400dc4		EHABI_unwind_range_start_not_function_extent	cantunwind		.ARM.exidx	603	0x0049b09c	4763804	0x7ff615f4	0x00000001
0x00400dc4	0x00400dc4	arm	0x0040190c		EHABI_unwind_range_start_not_function_extent	compact_inline		.ARM.exidx	604	0x0049b0a4	4763812	0x7ff65d20	0x809b8480
0x0040190c	0x0040190c	arm	0x00402fa0		EHABI_unwind_range_start_not_function_extent	cantunwind		.ARM.exidx	605	0x0049b0ac	4763820	0x7ff66860	0x00000001
0x00402fa0	0x00402fa0	arm	0x0040452c		EHABI_unwind_range_start_not_function_extent	compact_inline		.ARM.exidx	606	0x0049b0b4	4763828	0x7ff67eec	0x809b8480
0x0040452c	0x0040452c	arm	0x00408bbc		EHABI_unwind_range_start_not_function_extent	cantunwind		.ARM.exidx	607	0x0049b0bc	4763836	0x7ff69470	0x00000001
0x00408bbc	0x00408bbc	arm	0x0040acec		EHABI_unwind_range_start_not_function_extent	compact_inline		.ARM.exidx	608	0x0049b0c4	4763844	0x7ff6daf8	0x809b8480
0x0040acec	0x0040acec	arm	0x00410988		EHABI_unwind_range_start_not_function_extent	cantunwind		.ARM.exidx	609	0x0049b0cc	4763852	0x7ff6fc20	0x00000001
0x00410988	0x00410988	arm	0x00410a78		EHABI_unwind_range_start_not_function_extent	compact_inline		.ARM.exidx	610	0x0049b0d4	4763860	0x7ff758b4	0x8000b0b0
0x00410a78	0x00410a78	arm	0x0041c680		EHABI_unwind_range_start_not_function_extent	cantunwind		.ARM.exidx	611	0x0049b0dc	4763868	0x7ff7599c	0x00000001
0x0041c680	0x0041c680	arm	0x0041f470		EHABI_unwind_range_start_not_function_extent	compact_inline		.ARM.exidx	612	0x0049b0e4	4763876	0x7ff8159c	0x809b8480
0x0041f470	0x0041f470	arm	0x0042181c		EHABI_unwind_range_start_not_function_extent	cantunwind		.ARM.exidx	613	0x0049b0ec	4763884	0x7ff84384	0x00000001
0x0042181c	0x0042181c	arm	0x00421c14		EHABI_unwind_range_start_not_function_extent	compact_inline		.ARM.exidx	614	0x0049b0f4	4763892	0x7ff86728	0x809b8480
0x00421c14	0x00421c14	arm	0x0042feb0		EHABI_unwind_range_start_not_function_extent	cantunwind		.ARM.exidx	615	0x0049b0fc	4763900	0x7ff86b18	0x00000001
0x0042feb0	0x0042feb0	arm	0x0042ffa0		EHABI_unwind_range_start_not_function_extent	compact_inline		.ARM.exidx	616	0x0049b104	4763908	0x7ff94dac	0x8000b0b0
0x0042ffa0	0x0042ffa0	arm	0x00450fc0		EHABI_unwind_range_start_not_function_extent	cantunwind		.ARM.exidx	617	0x0049b10c	4763916	0x7ff94e94	0x00000001
0x00450fc0	0x00450fc0	arm	0x004513f0		EHABI_unwind_range_start_not_function_extent	compact_inline		.ARM.exidx	618	0x0049b114	4763924	0x7ffb5eac	0x809b8480
0x004513f0	0x004513f0	arm	0x00451c50		EHABI_unwind_range_start_not_function_extent	cantunwind		.ARM.exidx	619	0x0049b11c	4763932	0x7ffb62d4	0x00000001
0x00451c50	0x00451c50	arm	0x00451d5c		EHABI_unwind_range_start_not_function_extent	compact_inline		.ARM.exidx	620	0x0049b124	4763940	0x7ffb6b2c	0x8001b0b0
0x00451d5c	0x00451d5c	arm	0x0046ca34		EHABI_unwind_range_start_not_function_extent	cantunwind		.ARM.exidx	621	0x0049b12c	4763948	0x7ffb6c30	0x00000001
0x0046ca34	0x0046ca34	arm	0x0046ccc4		EHABI_unwind_range_start_not_function_extent	compact_inline		.ARM.exidx	622	0x0049b134	4763956	0x7ffd1900	0x80aeb0b0
0x0046ccc4	0x0046ccc4	arm	0x0046cda4		EHABI_unwind_range_start_not_function_extent	compact_inline		.ARM.exidx	623	0x0049b13c	4763964	0x7ffd1b88	0x80848fb0
0x0046cda4	0x0046cda4	arm	0x0046ce50		EHABI_unwind_range_start_not_function_extent	compact_inline		.ARM.exidx	624	0x0049b144	4763972	0x7ffd1c60	0x80a8b0b0
0x0046ce50	0x0046ce50	arm	0x0046ce84		EHABI_unwind_range_start_not_function_extent	compact_inline		.ARM.exidx	625	0x0049b14c	4763980	0x7ffd1d04	0x80b0b0b0
0x0046ce84	0x0046ce84	arm	0x0046cf48		EHABI_unwind_range_start_not_function_extent	compact_inline		.ARM.exidx	626	0x0049b154	4763988	0x7ffd1d30	0x808483b0
0x0046cf48	0x0046cf48	arm	0x0046cfe0		EHABI_unwind_range_start_not_function_extent	compact_inline		.ARM.exidx	627	0x0049b15c	4763996	0x7ffd1dec	0x808480b0
0x0046cfe0	0x0046cfe0	arm	0x0046d064		EHABI_unwind_range_start_not_function_extent	compact_inline		.ARM.exidx	628	0x0049b164	4764004	0x7ffd1e7c	0x8005848f
0x0046d064	0x0046d064	arm	0x0046d0ac		EHABI_unwind_range_start_not_function_extent	compact_inline		.ARM.exidx	629	0x0049b16c	4764012	0x7ffd1ef8	0x80058483
0x0046d0ac	0x0046d0ac	arm	0x0046d17c		EHABI_unwind_range_start_not_function_extent	compact_inline		.ARM.exidx	630	0x0049b174	4764020	0x7ffd1f38	0x80aab0b0
0x0046d17c	0x0046d17c	arm	0x0046d27c		EHABI_unwind_range_start_not_function_extent	cantunwind		.ARM.exidx	631	0x0049b17c	4764028	0x7ffd2000	0x00000001
0x0046d27c	0x0046d27c	arm	0x0046d388		EHABI_unwind_range_start_not_function_extent	compact_inline		.ARM.exidx	632	0x0049b184	4764036	0x7ffd20f8	0x8002a9b0
0x0046d388	0x0046d388	arm	0x0046d3f4		EHABI_unwind_range_start_not_function_extent	compact_inline		.ARM.exidx	633	0x0049b18c	4764044	0x7ffd21fc	0x80a8b0b0
0x0046d3f4	0x0046d3f4	arm	0x0046d414		EHABI_unwind_range_start_not_function_extent	cantunwind		.ARM.exidx	634	0x0049b194	4764052	0x7ffd2260	0x00000001
0x0046d414	0x0046d414	arm	0x0046d478		EHABI_unwind_range_start_not_function_extent	compact_inline		.ARM.exidx	635	0x0049b19c	4764060	0x7ffd2278	0x80aab0b0
0x0046d478	0x0046d478	arm	0x0046d594		EHABI_unwind_range_start_not_function_extent	compact_inline		.ARM.exidx	636	0x0049b1a4	4764068	0x7ffd22d4	0x80b272af
0x0046d594	0x0046d594	arm	0x0046d59c		EHABI_unwind_range_start_not_function_extent	cantunwind		.ARM.exidx	637	0x0049b1ac	4764076	0x7ffd23e8	0x00000001
0x0046d59c	0x0046d59c	arm	0x0046d640		EHABI_unwind_range_start_not_function_extent	compact_inline		.ARM.exidx	638	0x0049b1b4	4764084	0x7ffd23e8	0x80383fab
0x0046d640	0x0046d640	arm	0x0046d65c		EHABI_unwind_range_start_not_function_extent	cantunwind		.ARM.exidx	639	0x0049b1bc	4764092	0x7ffd2484	0x00000001
0x0046d65c	0x0046d65c	arm	0x0046d6cc		EHABI_unwind_range_start_not_function_extent	compact_inline		.ARM.exidx	640	0x0049b1c4	4764100	0x7ffd2498	0x80aab0b0
0x0046d6cc	0x0046d6cc	arm	0x0046d7f8		EHABI_unwind_range_start_not_function_extent	cantunwind		.ARM.exidx	641	0x0049b1cc	4764108	0x7ffd2500	0x00000001
0x0046d7f8	0x0046d7f8	arm	0x0046d8c0		EHABI_unwind_range_start_not_function_extent	compact_inline		.ARM.exidx	642	0x0049b1d4	4764116	0x7ffd2624	0x80b20dac
0x0046d8c0	0x0046d8c0	arm	0x0046dc60		EHABI_unwind_range_start_not_function_extent	compact_inline		.ARM.exidx	643	0x0049b1dc	4764124	0x7ffd26e4	0x8008afb0
0x0046dc60	0x0046dc60	arm	0x0046dc78		EHABI_unwind_range_start_not_function_extent	cantunwind		.ARM.exidx	644	0x0049b1e4	4764132	0x7ffd2a7c	0x00000001
0x0046dc78	0x0046dc78	arm	0x0046dfac		EHABI_unwind_range_start_not_function_extent	compact_inline		.ARM.exidx	645	0x0049b1ec	4764140	0x7ffd2a8c	0x80013fac
0x0046dfac	0x0046dfac	arm	0x0046e1b8		EHABI_unwind_range_start_not_function_extent	cantunwind		.ARM.exidx	646	0x0049b1f4	4764148	0x7ffd2db8	0x00000001
0x0046e1b8	0x0046e1b8	arm	0x0046e1e0		EHABI_unwind_range_start_not_function_extent	compact_inline		.ARM.exidx	647	0x0049b1fc	4764156	0x7ffd2fbc	0x80048400
0x0046e1e0	0x0046e1e0	arm	0x0046e1e4		EHABI_unwind_range_start_not_function_extent	cantunwind		.ARM.exidx	648	0x0049b204	4764164	0x7ffd2fdc	0x00000001
0x0046e1e4	0x0046e1e4	arm	0x0046e558		EHABI_unwind_range_start_not_function_extent	compact_inline		.ARM.exidx	649	0x0049b20c	4764172	0x7ffd2fd8	0x8004adb0
0x0046e558	0x0046e558	arm	0x0046e59c		EHABI_unwind_range_start_not_function_extent	compact_inline		.ARM.exidx	650	0x0049b214	4764180	0x7ffd3344	0x80048400
0x0046e59c	0x0046e59c	arm	0x0046e5c8		EHABI_unwind_range_start_not_function_extent	compact_inline		.ARM.exidx	651	0x0049b21c	4764188	0x7ffd3380	0x80a8b0b0
0x0046e5c8	0x0046e5c8	arm			EHABI_unwind_range_start_not_function_extent	cantunwind		.ARM.exidx	652	0x0049b224	4764196	0x7ffd33a4	0x00000001
